<?xml version="1.0" encoding="UTF-8"?>
<window>
	<defaultcontrol>10</defaultcontrol>
	<controls>
		<!--all content-->
		<control type="group">
			<centerleft>50%</centerleft>
			<centertop>50%</centertop>
			<width>1390</width>
			<height>783</height>
			<animation effect="slide" start="2015,0" end="0,0" time="400" tween="quadratic" easing="out">WindowOpen</animation>
			<animation effect="slide" start="0,0" end="2015,0" time="400" tween="quadratic" easing="out">WindowClose</animation>
			<animation effect="slide" start="0,0" end="-125,0" time="300" condition="Window.IsActive(ShutdownMenu) + !String.IsEqual(Skin.AspectRatio,21:9)">Conditional</animation>
			<!--title bars and backgrounds-->
			<include content="DynamicDialogBackground">
				<param name="dialog-width" value="1390" />
				<param name="dialog-height" value="783" />
				<param name="glow-width" value="1470" />
				<param name="glow-height" value="863" />
			</include>
			<!--close window button-->
			<control type="button">
				<left>5</left>
				<top>0</top>
				<width>50</width>
				<height>25</height>
				<label>-</label>
				<font>-</font>
				<onclick>PreviousMenu</onclick>
				<texturefocus>DialogCloseButton-focus.png</texturefocus>
				<texturenofocus>DialogCloseButton.png</texturenofocus>
				<onleft>10</onleft>
				<onright>10</onright>
				<onup>10</onup>
				<ondown>10</ondown>
				<visible>system.getbool(input.enablemouse)</visible>
			</control>
			<!--title-->
			<control type="label" id="2">
				<left>45</left>
				<top>25</top>
				<width>1300</width>
				<height>60</height>
				<font>info.title</font>
				<align>left</align>
				<aligny>center</aligny>
				<textcolor>white</textcolor>
			</control>
			<control type="label" id="4">
				<description>List Label</description>
				<left>45</left>
				<top>110</top>
				<width>1220</width>
				<height>70</height>
				<font>font20</font>
				<align>left</align>
				<aligny>center</aligny>
			</control>
			<control type="list" id="10">
				<left>45</left>
				<top>180</top>
				<width>788</width>
				<height>560</height>
				<pagecontrol>60</pagecontrol>
				<scrolltime>200</scrolltime>
				<onup>10</onup>
				<onleft>9001</onleft>
				<onright>60</onright>
				<ondown>10</ondown>
				<itemlayout height="70">
					<!--label-->
					<control type="label">
						<left>15</left>
						<top>0</top>
						<width>735</width>
						<height>60</height>
						<font>label</font>
						<align>left</align>
						<aligny>center</aligny>
						<textcolor>text.primary</textcolor>
						<selectedcolor>$VAR[Colour.500]</selectedcolor>
						<info>ListItem.Label</info>
					</control>
				</itemlayout>
				<focusedlayout height="70">
					<!--background (no focus)-->
					<control type="image">
						<left>0</left>
						<top>0</top>
						<width>850</width>
						<height>60</height>
						<texture colordiffuse="$VAR[Colour.500]">backgrounds/white.png</texture>
						<animation effect="fade" start="100" end="50" time="200" condition="!Control.HasFocus(10)">Conditional</animation>
					</control>
					<!--label-->
					<control type="label">
						<left>15</left>
						<top>0</top>
						<width>735</width>
						<height>60</height>
						<font>label</font>
						<align>left</align>
						<aligny>center</aligny>
						<textcolor>white</textcolor>
						<selectedcolor>$VAR[Colour.Alt]</selectedcolor>
						<info>ListItem.Label</info>
					</control>
				</focusedlayout>
			</control>
			<!--scrollbar-->
			<control type="scrollbar" id="60">
				<left>843</left>
				<top>180</top>
				<height>550</height>
				<orientation>vertical</orientation>
				<texturesliderbackground colordiffuse="scroll.secondary">backgrounds/white.png</texturesliderbackground>
				<texturesliderbar colordiffuse="secondary">backgrounds/white.png</texturesliderbar>
				<onleft>10</onleft>
				<onright>9001</onright>
			</control>
			<control type="label">
				<description>number of files/pages in list text label</description>
				<left>635</left>
				<top>742</top>
				<width>745</width>
				<height>30</height>
				<font>secondary.info.small</font>
				<align>right</align>
				<aligny>center</aligny>
				<scroll>true</scroll>
				<label>([COLOR=$VAR[Colour.500]]$INFO[Container(10).NumItems][/COLOR]) $LOCALIZE[31025] - $LOCALIZE[31024] ([COLOR=$VAR[Colour.500]]$INFO[Container(10).CurrentPage]/$INFO[Container(10).NumPages][/COLOR])</label>
			</control>
			<control type="grouplist" id="9001">
				<left>1120</left>
				<top>180</top>
				<height>560</height>
				<onup>9001</onup>
				<ondown>9001</ondown>
				<onleft>60</onleft>
				<onright>10</onright>
				<itemgap>5</itemgap>
				<!--add button-->
				<include content="AnimatedCircleButtonGroup">
					<param name="button-id" value="13" />
					<param name="button-width" value="160" />
					<param name="button-texture" value="addbutton" />
					<param name="button-label" value="15019" />
					<param name="button-onup" value="19" />
					<param name="button-ondown" value="14" />
					<param name="button-onleft" value="60" />
					<param name="button-onright" value="10" />
				</include>
				<!--remove button-->
				<include content="AnimatedCircleButtonGroup">
					<param name="button-id" value="14" />
					<param name="button-width" value="160" />
					<param name="button-texture" value="nobutton" />
					<param name="button-label" value="15015" />
					<param name="button-onup" value="13" />
					<param name="button-ondown" value="11" />
					<param name="button-onleft" value="60" />
					<param name="button-onright" value="10" />
				</include>
				<!--change set button-->
				<include content="AnimatedCircleButtonGroup">
					<param name="button-id" value="11" />
					<param name="button-width" value="160" />
					<param name="button-texture" value="browsebutton" />
					<param name="button-onup" value="14" />
					<param name="button-ondown" value="18" />
					<param name="button-onleft" value="60" />
					<param name="button-onright" value="10" />
				</include>
				<!--ok button-->
				<include content="AnimatedCircleButtonGroup">
					<param name="button-id" value="18" />
					<param name="button-width" value="160" />
					<param name="button-texture" value="yesbutton" />
					<param name="button-label" value="186" />
					<param name="button-onup" value="11" />
					<param name="button-ondown" value="19" />
					<param name="button-onleft" value="60" />
					<param name="button-onright" value="10" />
				</include>
				<!--cancel button-->
				<include content="AnimatedCircleButtonGroup">
					<param name="button-id" value="19" />
					<param name="button-width" value="160" />
					<param name="button-texture" value="nobutton" />
					<param name="button-label" value="222" />
					<param name="button-onup" value="18" />
					<param name="button-ondown" value="13" />
					<param name="button-onleft" value="60" />
					<param name="button-onright" value="10" />
				</include>
			</control>
		</control>
	</controls>
</window>
