<?xml version="1.0" encoding="UTF-8"?>
<window>
	<defaultcontrol>3</defaultcontrol>
	<controls>
		<!--all content-->
		<control type="group">
			<centerleft>50%</centerleft>
			<width>1210</width>
			<animation effect="slide" start="1925,0" end="0,0" time="400" tween="quadratic" easing="out">WindowOpen</animation>
			<animation effect="slide" start="0,0" end="-1925,0" time="400" tween="quadratic" easing="out">WindowClose</animation>
			<animation effect="slide" start="0,0" end="-35,0" time="300" condition="Window.IsActive(ShutdownMenu) + !String.IsEqual(Skin.AspectRatio,21:9)">Conditional</animation>
			<!--title bars and backgrounds-->
			<include content="DynamicDialogBackground">
				<param name="dialog-width" value="1210" />
				<param name="glow-width" value="1290" />
				<param name="buttonbar-visible" value="true" />
			</include>
			<!--close window button-->
			<control type="button">
				<left>5</left>
				<top>0</top>
				<width>50</width>
				<height>25</height>
				<label>-</label>
				<font>-</font>
				<onclick>PreviousMenu</onclick>
				<texturefocus>DialogCloseButton-focus.png</texturefocus>
				<texturenofocus>DialogCloseButton.png</texturenofocus>
				<onleft>3</onleft>
				<onright>3</onright>
				<onup>3</onup>
				<ondown>3</ondown>
				<visible>system.getbool(input.enablemouse)</visible>
			</control>
			<!--main content-->
			<control type="group">
				<!--title-->
				<control type="label" id="2">
					<left>45</left>
					<top>25</top>
					<width>1545</width>
					<height>60</height>
					<font>info.title</font>
					<align>left</align>
					<aligny>center</aligny>
					<textcolor>white</textcolor>
					<label>$LOCALIZE[35058]</label>
				</control>
				<control type="gamecontroller" id="31">
					<centerleft>50%</centerleft>
					<top>175</top>
					<width>547</width>
					<height>343</height>
				</control>
				<!--title background-->
				<control type="image">
					<left>0</left>
					<top>580</top>
					<width>1210</width>
					<height>75</height>
					<texture background="true" colordiffuse="$VAR[Colour.900]">backgrounds/white.png</texture>
				</control>
				<!--title shadow-->
				<control type="image">
					<left>0</left>
					<top>580</top>
					<width>1210</width>
					<height>20</height>
					<texture>homeshadow.png</texture>
					<animation effect="fade" start="100" end="75" time="0" condition="true">Conditional</animation>
				</control>
				<!--sub title shadow-->
				<control type="image">
					<left>0</left>
					<top>655</top>
					<width>1210</width>
					<height>10</height>
					<texture>homeshadow.png</texture>
					<animation effect="fade" start="100" end="75" time="0" condition="true">Conditional</animation>
				</control>
				<!--name title-->
				<control type="label">
					<left>45</left>
					<top>585</top>
					<width>1545</width>
					<height>60</height>
					<font>breadcrumb</font>
					<align>left</align>
					<aligny>center</aligny>
					<textcolor>white</textcolor>
					<label>35050</label>
				</control>
				<!--Controller types grouplist-->
				<control type="grouplist" id="3">
					<left>55</left>
					<top>682</top>
					<width>1110</width>
					<height>65</height>
					<pagecontrol>30</pagecontrol>
					<scrolltime>200</scrolltime>
					<orientation>horizontal</orientation>
					<onup>9001</onup>
					<onleft>3</onleft>
					<onright>3</onright>
					<ondown>30</ondown>
				</control>
				<!--scrollbar-->
				<control type="scrollbar" id="30">
					<left>55</left>
					<top>760</top>
					<width>1110</width>
					<height>7</height>
					<orientation>horizontal</orientation>
					<showonepage>true</showonepage>
					<texturesliderbackground colordiffuse="scroll.secondary">backgrounds/white.png</texturesliderbackground>
					<texturesliderbar colordiffuse="secondary">backgrounds/white.png</texturesliderbar>
					<onup>3</onup>
					<ondown>5</ondown>
				</control>
				<!--button-->
				<control type="button" id="10">
					<width>330</width>
					<align>center</align>
					<aligny>center</aligny>
				</control>
				<!--title background-->
				<control type="image">
					<left>0</left>
					<top>790</top>
					<width>1210</width>
					<height>75</height>
					<texture background="true" colordiffuse="$VAR[Colour.900]">backgrounds/white.png</texture>
				</control>
				<!--title shadow-->
				<control type="image">
					<left>0</left>
					<top>790</top>
					<width>1210</width>
					<height>20</height>
					<texture>homeshadow.png</texture>
					<animation effect="fade" start="100" end="75" time="0" condition="true">Conditional</animation>
				</control>
				<!--sub title shadow-->
				<control type="image">
					<left>0</left>
					<top>865</top>
					<width>1210</width>
					<height>10</height>
					<texture>homeshadow.png</texture>
					<animation effect="fade" start="100" end="75" time="0" condition="true">Conditional</animation>
				</control>
				<!--name title-->
				<control type="label">
					<left>45</left>
					<top>795</top>
					<width>1545</width>
					<height>60</height>
					<font>breadcrumb</font>
					<align>left</align>
					<aligny>center</aligny>
					<textcolor>white</textcolor>
					<label>35059</label>
				</control>
				<!--Feature types grouplist-->
				<control type="grouplist" id="5">
					<left>50</left>
					<top>892</top>
					<width>1110</width>
					<height>65</height>
					<pagecontrol>50</pagecontrol>
					<scrolltime>200</scrolltime>
					<orientation>horizontal</orientation>
					<onup>30</onup>
					<onleft>5</onleft>
					<onright>5</onright>
					<ondown>50</ondown>
				</control>
				<!--scrollbar-->
				<control type="scrollbar" id="50">
					<left>50</left>
					<top>970</top>
					<width>1110</width>
					<height>7</height>
					<orientation>horizontal</orientation>
					<showonepage>true</showonepage>
					<texturesliderbackground colordiffuse="scroll.secondary">backgrounds/white.png</texturesliderbackground>
					<texturesliderbar colordiffuse="secondary">backgrounds/white.png</texturesliderbar>
					<onup>5</onup>
					<ondown>9001</ondown>
				</control>
				<!--button-->
				<control type="button" id="7">
					<width>auto</width>
					<align>center</align>
					<aligny>center</aligny>
				</control>
				<!--label-->
				<control type="label" id="8">
					<width>auto</width>
					<height>60</height>
					<font>button.bold</font>
					<textcolor>$VAR[Colour.500]</textcolor>
					<aligny>center</aligny>
				</control>
				<!--separator-->
				<control type="image" id="9">
					<height>0</height>
					<texture>-</texture>
					<visible>false</visible>
				</control>
				<!--bottom buttons-->
				<control type="grouplist" id="9001">
					<centerleft>50%</centerleft>
					<top>65r</top>
					<width>750</width>
					<height>60</height>
					<align>justify</align>
					<orientation>horizontal</orientation>
					<onleft>9001</onleft>
					<onright>9001</onright>
					<onup>50</onup>
					<ondown>3</ondown>
					<!--ok button-->
					<include content="AnimatedCircleButtonGroup">
						<param name="button-id" value="18" />
						<param name="button-width" value="130" />
						<param name="button-texture" value="yesbutton" />
						<param name="button-label" value="186" />
						<param name="button-onup" value="50" />
						<param name="button-ondown" value="3" />
						<param name="button-onleft" value="17" />
						<param name="button-onright" value="19" />
					</include>
					<!--reset button-->
					<include content="AnimatedCircleButtonGroup">
						<param name="button-id" value="19" />
						<param name="button-width" value="160" />
						<param name="button-texture" value="refreshbutton" />
						<param name="button-label" value="10035" />
						<param name="button-onup" value="50" />
						<param name="button-ondown" value="3" />
						<param name="button-onleft" value="18" />
						<param name="button-onright" value="20" />
					</include>
					<!--add more button-->
					<include content="AnimatedCircleButtonGroup">
						<param name="button-id" value="20" />
						<param name="button-width" value="160" />
						<param name="button-texture" value="addbutton" />
						<param name="button-label" value="21452" />
						<param name="button-onup" value="50" />
						<param name="button-ondown" value="3" />
						<param name="button-onleft" value="19" />
						<param name="button-onright" value="17" />
					</include>
					<!--help button-->
					<include content="AnimatedCircleButtonGroup">
						<param name="button-id" value="17" />
						<param name="button-width" value="160" />
						<param name="button-texture" value="settingsbutton" />
						<param name="button-label" value="10043" />
						<param name="button-onup" value="50" />
						<param name="button-ondown" value="3" />
						<param name="button-onleft" value="20" />
						<param name="button-onright" value="18" />
					</include>
				</control>
			</control>
		</control>
	</controls>
</window>