<?xml version="1.0" encoding="UTF-8"?>
<window>
	<defaultcontrol always="true">52</defaultcontrol>
	<controls>
		<include>CommonBackground</include>
		<include>Clock</include>
		<control type="image">
			<description>LOGO</description>
			<left>0</left>
			<top>8</top>
			<width>255</width>
			<height>150</height>
			<aspectratio aligny="top" align="left">keep</aspectratio>
			<texture>kodi-logo.png</texture>
			<include>Window_OpenClose_Animation</include>
		</control>
		<!--all content-->
		<control type="group">
			<centerleft>50%</centerleft>
			<width>830</width>
			<animation effect="slide" start="1735,0" end="0,0" time="400" tween="quadratic" easing="out">WindowOpen</animation>
			<animation effect="slide" start="0,0" end="-1735,0" time="400" tween="quadratic" easing="out">WindowClose</animation>
			<!--title bars and backgrounds-->
			<include content="DynamicDialogBackground">
				<param name="dialog-width" value="830" />
				<param name="glow-width" value="910" />
				<param name="title-height" value="150" />
			</include>
			<control type="label">
				<left>15</left>
				<top>25</top>
				<width>800</width>
				<height>100</height>
				<font>info.title</font>
				<textcolor>white</textcolor>
				<align>center</align>
				<aligny>center</aligny>
				<label>$LOCALIZE[31421]</label>
			</control>
			<control type="list" id="52">
				<left>20</left>
				<top>170</top>
				<bottom>160</bottom>
				<width>790</width>
				<onleft>20</onleft>
				<onright>20</onright>
				<onup>52</onup>
				<ondown>52</ondown>
				<viewtype label="535">list</viewtype>
				<pagecontrol>60</pagecontrol>
				<scrolltime>200</scrolltime>
				<itemlayout height="150" width="790">
					<control type="image">
						<left>15</left>
						<top>15</top>
						<width>120</width>
						<height>112</height>
						<texture>$INFO[Listitem.Icon]</texture>
						<visible>!String.IsEqual(Listitem.Icon,"DefaultUser.png")</visible>
					</control>
					<control type="image">
						<left>15</left>
						<top>15</top>
						<width>120</width>
						<height>112</height>
						<texture colordiffuse="text.primary">DefaultUser.png</texture>
						<visible>String.IsEqual(Listitem.Icon,"DefaultUser.png")</visible>
					</control>
					<control type="label">
						<left>165</left>
						<top>15</top>
						<width>605</width>
						<height>60</height>
						<font>font24_title</font>
						<selectedcolor>selected</selectedcolor>
						<align>left</align>
						<aligny>center</aligny>
						<label>$INFO[ListItem.Label]</label>
					</control>
					<control type="label">
						<left>165</left>
						<top>75</top>
						<width>605</width>
						<height>38</height>
						<font>label</font>
						<selectedcolor>selected</selectedcolor>
						<align>left</align>
						<aligny>center</aligny>
						<label>$INFO[ListItem.Label2]</label>
					</control>
				</itemlayout>
				<focusedlayout height="150" width="790">
					<control type="image">
						<left>0</left>
						<top>0</top>
						<width>1035</width>
						<height>145</height>
						<texture colordiffuse="$VAR[Colour.500]">backgrounds/white.png</texture>
						<animation effect="fade" start="100" end="50" time="200" condition="!Control.HasFocus(52)">Conditional</animation>
					</control>
					<control type="image">
						<left>15</left>
						<top>15</top>
						<width>120</width>
						<height>112</height>
						<texture>$INFO[ListItem.Icon]</texture>
					</control>
					<control type="label">
						<left>165</left>
						<top>15</top>
						<width>605</width>
						<height>60</height>
						<font>font24_title</font>
						<textcolor>white</textcolor>
						<selectedcolor>selected</selectedcolor>
						<align>left</align>
						<aligny>center</aligny>
						<label>$INFO[ListItem.Label]</label>
					</control>
					<control type="label">
						<left>165</left>
						<top>75</top>
						<width>605</width>
						<height>38</height>
						<font>label</font>
						<textcolor>white</textcolor>
						<selectedcolor>selected</selectedcolor>
						<align>left</align>
						<aligny>center</aligny>
						<label>$INFO[ListItem.Label2]</label>
					</control>
				</focusedlayout>
			</control>
			<control type="image">
				<description>LOGO</description>
				<centerleft>50%</centerleft>
				<bottom>20</bottom>
				<width>330</width>
				<height>120</height>
				<aspectratio>keep</aspectratio>
				<texture>Unity_Logo.png</texture>
			</control>
		</control>
	</controls>
</window>