<?xml version="1.0" encoding="UTF-8"?>
<includes>
	<include name="PictureWrapView">
		<control type="group">
			<visible>Control.IsVisible(510)</visible>
			<include>VisibleFadeEffect</include>
			<animation effect="slide" start="0,0" end="0,-50" time="0" condition="Player.HasMedia + String.IsEmpty(Window(Videos).Property(PlayingBackgroundMedia))">Conditional</animation>
			<centerleft>50%</centerleft>
			<top>420r</top>
			<width>1750</width>
			<control type="wraplist" id="510">
				<left>10</left>
				<top>8</top>
				<width>1750</width>
				<height>375</height>
				<onleft>510</onleft>
				<onright>510</onright>
				<onup>2</onup>
				<ondown>60</ondown>
				<viewtype label="31032">wrap</viewtype>
				<pagecontrol>60</pagecontrol>
				<scrolltime>200</scrolltime>
				<focusposition>3</focusposition>
				<orientation>horizontal</orientation>
				<preloaditems>4</preloaditems>
				<itemlayout height="300" width="250">
					<!--background (fallback)-->
					<control type="image">
						<width>233</width>
						<height>233</height>
						<texture background="true" colordiffuse="tertiary">backgrounds/white.png</texture>
						<bordersize>5</bordersize>
						<bordertexture colordiffuse="$VAR[Colour.500]">backgrounds/square shadow small.png</bordertexture>
						<visible>String.Contains(ListItem.Icon,Default)</visible>
					</control>
					<!--background (no fallback)-->
					<control type="image">
						<width>233</width>
						<height>233</height>
						<texture background="true" colordiffuse="button.nf">backgrounds/white.png</texture>
						<bordersize>5</bordersize>
						<bordertexture colordiffuse="$VAR[Colour.500]">backgrounds/square shadow small.png</bordertexture>
						<visible>!String.Contains(ListItem.Icon,Default)</visible>
					</control>
					<!--icon (fallback)-->
					<control type="image">
						<left>5</left>
						<top>5</top>
						<width>223</width>
						<height>223</height>
						<aspectratio>scale</aspectratio>
						<texture colordiffuse="$VAR[Colour.500]" background="true">$INFO[Listitem.Icon]</texture>
						<visible>String.Contains(ListItem.Icon,Default)</visible>
					</control>
					<!--icon (no fallback)-->
					<control type="image">
						<left>5</left>
						<top>5</top>
						<width>223</width>
						<height>223</height>
						<aspectratio>scale</aspectratio>
						<texture background="true">$INFO[Listitem.Icon]</texture>
						<visible>!String.Contains(ListItem.Icon,Default)</visible>
					</control>
				</itemlayout>
				<focusedlayout height="300" width="250">
					<!--background (fallback)-->
					<control type="image">
						<left>0</left>
						<top>0</top>
						<width>233</width>
						<height>233</height>
						<texture background="true" colordiffuse="tertiary2">backgrounds/white.png</texture>
						<bordersize>5</bordersize>
						<bordertexture colordiffuse="$VAR[Colour.500]">backgrounds/white.png</bordertexture>
						<visible>String.Contains(ListItem.Icon,Default)</visible>
					</control>
					<!--background (no fallback)-->
					<control type="image">
						<left>0</left>
						<top>0</top>
						<width>233</width>
						<height>233</height>
						<texture background="true" colordiffuse="button.nf">backgrounds/white.png</texture>
						<bordersize>5</bordersize>
						<bordertexture colordiffuse="$VAR[Colour.500]">backgrounds/white.png</bordertexture>
						<visible>!String.Contains(ListItem.Icon,Default)</visible>
					</control>
					<!--icon (fallback)-->
					<control type="image">
						<left>5</left>
						<top>5</top>
						<width>223</width>
						<height>223</height>
						<aspectratio>scale</aspectratio>
						<texture colordiffuse="$VAR[Colour.500]" background="true">$INFO[Listitem.Icon]</texture>
						<visible>String.Contains(ListItem.Icon,Default)</visible>
					</control>
					<!--icon (no fallback)-->
					<control type="image">
						<left>5</left>
						<top>5</top>
						<width>223</width>
						<height>223</height>
						<aspectratio>scale</aspectratio>
						<texture background="true">$INFO[Listitem.Icon]</texture>
						<visible>!String.Contains(ListItem.Icon,Default)</visible>
					</control>
					<!--label background-->
					<control type="image">
						<left>5</left>
						<top>148</top>
						<width>197</width>
						<height>80</height>
						<texture colordiffuse="tertiary">backgrounds/white.png</texture>
					</control>
					<!--main label-->
					<control type="textbox">
						<left>20</left>
						<top>155</top>
						<width>167</width>
						<height>63</height>
						<font>secondary.info.big</font>
						<textcolor>text.primary</textcolor>
						<selectedcolor>$VAR[Colour.500]</selectedcolor>
						<align>left</align>
						<label>$INFO[ListItem.Label]</label>
						<autoscroll time="2000" delay="2000" repeat="2000" />
					</control>
				</focusedlayout>
			</control>
			<control type="scrollbar" id="60">
				<left>15</left>
				<top>250</top>
				<width>1724</width>
				<height>7</height>
				<onup>510</onup>
				<ondown>2</ondown>
				<showonepage>false</showonepage>
				<orientation>horizontal</orientation>
				<visible>Control.IsVisible(510)</visible>
			</control>
		</control>
	</include>
	<include name="PictureThumbView">
		<!--all content-->
		<control type="group">
			<visible>Control.IsVisible(514)</visible>
			<include condition="String.IsEqual(Skin.AspectRatio,4:3)">TallListContainer</include>
			<include condition="!String.IsEqual(Skin.AspectRatio,4:3)">ShortListContainer</include>
			<centerleft>50%</centerleft>
			<width>1705</width>
			<!--content list-->
			<control type="panel" id="514">
				<include condition="String.IsEqual(Skin.AspectRatio,4:3)">TallListContainer</include>
				<include condition="!String.IsEqual(Skin.AspectRatio,4:3)">ShortListContainer</include>
				<width>700</width>
				<onleft>2</onleft>
				<onright>60</onright>
				<onup>514</onup>
				<ondown>514</ondown>
				<viewtype label="$LOCALIZE[31031]">list</viewtype>
				<pagecontrol>60</pagecontrol>
				<scrolltime>200</scrolltime>
				<preloaditems>2</preloaditems>
				<itemlayout height="233" width="233">
					<!--background (fallback)-->
					<control type="image">
						<left>0</left>
						<top>0</top>
						<width>233</width>
						<height>233</height>
						<texture background="true" colordiffuse="tertiary">backgrounds/white.png</texture>
						<bordersize>5</bordersize>
						<bordertexture colordiffuse="$VAR[Colour.500]">backgrounds/square shadow small.png</bordertexture>
						<visible>String.Contains(ListItem.Icon,Default)</visible>
					</control>
					<!--background (no fallback)-->
					<control type="image">
						<left>0</left>
						<top>0</top>
						<width>233</width>
						<height>233</height>
						<texture background="true" colordiffuse="button.nf">backgrounds/white.png</texture>
						<bordersize>5</bordersize>
						<bordertexture colordiffuse="$VAR[Colour.500]">backgrounds/square shadow small.png</bordertexture>
						<visible>!String.Contains(ListItem.Icon,Default)</visible>
					</control>
					<!--icon (fallback)-->
					<control type="image">
						<left>5</left>
						<top>5</top>
						<width>223</width>
						<height>223</height>
						<texture colordiffuse="$VAR[Colour.500]" background="true">$INFO[Listitem.Icon]</texture>
						<visible>String.Contains(ListItem.Icon,Default)</visible>
					</control>
					<!--icon (no fallback)-->
					<control type="image">
						<left>5</left>
						<top>5</top>
						<width>223</width>
						<height>223</height>
						<aspectratio>keep</aspectratio>
						<texture background="true">$INFO[Listitem.Icon]</texture>
						<visible>!String.Contains(ListItem.Icon,Default)</visible>
					</control>
				</itemlayout>
				<focusedlayout height="233" width="233">
					<!--background (fallback)-->
					<control type="image">
						<left>0</left>
						<top>0</top>
						<width>233</width>
						<height>233</height>
						<texture background="true" colordiffuse="tertiary2">backgrounds/white.png</texture>
						<bordersize>5</bordersize>
						<bordertexture colordiffuse="$VAR[Colour.500]">backgrounds/white.png</bordertexture>
						<visible>String.Contains(ListItem.Icon,Default)</visible>
					</control>
					<!--background (no fallback)-->
					<control type="image">
						<left>0</left>
						<top>0</top>
						<width>233</width>
						<height>233</height>
						<texture background="true" colordiffuse="button.nf">backgrounds/white.png</texture>
						<bordersize>5</bordersize>
						<bordertexture colordiffuse="$VAR[Colour.500]">backgrounds/white.png</bordertexture>
						<visible>!String.Contains(ListItem.Icon,Default)</visible>
					</control>
					<!--icon (fallback)-->
					<control type="image">
						<left>5</left>
						<top>5</top>
						<width>223</width>
						<height>223</height>
						<texture colordiffuse="$VAR[Colour.500]" background="true">$INFO[Listitem.Icon]</texture>
						<visible>String.Contains(ListItem.Icon,Default)</visible>
					</control>
					<!--icon (no fallback)-->
					<control type="image">
						<left>5</left>
						<top>5</top>
						<width>223</width>
						<height>223</height>
						<aspectratio>keep</aspectratio>
						<texture background="true">$INFO[Listitem.Icon]</texture>
						<visible>!String.Contains(ListItem.Icon,Default)</visible>
					</control>
				</focusedlayout>
			</control>
			<!--scrollbar-->
			<control type="scrollbar" id="60">
				<left>705</left>
				<top>5</top>
				<bottom>5</bottom>
				<onleft>514</onleft>
				<onright>514</onright>
				<orientation>vertical</orientation>
				<visible>Control.IsVisible(514)</visible>
			</control>
			<!--picture info-->
			<control type="group">
				<left>722</left>
				<centertop>50%</centertop>
				<height>690</height>
				<!--background-->
				<control type="image">
					<left>0</left>
					<top>0</top>
					<width>920</width>
					<height>540</height>
					<texture background="true" colordiffuse="button.nf">backgrounds/white.png</texture>
				</control>
				<!--picture-->
				<control type="image">
					<left>0</left>
					<top>0</top>
					<width>920</width>
					<height>540</height>
					<texture background="true">$INFO[ListItem.FilenameAndPath]</texture>
					<fadetime>600</fadetime>
					<aspectratio>keep</aspectratio>
				</control>
				<!--info strip background-->
				<control type="image">
					<left>0</left>
					<top>540</top>
					<width>920</width>
					<height>60</height>
					<texture background="true" colordiffuse="$VAR[Colour.500]">backgrounds/white.png</texture>
				</control>
				<!--fanart shadow-->
				<control type="image">
					<left>0</left>
					<top>540</top>
					<width>920</width>
					<height>10</height>
					<texture>homeshadow.png</texture>
					<animation effect="fade" start="100" end="100" time="0" condition="true">Conditional</animation>
				</control>
				<!--secondary label-->
				<control type="label">
					<left>15</left>
					<top>540</top>
					<width>890</width>
					<height>60</height>
					<font>secondary.info.big</font>
					<textcolor>white</textcolor>
					<selectedcolor>white</selectedcolor>
					<align>left</align>
					<aligny>center</aligny>
					<label>$INFO[ListItem.Label]</label>
				</control>
				<!--background-->
				<control type="image">
					<left>0</left>
					<top>600</top>
					<width>920</width>
					<height>90</height>
					<texture background="true" colordiffuse="tertiary">backgrounds/white.png</texture>
				</control>
				<!--info strip shadow-->
				<control type="image">
					<left>0</left>
					<top>600</top>
					<width>920</width>
					<height>10</height>
					<texture>homeshadow.png</texture>
					<animation effect="fade" start="100" end="100" time="0" condition="true">Conditional</animation>
				</control>
			</control>
			<control type="grouplist">
				<left>722</left>
				<top>780</top>
				<usecontrolcoords>true</usecontrolcoords>
				<itemgap>0</itemgap>
				<control type="label">
					<left>15</left>
					<top>0</top>
					<width>160</width>
					<height>35</height>
					<font>secondary.info</font>
					<textcolor>$VAR[Colour.500]</textcolor>
					<label>$LOCALIZE[31326]</label>
					<visible>!String.IsEmpty(ListItem.PictureDatetime)</visible>
				</control>
				<control type="label">
					<left>155</left>
					<top>-35</top>
					<width>730</width>
					<height>35</height>
					<font>secondary.info</font>
					<textcolor>text.primary</textcolor>
					<label>$INFO[ListItem.PictureDatetime]</label>
				</control>
				<control type="label">
					<left>15</left>
					<top>0</top>
					<width>160</width>
					<height>35</height>
					<font>secondary.info</font>
					<textcolor>$VAR[Colour.500]</textcolor>
					<label>$LOCALIZE[31327]</label>
					<visible>!String.IsEmpty(ListItem.PictureResolution)</visible>
				</control>
				<control type="label">
					<left>155</left>
					<top>-35</top>
					<width>730</width>
					<height>35</height>
					<font>secondary.info</font>
					<textcolor>text.primary</textcolor>
					<label>$INFO[ListItem.PictureResolution]</label>
				</control>
			</control>
		</control>
	</include>
</includes>