<?xml version="1.0" encoding="UTF-8"?>
<window type="dialog" id="1158">
	<onload>RunScript(script.check.theme)</onload>
    <visible>System.IdleTime(1)</visible>
    <visible>!ListItem.IsCollection + !String.Contains(ListItem.Path,thumb:) + !String.Contains(ListItem.Path,image:) + !String.Contains(ListItem.Path,plugin) + !String.Contains(ListItem.Path,videodb:)</visible>
    <visible>Container.Content(movies) | [Container.Content(tvshows) + !Player.Playing] | [Container.Content(seasons) + !Player.Playing]</visible>
    <visible>!Window.IsActive(movieinformation)</visible>
    <visible>Window.IsActive(videos) + Skin.HasSetting(playTheme)</visible>
    <controls>
    </controls>
</window>