<?xml version="1.0" encoding="UTF-8"?>
<window>
	<defaultcontrol always="true">50</defaultcontrol>
	<views>50,595,590,593,594,596,597</views>
	<menucontrol>9051</menucontrol>
	<onload>SetProperty(Window.HasSettings,True,home)</onload>
	<onload>ClearProperty(MediaMenu,Home)</onload>
	<onload condition="String.Contains(Container.Viewmode,Shelf 3D) + !Integer.IsGreater(Container.CurrentItem,1) + String.IsEmpty(Window(home).Property(MediaMovie5))">Control.Move(595,4)</onload>
	<onload condition="Container.Content(movies)">SetProperty(MediaMovie5,True,home)</onload>
	<onload condition="String.Contains(Container.Viewmode,List 3D) + !Integer.IsGreater(Container.CurrentItem,1) + String.IsEmpty(Window(home).Property(MediaMovie6))">Control.Move(596,2)</onload>
	<onload condition="Container.Content(movies)">SetProperty(MediaMovie6,True,home)</onload>
	<onunload>ClearProperty(Window.HasSettings,Home)</onunload>
	<onload condition="System.HasAddon(script.tv.show.next.aired) + !Skin.HasSetting(Disable.NextAired)">RunScript(script.tv.show.next.aired,backend=True)</onload>
	<controls>
		<include>CommonBackground</include>
		<control type="fadelabel" id="4410">
			<top>-100</top>
			<width>2560</width>
			<height>0</height>
			<pauseatend>7000</pauseatend>
			<font>font10</font>
			<textcolor>white</textcolor>
			<randomize>true</randomize>
			<scroll>false</scroll>
			<scrollout>false</scrollout>
			<resetonlabelchange>true</resetonlabelchange>
			<label>$INFO[ListItem.Art(fanart)]</label>
			<label>$INFO[ListItem.Art(fanart1)]</label>
			<label>$INFO[ListItem.Art(fanart2)]</label>
			<label>$INFO[ListItem.Art(fanart3)]</label>
			<label>$INFO[ListItem.Art(fanart4)]</label>
			<label>$INFO[ListItem.Art(fanart5)]</label>
			<label>$INFO[ListItem.Art(fanart6)]</label>
			<label>$INFO[ListItem.Art(fanart7)]</label>
			<label>$INFO[ListItem.Art(fanart8)]</label>
			<label>$INFO[ListItem.Art(fanart9)]</label>
			<label>$INFO[ListItem.Art(extrafanart1)]</label>
			<label>$INFO[ListItem.Art(extrafanart2)]</label>
			<label>$INFO[ListItem.Art(extrafanart3)]</label>
			<label>$INFO[ListItem.Art(extrafanart4)]</label>
			<label>$INFO[ListItem.Art(extrafanart5)]</label>
			<label>$INFO[ListItem.Art(extrafanart6)]</label>
			<label>$INFO[ListItem.Art(extrafanart7)]</label>
			<label>$INFO[ListItem.Art(extrafanart8)]</label>
			<label>$INFO[ListItem.Art(extrafanart9)]</label>
			<label>$INFO[ListItem.Art(extrafanart10)]</label>
		</control>
		<control type="group">
			<include>WindowOpenCloseAnimation</include>
			<include condition="!Skin.HasSetting(Enable.SlimList)">VideoList</include>
			<include condition="Skin.HasSetting(Enable.SlimList)">SlimVideoList</include>
			<!-- view id = 50 -->
			<include>ViewTriple3D</include>
			<!-- view id = 590 -->
			<include>ViewFanart3D</include>
			<!-- view id = 593 -->
			<include>ViewBanner3D</include>
			<!-- view id = 594 -->
			<include>ViewShelf3D</include>
			<!-- view id = 595 -->
			<include>ViewList3D</include>
			<!-- view id = 596 -->
			<include>ViewWall3D</include>
			<!-- view id = 597 -->
		</control>
		<control type="group">
			<left>-440</left>
			<include>SideBladeLeft</include>
			<control type="grouplist" id="9050">
				<include>MediaMenuTop</include>
				<control type="togglebutton" id="6053">
					<description>LowList Toggle</description>
					<textwidth>255</textwidth>
					<include>ButtonCommonValues</include>
					<label>$LOCALIZE[31093]</label>
					<onclick>Skin.ToggleSetting(nohighlist)</onclick>
					<onclick>ReloadSkin()</onclick>
					<visible>Control.IsVisible(501)</visible>
				</control>
				<control type="button" id="201">
					<description>View options</description>
					<textwidth>352</textwidth>
					<font>font13_title</font>
					<include>ButtonCommonValues</include>
					<label>31026</label>
					<enable>no</enable>
					<disabledcolor>themecolor</disabledcolor>
				</control>
				<control type="button" id="10">
					<description>Watched Toggle</description>
					<textwidth>255</textwidth>
					<include>ButtonCommonValues</include>
					<label>20367</label>
					<label2>[COLOR themecolor]$INFO[Container.NumItems][/COLOR]</label2>
				</control>
				<control type="button" id="8">
					<description>Search</description>
					<include>ButtonCommonValues</include>
					<label>137</label>
					<onclick>ClearProperty(MediaMenu,Home)</onclick>
					<onclick>SetFocus(50)</onclick>
				</control>
				<control type="edit" id="19">
					<visible>Container.CanFilter + !Container.CanFilterAdvanced</visible>
					<description>Filter</description>
					<textwidth>345</textwidth>
					<include>ButtonCommonValues</include>
					<label>587</label>
				</control>
				<control type="radiobutton" id="98">
					<visible>Container.CanFilterAdvanced</visible>
					<description>Filter</description>
					<include>ButtonCommonValues</include>
					<label>587</label>
					<selected>Container.Filtered</selected>
					<onclick>ClearProperty(MediaMenu,Home)</onclick>
					<onclick>SetFocus(50)</onclick>
					<onclick>Filter</onclick>
				</control>
				<control type="radiobutton" id="16">
					<description>PartyMode</description>
					<label>589</label>
					<include>ButtonCommonValues</include>
					<visible>Container.Content(MusicVideos)</visible>
				</control>
				<control type="radiobutton" id="11">
					<description>Unlock Shares</description>
					<textwidth>255</textwidth>
					<include>ButtonCommonValues</include>
					<label>20336</label>
					<onclick>xbmc.mastermode</onclick>
					<selected>system.ismaster</selected>
					<visible>system.haslocks</visible>
				</control>
				<control type="button" id="203">
					<description>View options</description>
					<textwidth>352</textwidth>
					<font>font13_title</font>
					<include>ButtonCommonValues</include>
					<label>31039</label>
					<enable>no</enable>
					<disabledcolor>themecolor</disabledcolor>
				</control>
				<control type="togglebutton" id="20">
					<description>Update library</description>
					<include>ButtonCommonValues</include>
					<label>653</label>
					<altlabel>13353</altlabel>
					<usealttexture>library.isscanningvideo</usealttexture>
				</control>
				<control type="button" id="613">
					<description>Get more</description>
					<include>ButtonCommonValues</include>
					<label>$LOCALIZE[21452]</label>
					<onclick>ActivateWindow(addonbrowser,addons://more/video/,return)</onclick>
					<visible>Container.Content(addons)</visible>
				</control>
				<control type="button" id="614">
					<description>Add-on settings</description>
					<include>ButtonCommonValues</include>
					<label>$LOCALIZE[10140]</label>
					<onclick>Addon.OpenSettings($INFO[Container.PluginName])</onclick>
					<visible>!String.IsEmpty(Container.PluginName)</visible>
				</control>
				<control type="button" id="617">
					<description>Settings button</description>
					<include>ButtonCommonValues</include>
					<label>$LOCALIZE[5]</label>
					<onclick>ActivateWindow(mediasettings,video)</onclick>
					<visible>Container.Content(movies) | Container.Content(tvshows) | Container.Content(episodes) | Container.Content(musicvideos)</visible>
				</control>
				<control type="button" id="612">
					<description>Go to playlist</description>
					<include>ButtonCommonValues</include>
					<label>13350</label>
					<onclick>ActivateWindow(videoplaylist)</onclick>
					<visible>!String.IsEqual(Playlist.Length(video),0)</visible>
				</control>
				<control type="button" id="616">
					<description>Go to playercontrols</description>
					<include>ButtonCommonValues</include>
					<label>$LOCALIZE[31177]</label>
					<onclick condition="Player.HasAudio">ClearProperty(MediaMenu,Home)</onclick>
					<onclick condition="Player.HasAudio">SetFocus(50)</onclick>
					<onclick condition="Player.HasAudio">ActivateWindow(playercontrols)</onclick>
					<onclick condition="Player.HasVideo">Fullscreen</onclick>
					<onclick condition="Player.HasVideo">ActivateWindow(videoosd)</onclick>
					<onclick>ClearProperty(MediaMenu,Home)</onclick>
					<visible>Player.HasMedia</visible>
				</control>
			</control>
		</control>
		<control type="group">
		<visible>Control.IsVisible(590) | Control.IsVisible(594) | Control.IsVisible(597) | Control.IsVisible(596)</visible>
		<visible allowhiddenfocus="true">Control.HasFocus(5919)</visible>
			<animation effect="fade" start="0" end="90" time="1200">Visible</animation>
			<animation effect="slide" end="2,-110" time="0" condition="Control.IsVisible(590)">Conditional</animation>
			<animation effect="slide" end="1869,0" time="0" condition="Control.IsVisible(597) | Control.IsVisible(596)">Conditional</animation>
			<animation effect="slide" end="1869,12" time="0" condition="Control.IsVisible(594)">Conditional</animation>
			<left>-5</left>
			<top>470</top>
			<control type="button" id="5919">
				<include>HiddenObject</include>
				<onleft condition="!Control.IsVisible(596)">80</onleft>
				<onright condition="!Control.IsVisible(596)">50</onright>
				<onleft condition="Control.IsVisible(596)">50</onleft>
				<onright condition="Control.IsVisible(596)">80</onright>
				<onup>SetFocus(50)</onup>
				<onup>Action(prevletter)</onup>
				<onup>SetFocus(5919)</onup>
				<ondown>SetFocus(50)</ondown>
				<ondown>Action(nextletter)</ondown>
				<ondown>SetFocus(5919)</ondown>
				<onclick>SetFocus(50)</onclick>
				<onback>50</onback>
			</control>
			<control type="image">
			<animation effect="fade" end="70" condition="true">Conditional</animation>
				<left>-9</left>
				<top>-64</top>
				<width>65</width>
				<height>65</height>
				<aspectratio>keep</aspectratio>
				<texture background="true">tajo/arrow_v.gif</texture>
			</control>
			<control type="image">
			<animation effect="fade" end="70" condition="true">Conditional</animation>
				<left>-9</left>
				<top>110</top>
				<width>65</width>
				<height>65</height>
				<aspectratio>keep</aspectratio>
				<texture background="true">tajo/arrow_vd.gif</texture>
			</control>
			<control type="image">
			<animation effect="slide" end="-20,0" time="0" condition="Control.IsVisible(597) | Control.IsVisible(596)">Conditional</animation>
			<animation effect="slide" end="-14,0" time="0" condition="Control.IsVisible(594)">Conditional</animation>	
			<animation effect="slide" end="-10,0" time="0" condition="Control.IsVisible(590)">Conditional</animation>	
				<top>5</top>
				<left>1</left>
				<width>80</width>
				<height>100</height>
				<texture border="40">dialogs/default/bg.png</texture>
			</control>
				<control type="label">
				<animation effect="slide" end="-15,0" time="0" condition="Control.IsVisible(597) | Control.IsVisible(596)">Conditional</animation>
				<animation effect="slide" end="-9,0" time="0" condition="Control.IsVisible(594)">Conditional</animation>
				<top>-5</top>
				<left>-5</left>
				<width>80</width>
				<height>120</height>
				<align>center</align>
				<label>$INFO[ListItem.SortLetter]</label>
				<textcolor>white</textcolor>
				<font>font_MainMenu2</font>
				</control>
		</control>
		<control type="group">
		<visible>Control.IsVisible(595) | Control.IsVisible(593)</visible>
		<visible allowhiddenfocus="true">Control.HasFocus(5929)</visible>
						<animation effect="fade" start="0" end="90" time="1200">Visible</animation>
			<animation effect="slide" end="-150,0" time="0" condition="Control.IsVisible(593)">Conditional</animation>
			<animation effect="slide" end="1360,0" time="0" condition="Control.IsVisible(595)">Conditional</animation>
			<left>310</left>
			<top>980</top>
			<control type="button" id="5929">
				<include>HiddenObject</include>
				<ondown>86</ondown>
				<onup>50</onup>
				<onleft>SetFocus(50)</onleft>
				<onleft>Action(prevletter)</onleft>
				<onleft>SetFocus(5929)</onleft>
				<onright>SetFocus(50)</onright>
				<onright>Action(nextletter)</onright>
				<onright>SetFocus(5929)</onright>
				<onclick>SetFocus(50)</onclick>
				<onback>50</onback>
			</control>
			<control type="image">
			<animation effect="fade" end="70" condition="true">Conditional</animation>
				<left>-78</left>
				<top>38</top>
				<width>65</width>
				<height>65</height>
				<aspectratio>keep</aspectratio>
				<texture background="true">tajo/arrow_h.gif</texture>
			</control>
			<control type="image">
			<animation effect="fade" end="70" condition="true">Conditional</animation>
				<left>81</left>
				<top>38</top>
				<width>65</width>
				<height>65</height>
				<aspectratio>keep</aspectratio>
				<texture background="true">tajo/arrow_hd.gif</texture>
			</control>
			<control type="image">
				<top>19</top>
				<left>-9</left>
				<width>86</width>
				<height>100</height>
				<texture border="40">dialogs/default/bg.png</texture>
			</control>
				<control type="label">
				<top>1</top>
				<left>-5</left>
				<width>80</width>
				<height>120</height>
				<align>center</align>
				<label>$INFO[ListItem.SortLetter]</label>
				<textcolor>white</textcolor>
				<font>font_MainMenu2</font>
				</control>
		</control>
	</controls>
</window>
