<includes>
	<!--##################################################################################   VISTA WALL 3D - ID 597   ##################################################################################-->
	<include name="ViewWall3D">
		<control type="group">
			<visible>Control.IsVisible(597)</visible>
			<left>-100</left>
			<top>-87</top>
			<!-- default group -->
			<animation effect="fade" time="400">VisibleChange</animation>
			<include>ViewBack2</include>
			<!-- Fundo -->
			<control type="group">
			<top>20</top>
			<left>12</left>
			<animation effect="rotatey" center="50" start="7" end="7" time="0" condition="true">Conditional</animation>
				<control type="group">
					<animation effect="fade" delay="500" start="0" end="100" time="50">WindowOpen</animation>
					<animation effect="slide" end="0,282" time="300" tween="cubic" easing="inout" condition="Integer.IsGreater(Container(597).Row,1)">Conditional</animation>
					<animation effect="slide" end="0,282" time="300" tween="cubic" easing="inout" condition="Integer.IsGreater(Container(597).Row,0)">Conditional</animation>
					<animation effect="slide" end="209,0" time="300" tween="cubic" easing="inout" condition="Integer.IsGreater(Container(597).Column,3)">Conditional</animation>
					<animation effect="slide" end="209,0" time="300" tween="cubic" easing="inout" condition="Integer.IsGreater(Container(597).Column,2)">Conditional</animation>
					<animation effect="slide" end="209,0" time="300" tween="cubic" easing="inout" condition="Integer.IsGreater(Container(597).Column,1)">Conditional</animation>
					<animation effect="slide" end="209,0" time="300" tween="cubic" easing="inout" condition="Integer.IsGreater(Container(597).Column,0)">Conditional</animation>
					<control type="image">
						<visible>Control.IsVisible(597)</visible>
						<left>741</left>
						<top>175</top>
						<width>215</width>
						<height>300</height>
						<texture diffuse="tajo/mask_cover3.png">tajo/backani.gif</texture>
						<aspectratio align="center">stretch</aspectratio>
						<colordiffuse>ddffffff</colordiffuse>
					</control>
					<control type="image">
						<visible>Control.IsVisible(597)</visible>
						<left>740</left>
						<top>174</top>
						<width>217</width>
						<height>302</height>
						<aspectratio align="center">stretch</aspectratio>
						<colordiffuse>dd000000</colordiffuse>
						<texture diffuse="tajo/mask_cover3.png">tajo/mask78.png</texture>
					</control>
				</control>
				<control type="panel" id="597">
					<viewtype label="Wall3D">icon</viewtype>
					<left>751</left>
					<top>190</top>
					<width>1130</width>
					<height>850</height>
					<onleft>SetProperty(MediaMenu,True,home)</onleft>
					<onleft>SetFocus(9050)</onleft>
					<onright condition="!Container.Content(seasons) + !Container.Content(episodes) + [String.Contains(Container.SortMethod,$LOCALIZE[369]) | String.Contains(Container.SortMethod,$LOCALIZE[557])]">5919</onright>
					<scrolltime>300</scrolltime>
					<orientation>vertical</orientation>
					<preloaditems>2</preloaditems>
					<visible>Container.Content(movies) | Container.Content(tvshows) | Container.Content(seasons) | Container.Content(sets)</visible>
					<itemlayout width="210" height="283">
						<control type="image">
							<left>7</left>
							<top>6</top>
							<width>175</width>
							<height>250</height>
							<aspectratio align="center">stretch</aspectratio>
							<texture diffuse="tajo/mask_cover3.png">tajo/$VAR[GlobalCaseVarTajo]</texture>
						</control>
						<control type="image">
							<left>10</left>
							<top>9</top>
							<width>169</width>
							<height>244</height>
							<texture fallback="tajo/DefaultVideoPoster.png" diffuse="tajo/mask_cover3.png" background="true">$VAR[poster]</texture>
							<aspectratio align="center">stretch</aspectratio>
						</control>
						<control type="image">
							<left>10</left>
							<top>9</top>
							<width>169</width>
							<height>244</height>
							<texture>tajo/darkgrey.png</texture>
							<colordiffuse>themecolor</colordiffuse>
							<animation effect="fade" start="30" end="30" condition="true">Conditional</animation>
						</control>
						<control type="image">
							<left>129</left>
							<top>9</top>
							<width>50</width>
							<height>50</height>
							<texture colordiffuse="DDff0303">$VAR[watched_style]</texture>
							<visible>String.IsEqual(ListItem.Overlay,OverlayWatched.png)</visible>
						</control>
						<control type="image">
							<top>5</top>
							<left>6</left>
							<width>177</width>
							<height>252</height>
							<aspectratio align="center">stretch</aspectratio>
							<colordiffuse>dd000000</colordiffuse>
							<texture diffuse="tajo/mask_cover3.png">tajo/mask78.png</texture>
						</control>
					</itemlayout>
					<focusedlayout width="210" height="283">
						<control type="image">
							<left>7</left>
							<top>6</top>
							<width>175</width>
							<height>250</height>
							<aspectratio align="center">stretch</aspectratio>
							<texture diffuse="tajo/mask_cover3.png">tajo/$VAR[GlobalCaseVarTajo]</texture>
						</control>
						<control type="image">
							<left>10</left>
							<top>9</top>
							<width>169</width>
							<height>244</height>
							<texture fallback="tajo/DefaultVideoPoster.png" diffuse="tajo/mask_cover3.png" background="true">$VAR[poster]</texture>
							<aspectratio align="center">stretch</aspectratio>
						</control>
						<control type="image">
							<left>129</left>
							<top>9</top>
							<width>50</width>
							<height>50</height>
							<texture colordiffuse="DDff0303">$VAR[watched_style]</texture>
							<visible>String.IsEqual(ListItem.Overlay,OverlayWatched.png)</visible>
						</control>
						<control type="image">
							<top>5</top>
							<left>6</left>
							<width>177</width>
							<height>252</height>
							<aspectratio align="center">stretch</aspectratio>
							<colordiffuse>dd000000</colordiffuse>
							<texture diffuse="tajo/mask_cover3.png">tajo/mask78.png</texture>
						</control>
					</focusedlayout>
				</control>
			</control>
			<!-- Info Panel -->
			<control type="group">
				<visible>Control.IsVisible(597)</visible>
				<control type="fadelabel" id="5750">
					<top>-1000</top>
					<width>1</width>
					<height>1</height>
					<info>ListItem.Art(fanart)</info>
					<info>ListItem.Art(fanart1)</info>
					<info>ListItem.Art(fanart2)</info>
					<info>ListItem.Art(fanart3)</info>
					<info>ListItem.Art(fanart4)</info>
					<info>ListItem.Art(fanart5)</info>
					<info>ListItem.Art(fanart6)</info>
					<info>ListItem.Art(fanart7)</info>
					<info>ListItem.Art(fanart8)</info>
					<info>ListItem.Art(fanart9)</info>
					<randomize>false</randomize>
					<pauseatend>6000</pauseatend>
					<scroll>false</scroll>
					<scrollout>false</scrollout>
					<resetonlabelchange>true</resetonlabelchange>
				</control>
				<left>107</left>
				<top>140</top>
				<control type="image">
					<left>20</left>
					<top>36</top>
					<width>555</width>
					<height>335</height>
					<visible>String.IsEmpty(ListItem.Art(fanart1))</visible>
					<aspectratio aligny="top">scale</aspectratio>
					<texture diffuse="tajo/mask_cover3.png" background="true">$INFO[ListItem.Art(fanart)]</texture>
				</control>
				<control type="multiimage">
					<left>20</left>
					<top>36</top>
					<width>555</width>
					<height>335</height>
					<aspectratio aligny="top">scale</aspectratio>
					<fadetime>500</fadetime>
					<visible>!String.IsEmpty(ListItem.Art(fanart1))</visible>
					<imagepath background="true">$INFO[Control.GetLabel(5750)]</imagepath>
				</control>
				<control type="image">
					<left>20</left>
					<top>36</top>
					<width>555</width>
					<height>335</height>
					<texture background="true">tajo/osd_black_bg.png</texture>
					<aspectratio>stretch</aspectratio>
				</control>
				<control type="image">
					<top>34</top>
					<left>17</left>
					<width>561</width>
					<height>339</height>
					<aspectratio align="center">stretch</aspectratio>
					<colordiffuse>dd000000</colordiffuse>
					<texture diffuse="tajo/mask_cover3.png">tajo/mask78.png</texture>
				</control>
				<control type="textbox" id="20411">
				<animation effect="fade" start="0" end="100" time="250" tween="sine">Visible</animation>
					<visible>!ListItem.IsCollection + !Container(20411).HasNext</visible>
					<left>15</left>
					<top>670</top>
					<width>570</width>
					<height>130</height>
					<aligny>center</aligny>
					<align>center</align>
					<font>titlemove</font>
					<label>$VAR[value_videotitle]</label>
					<textcolor>themecolor</textcolor>
					<shadowcolor>black</shadowcolor>
				</control>
				<control type="textbox" id="20413">
				<animation effect="fade" start="0" end="100" time="250" tween="sine">Visible</animation>
					<visible>!ListItem.IsCollection + Container(20411).HasNext + !Container(20413).HasNext</visible>
					<left>15</left>
					<top>670</top>
					<width>570</width>
					<height>130</height>
					<aligny>center</aligny>
					<align>center</align>
					<font>titleshelf</font>
					<label>$VAR[value_videotitle]</label>
					<textcolor>themecolor</textcolor>
					<shadowcolor>black</shadowcolor>
				</control>
				<control type="textbox">
				<animation effect="fade" start="0" end="100" time="250" tween="sine">Visible</animation>
					<visible>!ListItem.IsCollection + Container(20411).HasNext + Container(20413).HasNext</visible>
					<left>15</left>
					<top>670</top>
					<width>570</width>
					<height>130</height>
					<aligny>center</aligny>
					<align>center</align>
					<font>titlewall</font>
					<label>$VAR[value_videotitle]</label>
					<autoscroll delay="1500" time="2000" repeat="2000">!Skin.HasSetting(noallowscroll)</autoscroll>
					<textcolor>themecolor</textcolor>
					<shadowcolor>black</shadowcolor>
				</control>
				<control type="textbox" id="20412">
					<animation effect="fade" start="0" end="100" time="250" tween="sine">Visible</animation>
					<visible>ListItem.IsCollection + !Container(20412).HasNext</visible>
					<left>15</left>
					<top>615</top>
					<width>570</width>
					<height>130</height>
					<aligny>center</aligny>
					<align>center</align>
					<font>titlemove</font>
					<label>$VAR[value_videotitle]</label>
					<textcolor>themecolor</textcolor>
					<shadowcolor>black</shadowcolor>
				</control>
				<control type="textbox" id="20414">
					<animation effect="fade" start="0" end="100" time="250" tween="sine">Visible</animation>
					<visible>ListItem.IsCollection + Container(20412).HasNext + !Container(20414).HasNext</visible>
					<left>15</left>
					<top>615</top>
					<width>570</width>
					<height>130</height>
					<aligny>center</aligny>
					<align>center</align>
					<font>titleshelf</font>
					<label>$VAR[value_videotitle]</label>
					<textcolor>themecolor</textcolor>
					<shadowcolor>black</shadowcolor>
				</control>
				<control type="textbox">
					<animation effect="fade" start="0" end="100" time="250" tween="sine">Visible</animation>
					<visible>ListItem.IsCollection + Container(20412).HasNext + Container(20414).HasNext</visible>
					<left>15</left>
					<top>615</top>
					<width>570</width>
					<height>130</height>
					<aligny>center</aligny>
					<align>center</align>
					<font>titlewall</font>
					<label>$VAR[value_videotitle]</label>
					<autoscroll delay="1500" time="2000" repeat="2000">!Skin.HasSetting(noallowscroll)</autoscroll>
					<textcolor>themecolor</textcolor>
					<shadowcolor>black</shadowcolor>
				</control>
				<control type="list" id="5977">
					<visible>ListItem.IsCollection</visible>
					<scrolltime tween="sine" easing="out">2200</scrolltime>
					<autoscroll>true</autoscroll>
					<left>25</left>
					<top>786</top>
					<height>140</height>
					<width>570</width>
					<itemlayout height="34">
						<control type="label">
							<left>0</left>
							<top>0</top>
							<height>34</height>
							<width>570</width>
							<align>center</align>
							<scroll>false</scroll>
							<font>Font_plot</font>
							<textcolor>FFFFFFFF</textcolor>
							<selectedcolor>FFFFFFFF</selectedcolor>
							<label>- $INFO[ListItem.Label] ($INFO[ListItem.Year])</label>
						</control>
					</itemlayout>
					<focusedlayout height="34">
						<control type="label">
							<left>0</left>
							<top>0</top>
							<height>34</height>
							<width>570</width>
							<align>center</align>
							<scroll>false</scroll>
							<font>Font_plot</font>
							<textcolor>FFFFFFFF</textcolor>
							<selectedcolor>FFFFFFFF</selectedcolor>
							<label>- $INFO[ListItem.Label] ($INFO[ListItem.Year])</label>
						</control>
					</focusedlayout>
					<content sortby="year" sortorder="ascending">$INFO[ListItem.FolderPath]</content>
				</control>
				<control type="group">
					<visible>!ListItem.IsCollection</visible>
					<left>350</left>
					<top>870</top>
					<width>450</width>
					<height>50</height>
					<control type="label">
					<top>-10</top>
						<width>70</width>
						<visible>!String.IsEmpty(ListItem.Rating)</visible>
						<align>left</align>
						<aligny>center</aligny>
						<font>font13_bold</font>
						<label>[COLOR white][B]$INFO[ListItem.Rating][/B][/COLOR]</label>
						<textcolor>FFFFFAF0</textcolor>
					</control>
					<control type="image">
						<top>-8</top>
						<left>53</left>
						<width>180</width>
						<height>50</height>
						<texture fallback="$VAR[styleratingstars,,0.png]">$VAR[styleratingstars]$INFO[ListItem.Rating,,.png]</texture>
						<aspectratio align="left" aligny="center">stretch</aspectratio>
						<colordiffuse>$VAR[colorratingstars]</colordiffuse>
						<visible>!String.IsEqual(ListItem.Label,..)</visible>
					</control>
				</control>
				<control type="textbox">
					<left>25</left>
					<top>810</top>
					<width>560</width>
					<height>38</height>
					<visible>!String.IsEmpty(ListItem.Rating) + !ListItem.IsCollection</visible>
					<align>center</align>
					<aligny>center</aligny>
					<font>font13_bold</font>
					<label>$VAR[value_ground17_label]: [COLOR=FFFFFAF0]$VAR[value_ground17_value][/COLOR] - $VAR[value_ground16_label]: [COLOR=FFFFFAF0]$VAR[value_ground16_value][/COLOR]</label>
					<textcolor>themecolor</textcolor>
				</control>
				<control type="textbox">
					<left>25</left>
					<top>810</top>
					<width>560</width>
					<height>38</height>
					<visible>Container.Content(seasons)</visible>
					<align>center</align>
					<aligny>center</aligny>
					<font>font13_bold</font>
					<label>$VAR[value_ground14_label]: [COLOR=FFFFFAF0]$VAR[value_ground14_value][/COLOR]</label>
					<textcolor>themecolor</textcolor>
				</control>
				<control type="textbox">
					<left>25</left>
					<top>750</top>
					<width>560</width>
					<height>38</height>
					<visible>ListItem.IsCollection</visible>
					<align>center</align>
					<font>font13_bold</font>
					<label>[COLOR=themecolor]$LOCALIZE[342]: [/COLOR][B]$INFO[Container(5977).NumItems][/B]</label>
					<textcolor>FFFFFFFF</textcolor>
				</control>
				<control type="fadelabel" id="5780">
					<top>-1000</top>
					<width>1</width>
					<height>1</height>
					<info>ListItem.Art(clearlogo)</info>
					<info>ListItem.Art(clearart)</info>
					<info>ListItem.Art(clearlogo1)</info>
					<info>ListItem.Art(clearart1)</info>
					<info>ListItem.Art(clearlogo2)</info>
					<info>ListItem.Art(clearart2)</info>
					<randomize>false</randomize>
					<pauseatend>4500</pauseatend>
					<scroll>false</scroll>
					<scrollout>false</scrollout>
					<resetonlabelchange>true</resetonlabelchange>
				</control>
				<control type="image">
					<left>300</left>
					<top>235</top>
					<width>250</width>
					<height>150</height>
					<visible>String.IsEmpty(ListItem.Art(clearart))</visible>
					<texture background="true">$INFO[ListItem.Art(clearlogo)]</texture>
					<aspectratio>keep</aspectratio>
				</control>
				<control type="multiimage">
					<left>300</left>
					<top>205</top>
					<width>250</width>
					<height>150</height>
					<aspectratio aligny="bottom">keep</aspectratio>
					<visible>!String.IsEmpty(ListItem.Art(clearart))</visible>
					<imagepath background="true">$INFO[Control.GetLabel(5780)]</imagepath>
				</control>
				<control type="textbox">
					<visible>ListItem.IsCollection</visible>
					<left>25</left>
					<top>400</top>
					<width>570</width>
					<height>205</height>
					<font>Font_plot</font>
					<align>justify</align>
					<label>[B][COLOR themecolor]$INFO[Container(5977).ListItemAbsolute(0).Label][/B][/COLOR][CR]$INFO[Container(5977).ListItemAbsolute(0).Plot][CR][CR][B][COLOR themecolor]$INFO[Container(5977).ListItemAbsolute(1).Label][/B][/COLOR][CR]$INFO[Container(5977).ListItemAbsolute(1).Plot][CR][CR][B][COLOR themecolor]$INFO[Container(5977).ListItemAbsolute(2).Label][/B][/COLOR][CR]$INFO[Container(5977).ListItemAbsolute(2).Plot][CR][CR][B][COLOR themecolor]$INFO[Container(5977).ListItemAbsolute(3).Label][/B][/COLOR][CR]$INFO[Container(5977).ListItemAbsolute(3).Plot][CR][CR][B][COLOR themecolor]$INFO[Container(5977).ListItemAbsolute(4).Label][/B][/COLOR][CR]$INFO[Container(5977).ListItemAbsolute(4).Plot][CR][CR][B][COLOR themecolor]$INFO[Container(5977).ListItemAbsolute(5).Label][/B][/COLOR][CR]$INFO[Container(5977).ListItemAbsolute(5).Plot][CR][CR][B][COLOR themecolor]$INFO[Container(5977).ListItemAbsolute(6).Label][/B][/COLOR][CR]$INFO[Container(5977).ListItemAbsolute(6).Plot][CR][CR][B][COLOR themecolor]$INFO[Container(5977).ListItemAbsolute(7).Label][/B][/COLOR][CR]$INFO[Container(5977).ListItemAbsolute(7).Plot][CR][CR]</label>
					<autoscroll delay="4000" time="2000" repeat="4000">!Skin.HasSetting(noallowscroll)</autoscroll>
				</control>
				<control type="textbox">
					<visible>!ListItem.IsCollection</visible>
					<left>25</left>
					<top>395</top>
					<width>570</width>
					<height>268</height>
					<font>Font_plot</font>
					<align>justify</align>
					<label>$VAR[value_plot]</label>
					<autoscroll delay="6000" time="2000" repeat="6000">!Skin.HasSetting(noallowscroll)</autoscroll>
				</control>
				<include>IconsWall3D</include>
			</control>
		</control>
		<control type="group">
			<visible>Control.IsVisible(597)</visible>
			<top>97</top>
			<left>98</left>
			<control type="label">
				<align>center</align>
				<left>-85</left>
				<top>-78</top>
				<width>105</width>
				<height>40</height>
				<textcolor>FFFFFAF0</textcolor>
				<shadowcolor>black</shadowcolor>
				<font>Font_plot3</font>
				<label>$INFO[System.Time(hh:mm)]</label>
			</control>
			<control type="label">
				<align>right</align>
				<left>10</left>
				<top>-80</top>
				<width>100</width>
				<height>40</height>
				<textcolor>themecolor</textcolor>
				<shadowcolor>black</shadowcolor>
				<font>Font_plot</font>
				<label>$INFO[Container.CurrentItem]</label>
			</control>
			<control type="label">
				<align>left</align>
				<left>118</left>
				<top>-80</top>
				<width>150</width>
				<height>40</height>
				<textcolor>FFFFFAF0</textcolor>
				<shadowcolor>black</shadowcolor>
				<font>Font_plot</font>
				<label>/ $INFO[Container.NumItems]</label>
			</control>
		</control>
	</include>
	<include name="ViewWall3Dm">
		<control type="group">
			<visible>Control.IsVisible(597)</visible>
			<left>-100</left>
			<top>-87</top>
			<!-- default group -->
			<animation effect="fade" time="400">VisibleChange</animation>
			<include>ViewBack2</include>
			<!-- Fundo -->
			<control type="group">
			<top>20</top>
			<left>-7</left>
			<animation effect="rotatey" center="50" start="7" end="7" time="0" condition="true">Conditional</animation>
				<control type="group">
					<animation effect="slide" end="0,213" time="300" tween="cubic" easing="inout" condition="Integer.IsGreater(Container(597).Row,2)">Conditional</animation>
					<animation effect="slide" end="0,213" time="300" tween="cubic" easing="inout" condition="Integer.IsGreater(Container(597).Row,1)">Conditional</animation>
					<animation effect="slide" end="0,213" time="300" tween="cubic" easing="inout" condition="Integer.IsGreater(Container(597).Row,0)">Conditional</animation>
					<animation effect="slide" end="218,0" time="300" tween="cubic" easing="inout" condition="Integer.IsGreater(Container(597).Column,3)">Conditional</animation>
					<animation effect="slide" end="218,0" time="300" tween="cubic" easing="inout" condition="Integer.IsGreater(Container(597).Column,2)">Conditional</animation>
					<animation effect="slide" end="218,0" time="300" tween="cubic" easing="inout" condition="Integer.IsGreater(Container(597).Column,1)">Conditional</animation>
					<animation effect="slide" end="218,0" time="300" tween="cubic" easing="inout" condition="Integer.IsGreater(Container(597).Column,0)">Conditional</animation>
					<control type="image">
						<visible>Control.IsVisible(597)</visible>
						<left>712</left>
						<top>169</top>
						<width>237</width>
						<height>237</height>
						<texture diffuse="tajo/mask_cover3.png">tajo/backani.gif</texture>
						<aspectratio align="center">stretch</aspectratio>
						<colordiffuse>ddFFFFFF</colordiffuse>
					</control>
					<control type="image">
						<visible>Control.IsVisible(597)</visible>
						<left>711</left>
						<top>168</top>
						<width>239</width>
						<height>239</height>
						<aspectratio align="center">stretch</aspectratio>
						<colordiffuse>dd000000</colordiffuse>
						<texture diffuse="tajo/mask_cover3.png">tajo/mask77.png</texture>
					</control>
				</control>
				<control type="panel" id="597">
					<viewtype label="Wall3D">icon</viewtype>
					<visible>[Container.Content(albums) | Container.Content(artists)]</visible>
					<left>730</left>
					<top>185</top>
					<width>1130</width>
					<height>860</height>
					<onleft>SetProperty(MediaMenu,True,home)</onleft>
					<onleft>SetFocus(9050)</onleft>
					<onright condition="String.Contains(Container.SortMethod,$LOCALIZE[557]) | String.Contains(Container.SortMethod,$LOCALIZE[558])">5919</onright>
					<scrolltime>300</scrolltime>
					<orientation>vertical</orientation>
					<preloaditems>2</preloaditems>
					<itemlayout width="218" height="213">
						<control type="image">
							<left>11</left>
							<top>9</top>
							<width>181</width>
							<height>184</height>
							<texture diffuse="tajo/mask_cover3.png" fallback="tajo/defaultalbumcover.png" background="true">$VAR[poster]</texture>
							<aspectratio align="center">scale</aspectratio>
						</control>
						<control type="image">
							<visible>Container.Content(albums) + String.StartsWith(ListItem.Label,*)</visible>
							<left>11</left>
							<top>9</top>
							<width>181</width>
							<height>184</height>
							<texture flipy="true" diffuse="tajo/shelf/diffuse_box.png" background="true">tajo/magazine/cmusiclandJ.png</texture>
							<aspectratio scalediffuse="false">stretch</aspectratio>
						</control>
						<control type="image">
							<animation effect="fade" end="65" condition="true">Conditional</animation>
							<left>12</left>
							<top>110</top>
							<width>180</width>
							<height>85</height>
							<texture>tajo/shadow_mask.png</texture>
							<colordiffuse>black</colordiffuse>
						</control>
						<control type="textbox">
							<visible>Container.Content(albums) + String.StartsWith(ListItem.Label,*)</visible>
							<left>29</left>
							<top>9</top>
							<width>150</width>
							<height>190</height>
							<font>titlesmall</font>
							<textcolor>white</textcolor>
							<shadowcolor>black</shadowcolor>
							<align>center</align>
							<aligny>center</aligny>
							<label>$LOCALIZE[358]</label>
						</control>
						<control type="image">
							<left>10</left>
							<top>8</top>
							<width>183</width>
							<height>188</height>
							<aspectratio align="center">stretch</aspectratio>
							<colordiffuse>ff000000</colordiffuse>
							<texture diffuse="tajo/mask_cover3.png">tajo/mask77.png</texture>
						</control>
						<control type="textbox">
							<visible>Container.Content(artists) + String.IsEmpty(ListItem.Art(clearlogo))</visible>
							<left>15</left>
							<top>144</top>
							<width>168</width>
							<height>47</height>
							<align>right</align>
							<font>titleartist</font>
							<label>$INFO[ListItem.Artist]</label>
							<textcolor>white</textcolor>
							<shadowcolor>black</shadowcolor>
						</control>
				<control type="image">
					<left>12</left>
					<top>136</top>
					<width>174</width>
					<height>50</height>
					<texture background="true">$INFO[ListItem.Art(clearlogo)]</texture>
					<aspectratio>keep</aspectratio>
				</control>
					</itemlayout>
					<focusedlayout width="218" height="213">
						<control type="group">
							<control type="image">
								<left>11</left>
								<top>9</top>
								<width>181</width>
								<height>184</height>
								<texture diffuse="tajo/mask_cover3.png" fallback="tajo/defaultalbumcover.png" background="true">$VAR[poster]</texture>
								<aspectratio align="center">scale</aspectratio>
							</control>
							<control type="image">
								<visible>Container.Content(albums) + String.StartsWith(ListItem.Label,*)</visible>
								<left>11</left>
								<top>9</top>
								<width>181</width>
								<height>184</height>
								<texture flipy="true" diffuse="tajo/shelf/diffuse_box.png" background="true">tajo/magazine/cmusiclandJ.png</texture>
								<aspectratio scalediffuse="false">stretch</aspectratio>
							</control>
							<control type="image">
								<animation effect="fade" end="65" condition="true">Conditional</animation>
								<left>12</left>
								<top>110</top>
								<width>180</width>
								<height>85</height>
								<texture>tajo/shadow_mask.png</texture>
								<colordiffuse>black</colordiffuse>
							</control>
							<control type="textbox">
								<visible>Container.Content(albums) + String.StartsWith(ListItem.Label,*)</visible>
								<left>29</left>
								<top>9</top>
								<width>150</width>
								<height>190</height>
								<font>titlesmall</font>
								<textcolor>white</textcolor>
								<shadowcolor>black</shadowcolor>
								<align>center</align>
								<aligny>center</aligny>
								<label>$LOCALIZE[358]</label>
							</control>
							<control type="image">
								<left>10</left>
								<top>8</top>
								<width>183</width>
								<height>188</height>
								<aspectratio align="center">stretch</aspectratio>
								<colordiffuse>ff000000</colordiffuse>
								<texture diffuse="tajo/mask_cover3.png">tajo/mask77.png</texture>
							</control>
					<control type="image">
					<left>12</left>
					<top>136</top>
					<width>174</width>
					<height>50</height>
					<texture background="true">$INFO[ListItem.Art(clearlogo)]</texture>
					<aspectratio>keep</aspectratio>
				</control>
							<control type="textbox">
								<visible>Container.Content(artists) + String.IsEmpty(ListItem.Art(clearlogo))</visible>
								<left>15</left>
								<top>144</top>
								<width>168</width>
								<height>47</height>
								<align>right</align>
								<font>titleartist</font>
								<label>$INFO[ListItem.Artist]</label>
								<textcolor>white</textcolor>
								<shadowcolor>black</shadowcolor>
							</control>
						</control>
					</focusedlayout>
				</control>
			</control>
			<!-- Info Panel -->
			<control type="group">
				<visible>Control.IsVisible(597) + [Container.Content(albums) | Container.Content(artists)]</visible>
				<left>110</left>
				<top>118</top>
				<control type="fadelabel" id="5777">
					<top>-1000</top>
					<width>1</width>
					<height>1</height>
					<info>ListItem.Art(fanart)</info>
					<info>ListItem.Art(fanart1)</info>
					<info>ListItem.Art(fanart2)</info>
					<info>ListItem.Art(fanart3)</info>
					<info>ListItem.Art(fanart4)</info>
					<info>ListItem.Art(fanart5)</info>
					<info>ListItem.Art(fanart6)</info>
					<info>ListItem.Art(fanart7)</info>
					<info>ListItem.Art(fanart8)</info>
					<info>ListItem.Art(fanart9)</info>
					<info>ListItem.Art(artist.fanart)</info>
					<info>ListItem.Art(artist.fanart1)</info>
					<info>ListItem.Art(artist.fanart2)</info>
					<info>ListItem.Art(artist.fanart3)</info>
					<info>ListItem.Art(artist.fanart4)</info>
					<info>ListItem.Art(artist.fanart5)</info>
					<info>ListItem.Art(artist.fanart6)</info>
					<info>ListItem.Art(artist.fanart7)</info>
					<info>ListItem.Art(artist.fanart8)</info>
					<info>ListItem.Art(artist.fanart9)</info>
					<randomize>false</randomize>
					<pauseatend>6000</pauseatend>
					<scroll>false</scroll>
					<scrollout>false</scrollout>
					<resetonlabelchange>true</resetonlabelchange>
				</control>
				<control type="image">
				<visible>!String.StartsWith(ListItem.Label,*)</visible>
						<left>16</left>
						<top>64</top>
						<width>530</width>
						<height>298</height>
						<aspectratio aligny="top">scale</aspectratio>
						<texture>tajo/shelf/back.png</texture>
					</control>
				<control type="image">
				<visible>String.IsEmpty(ListItem.Art(fanart1))</visible>
					<left>16</left>
					<top>64</top>
					<width>530</width>
					<height>298</height>
					<aspectratio aligny="top">scale</aspectratio>
					<texture diffuse="tajo/mask_cover3.png" background="true">$INFO[ListItem.Art(fanart)]</texture>
				</control>
				<control type="image">
				<visible>String.IsEmpty(ListItem.Art(artist.fanart1))</visible>
					<left>16</left>
					<top>64</top>
					<width>530</width>
					<height>298</height>
					<aspectratio aligny="top">scale</aspectratio>
					<texture diffuse="tajo/mask_cover3.png" background="true">$INFO[ListItem.Art(artist.fanart)]</texture>
				</control>
				<control type="multiimage">
				<visible>!String.IsEmpty(ListItem.Art(fanart1)) | !String.IsEmpty(ListItem.Art(artist.fanart1))</visible>
					<left>15</left>
					<top>63</top>
					<width>532</width>
					<height>300</height>
					<aspectratio aligny="top">scale</aspectratio>
					<fadetime>650</fadetime>
					<imagepath background="true">$INFO[Control.GetLabel(5777)]</imagepath>
				</control>
				<control type="image">
						<animation type="Conditional" condition="System.IdleTime(3)" reversible="false">
							<effect type="fade" delay="0" start="100" end="0" time="500" />
						</animation>
						<left>15</left>
						<top>63</top>
						<width>532</width>
						<height>300</height>
						<aspectratio aligny="top">scale</aspectratio>
						<texture background="true">$INFO[ListItem.Art(landscape)]</texture>
					</control>
				<control type="image">
				<visible>Container.Content(albums) + !String.StartsWith(ListItem.Label,*)</visible>
					<left>302</left>
					<top>255</top>
					<width>220</width>
					<height>100</height>
					<texture background="true">$INFO[ListItem.Art(artist.clearlogo)]</texture>
					<aspectratio>keep</aspectratio>
				</control>
				<control type="image">
				<visible>Container.Content(albums) + !String.StartsWith(ListItem.Label,*)</visible>
						<animation type="Conditional" condition="System.IdleTime(3)" reversible="false">
							<effect type="fade" delay="0" start="100" end="0" time="500" />
						</animation>
						<left>15</left>
						<top>63</top>
						<width>532</width>
						<height>300</height>
						<aspectratio aligny="top">scale</aspectratio>
						<texture background="true">$INFO[ListItem.Art(artist.landscape)]</texture>
					</control>
				<control type="image">
				<visible>!String.StartsWith(ListItem.Label,*)</visible>
					<top>61</top>
					<left>12</left>
					<width>538</width>
					<height>304</height>
					<aspectratio align="center">stretch</aspectratio>
					<colordiffuse>dd000000</colordiffuse>
					<texture diffuse="tajo/mask_cover3.png">tajo/mask78.png</texture>
				</control>
				<control type="textbox" id="5011">
					<visible>![Container.Content(albums) + String.StartsWith(ListItem.Label,*)]</visible>
					<left>25</left>
					<top>-800</top>
					<width>510</width>
					<height>60</height>
					<aligny>center</aligny>
					<align>center</align>
					<font>titlemus2</font>
					<label>1234 123 $VAR[value_videotitle]</label>
					<textcolor>00ffffff</textcolor>
				</control>
				<control type="label">
					<visible>![Container.Content(albums) + String.StartsWith(ListItem.Label,*)] + !Container(5011).HasNext</visible>
					<left>25</left>
					<top>390</top>
					<width>510</width>
					<height>40</height>
					<aligny>center</aligny>
					<align>center</align>
					<font>titlemove</font>
					<label>$VAR[value_videotitle]</label>
					<textcolor>themecolor</textcolor>
					<shadowcolor>black</shadowcolor>
				</control>
				<control type="textbox">
					<visible>![Container.Content(albums) + String.StartsWith(ListItem.Label,*)] + Container(5011).HasNext</visible>
					<left>25</left>
					<top>360</top>
					<width>510</width>
					<height>90</height>
					<aligny>center</aligny>
					<align>center</align>
					<font>titlemus2</font>
					<label>$VAR[value_videotitle]</label>
					<textcolor>themecolor</textcolor>
				</control>
				<control type="textbox" id="5012">
					<visible>Container.Content(albums) + !String.StartsWith(ListItem.Label,*)</visible>
					<left>25</left>
					<top>-800</top>
					<width>510</width>
					<height>60</height>
					<aligny>center</aligny>
					<align>center</align>
					<font>titlemus2</font>
					<label>1234 123 $INFO[ListItem.Artist]</label>
					<textcolor>00ffffff</textcolor>
				</control>
				<control type="label">
					<visible>Container.Content(albums) + !String.StartsWith(ListItem.Label,*) + !Container(5012).HasNext</visible>
					<left>25</left>
					<top>920</top>
					<width>510</width>
					<height>40</height>
					<aligny>center</aligny>
					<align>center</align>
					<font>titlemove</font>
					<label>$INFO[ListItem.Artist]</label>
					<textcolor>themecolor</textcolor>
					<shadowcolor>black</shadowcolor>
				</control>
				<control type="textbox">
					<visible>Container.Content(albums) + !String.StartsWith(ListItem.Label,*) + Container(5012).HasNext</visible>
					<left>25</left>
					<top>890</top>
					<width>510</width>
					<height>90</height>
					<aligny>center</aligny>
					<align>center</align>
					<font>titlemus2</font>
					<label>$INFO[ListItem.Artist]</label>
					<textcolor>themecolor</textcolor>
					<shadowcolor>black</shadowcolor>
				</control>
				<control type="image">
							<visible>Container.Content(albums)</visible>
							<width>110</width>
							<height>44</height>
							<left>435</left>
							<top>445</top>
							<aspectratio>keep</aspectratio>
							<colordiffuse>99FFFFFF</colordiffuse>
							<texture>$INFO[ListItem.Property(Album_Label),resource://resource.images.recordlabels.white/,.png]</texture>
						</control>
				<control type="image">
					<left>259</left>
					<top>515</top>
					<width>304</width>
					<height>170</height>
					<colordiffuse>ccffffff</colordiffuse>
					<texture background="true">$INFO[ListItem.Art(clearart)]</texture>
					<aspectratio>keep</aspectratio>
				</control>
				<control type="group">
					<visible>Container.Content(artists) + !String.IsEmpty(ListItem.Artist)</visible>
					<control type="textbox">
						<top>450</top>
						<left>25</left>
						<height>40</height>
						<aligny>top</aligny>
						<include>Shelf3DmLabel_Fanart</include>
						<label>$LOCALIZE[132]: [COLOR=FFFFFAF0][B]$INFO[Container(5971).NumItems][/B][/COLOR]</label>
					</control>
					<control type="list" id="5971">
						<top>490</top>
						<left>25</left>
						<width>512</width>
						<height>160</height>
						<orientation>vertical</orientation>
						<scrolltime tween="sine" easing="out">2200</scrolltime>
						<autoscroll>true</autoscroll>
						<viewtype label="11">list</viewtype>
						<itemlayout width="510" height="32">
							<control type="label">
								<font>Font_plot</font>
								<scroll>false</scroll>
								<height>30</height>
								<aligny>center</aligny>
								<label>- [B]$INFO[ListItem.Label][/B] [$INFO[ListItem.Year]]</label>
							</control>
						</itemlayout>
						<focusedlayout width="510" height="32">
							<control type="label">
								<font>Font_plot</font>
								<scroll>false</scroll>
								<height>30</height>
								<aligny>center</aligny>
								<label>- [B]$INFO[ListItem.Label][/B] [$INFO[ListItem.Year]]</label>
							</control>
						</focusedlayout>
						<content target="music" sortby="year" sortorder="ascending">$INFO[Container(597).ListItem.DBID,musicdb://artists/,/]</content>
					</control>
					<control type="textbox" id="5972">
						<left>25</left>
						<top>695</top>
						<width>510</width>
						<height>266</height>
						<font>Font_plot</font>
						<align>justify</align>
						<label>$VAR[value_plot]</label>
						<autoscroll delay="6000" time="2000" repeat="7000">!Skin.HasSetting(noallowscroll)</autoscroll>
					</control>
					<control type="textbox">
						<visible>String.IsEmpty(Control.GetLabel(5972))</visible>
						<top>695</top>
						<left>25</left>
						<height>40</height>
						<aligny>top</aligny>
						<include>Shelf3DmLabel_Fanart</include>
						<label>$LOCALIZE[134]: [COLOR=FFFFFAF0][B]$INFO[Container(5973).NumItems][/B][/COLOR]</label>
					</control>
					<control type="list" id="5973">
						<visible>String.IsEmpty(Control.GetLabel(5972))</visible>
						<width>512</width>
						<height>223</height>
						<left>25</left>
						<top>732</top>
						<orientation>vertical</orientation>
						<scrolltime tween="sine" easing="out">2200</scrolltime>
						<autoscroll>true</autoscroll>
						<viewtype label="14">list</viewtype>
						<itemlayout width="510" height="28">
							<control type="label">
								<scroll>false</scroll>
								<height>28</height>
								<aligny>center</aligny>
								<font>font13</font>
								<label>- $INFO[ListItem.Label] [$INFO[ListItem.Duration]]</label>
							</control>
						</itemlayout>
						<focusedlayout width="510" height="28">
							<control type="label">
								<scroll>false</scroll>
								<height>28</height>
								<aligny>center</aligny>
								<font>font13</font>
								<label>- $INFO[ListItem.Label] [$INFO[ListItem.Duration]]</label>
							</control>
						</focusedlayout>
						<content target="music" sortby="track" sortorder="ascending">$INFO[Container(597).ListItem.DBID,musicdb://artists/,/*]</content>
					</control>
				</control>
				<control type="group">
					<visible>Container.Content(albums) + !String.IsEmpty(ListItem.Album)</visible>
					<control type="textbox">
						<visible>String.IsEmpty(ListItem.Property(Album_Description))</visible>
						<left>25</left>
						<top>430</top>
						<height>74</height>
						<width>510</width>
						<font>font13</font>
						<aligny>center</aligny>
						<align>left</align>
						<textcolor>themecolor</textcolor>
						<label>$LOCALIZE[134]: [COLOR=FFFFFFFF][B]$INFO[Container(3547).NumItems][/B][/COLOR]</label>
					</control>
					<control type="textbox">
						<visible>!String.IsEmpty(ListItem.Property(Album_Description))</visible>
						<left>25</left>
						<top>430</top>
						<height>74</height>
						<width>510</width>
						<font>font13</font>
						<aligny>center</aligny>
						<align>left</align>
						<textcolor>themecolor</textcolor>
						<label>$LOCALIZE[134]: [COLOR=FFFFFFFF][B]$INFO[Container(3548).NumItems][/B][/COLOR]</label>
					</control>
					<control type="list" id="3547">
						<visible>String.IsEmpty(ListItem.Property(Album_Description))</visible>
						<left>27</left>
						<top>490</top>
						<width>512</width>
						<height>394</height>
						<orientation>vertical</orientation>
						<scrolltime tween="sine" easing="out">2200</scrolltime>
						<autoscroll>true</autoscroll>
						<viewtype label="20">list</viewtype>
						<itemlayout width="510" height="28">
							<control type="label">
								<scroll>false</scroll>
								<height>28</height>
								<aligny>center</aligny>
								<selectedcolor>themecolor</selectedcolor>
								<label>[LOWERCASE][CAPITALIZE]$INFO[ListItem.TrackNumber]. $INFO[ListItem.Label] - $INFO[ListItem.Duration][/CAPITALIZE][/LOWERCASE]</label>
							</control>
						</itemlayout>
						<focusedlayout width="510" height="28">
							<control type="label">
								<scroll>false</scroll>
								<height>28</height>
								<aligny>center</aligny>
								<selectedcolor>themecolor</selectedcolor>
								<label>[LOWERCASE][CAPITALIZE]$INFO[ListItem.TrackNumber]. $INFO[ListItem.Label] - $INFO[ListItem.Duration][/CAPITALIZE][/LOWERCASE]</label>
							</control>
						</focusedlayout>
						<content target="music" sortby="track">$INFO[Container(597).ListItem.DBID,musicdb://albums/,/]</content>
					</control>
					<control type="list" id="3548">
						<visible>!String.IsEmpty(ListItem.Property(Album_Description))</visible>
						<left>25</left>
						<top>490</top>
						<width>512</width>
						<height>171</height>
						<orientation>vertical</orientation>
						<scrolltime tween="sine" easing="out">2200</scrolltime>
						<autoscroll>true</autoscroll>
						<viewtype label="20">list</viewtype>
						<itemlayout width="510" height="28">
							<control type="label">
								<scroll>false</scroll>
								<height>28</height>
								<aligny>center</aligny>
								<selectedcolor>themecolor</selectedcolor>
								<label>[LOWERCASE][CAPITALIZE]$INFO[ListItem.TrackNumber]. $INFO[ListItem.Label] - $INFO[ListItem.Duration][/CAPITALIZE][/LOWERCASE]</label>
							</control>
						</itemlayout>
						<focusedlayout width="510" height="28">
							<control type="label">
								<scroll>false</scroll>
								<height>28</height>
								<aligny>center</aligny>
								<selectedcolor>themecolor</selectedcolor>
								<label>[LOWERCASE][CAPITALIZE]$INFO[ListItem.TrackNumber]. $INFO[ListItem.Label] - $INFO[ListItem.Duration][/CAPITALIZE][/LOWERCASE]</label>
							</control>
						</focusedlayout>
						<content target="music" sortby="track">$INFO[Container(597).ListItem.DBID,musicdb://albums/,/]</content>
					</control>
					<control type="textbox">
						<left>25</left>
						<top>698</top>
						<height>170</height>
						<width>510</width>
						<font>Font_plot</font>
						<align>justify</align>
						<autoscroll delay="6000" time="2000" repeat="6000">!Skin.HasSetting(noallowscroll)</autoscroll>
						<label>$INFO[ListItem.Property(Album_Description)]</label>
					</control>
				</control>
			</control>
		</control>
		<control type="group">
			<visible>Control.IsVisible(597)</visible>
			<top>97</top>
			<left>98</left>
			<control type="label">
				<align>center</align>
				<left>-85</left>
				<top>-78</top>
				<width>105</width>
				<height>40</height>
				<textcolor>FFFFFAF0</textcolor>
				<shadowcolor>black</shadowcolor>
				<font>Font_plot3</font>
				<label>$INFO[System.Time(hh:mm)]</label>
			</control>
			<control type="label">
				<align>right</align>
				<left>10</left>
				<top>-80</top>
				<width>100</width>
				<height>40</height>
				<textcolor>themecolor</textcolor>
				<shadowcolor>black</shadowcolor>
				<font>Font_plot</font>
				<label>$INFO[Container.CurrentItem]</label>
			</control>
			<control type="label">
				<align>left</align>
				<left>118</left>
				<top>-80</top>
				<width>150</width>
				<height>40</height>
				<textcolor>FFFFFAF0</textcolor>
				<shadowcolor>black</shadowcolor>
				<font>Font_plot</font>
				<label>/ $INFO[Container.NumItems]</label>
			</control>
		</control>
	</include>
</includes>
