<includes>
	<!--#############################################################################   VISTA TRIPLE 3D - ID 590   #############################################################################-->
	<include name="ViewTriple3D">
		<control type="group">
			<visible>Control.IsVisible(590)</visible>
			<top>-13</top>
			<left>8</left>
			<animation effect="rotatey" center="auto" start="10" end="10" time="0" condition="true">Conditional</animation>
			<include>ViewBack4</include>
			<control type="image">
			<animation effect="rotatey" center="auto" start="-10" end="-10" time="0" condition="true">Conditional</animation>
				<left>-107</left>
				<top>-7</top>
				<width>502</width>
				<height>1120</height>
				<animation effect="fade" end="65" condition="true">Conditional</animation>
				<texture diffuse="tajo/mask_cover3.png">tajo/solid_bg.png</texture>
				<aspectratio align="center">stretch</aspectratio>
				<colordiffuse>black</colordiffuse>
			</control>
			<control type="image">
				<left>518</left>
				<top>20</top>
				<width>565</width>
				<height>1068</height>
				<animation effect="fade" end="65" condition="true">Conditional</animation>
				<texture diffuse="tajo/mask_cover3.png">tajo/solid_bg.png</texture>
				<aspectratio align="center">stretch</aspectratio>
				<colordiffuse>black</colordiffuse>
			</control>
			<control type="image">
						<left>425</left>
						<top>1084</top>
						<width>635</width>
						<height>3</height>
						<texture diffuse="tajo/shadow_mask_v5.png">tajo/line.png</texture>
			</control>
			<control type="image">
			<animation effect="rotate" center="auto" start="90" end="90" condition="true">Conditional</animation>
				<left>518</left>
				<top>528</top>
				<width>1127</width>
				<height>3</height>
				<texture>tajo/line.png</texture>
			</control>
			<control type="image">
			<animation effect="rotate" center="auto" start="-90" end="-90" condition="true">Conditional</animation>
				<left>-11</left>
				<top>548</top>
				<width>1062</width>
				<height>3</height>
				<texture>tajo/line.png</texture>
			</control>
			<control type="image">
			<animation effect="rotatey" center="auto" start="-10" end="-10" time="0" condition="true">Conditional</animation>
				<left>-227</left>
				<top>-33</top>
				<width>67</width>
				<height>1173</height>
				<animation effect="fade" end="65" condition="true">Conditional</animation>
				<texture diffuse="tajo/mask_cover3.png">tajo/solid_bg.png</texture>
				<aspectratio align="center">stretch</aspectratio>
				<colordiffuse>black</colordiffuse>
			</control>
			<control type="fadelabel" id="5907">
				<top>-1000</top>
				<width>1</width>
				<height>1</height>
				<info>ListItem.Art(characterart)</info>
				<info>ListItem.Art(characterart1)</info>
				<info>ListItem.Art(characterart2)</info>
				<info>ListItem.Art(characterart3)</info>
				<info>ListItem.Art(characterart4)</info>
				<info>ListItem.Art(characterart5)</info>
				<info>ListItem.Art(characterart6)</info>
				<info>ListItem.Art(characterart7)</info>
				<info>ListItem.Art(characterart8)</info>
				<info>ListItem.Art(characterart9)</info>
				<info>ListItem.Art(clearart)</info>
				<randomize>true</randomize>
				<pauseatend>3000</pauseatend>
				<scroll>false</scroll>
				<scrollout>false</scrollout>
				<resetonlabelchange>true</resetonlabelchange>
			</control>
			<control type="multiimage">
				<visible>Container.Content(tvshows) + [Control.HasFocus(5903) | Control.HasFocus(5904)]</visible>
				<animation effect="rotatey" center="auto" start="-10" end="-10" time="0" condition="true">Conditional</animation>
				<left>1160</left>
				<top>440</top>
				<width>450</width>
				<height>450</height>
				<colordiffuse>ffffffff</colordiffuse>
				<aspectratio align="center" aligny="center">keep</aspectratio>
				<fadetime>500</fadetime>
				<imagepath background="true">$INFO[Control.GetLabel(5907)]</imagepath>
			</control>
			<control type="textbox">
			<visible>Container.Content(tvshows) + [Control.HasFocus(5903) | Control.HasFocus(5904)]</visible>
			<animation effect="rotatey" center="auto" start="-10" end="-10" time="0" condition="true">Conditional</animation>
				<align>center</align>
				<left>920</left>
				<top>890</top>
				<width>830</width>
				<height>154</height>
				<textcolor>themecolor</textcolor>
				<shadowcolor>black</shadowcolor>
				<font>titlelist</font>
				<label>$INFO[ListItem.Label]</label>
			</control>
			<control type="image">
			<animation effect="rotatey" center="auto" start="-10" end="-10" time="0" condition="true">Conditional</animation>
				<left>973</left>
				<top>30</top>
				<width>1400</width>
				<height>1200</height>
				<animation effect="fade" end="65" condition="true">Conditional</animation>
				<texture diffuse="tajo/mask_cover3.png">tajo/solid_bg.png</texture>
				<aspectratio align="center">stretch</aspectratio>
				<colordiffuse>black</colordiffuse>
			</control>
			<control type="group">
			<visible>Container.Content(movies) | Container.Content(tvshows) | Container.Content(sets)</visible>
				<control type="wraplist" id="590">
				<animation effect="rotatey" center="auto" start="-10" end="-10" time="0" condition="true">Conditional</animation>
					<viewtype label="Triple 3D">list</viewtype>
					<width>600</width>
					<height>1105</height>
					<top>0</top>
					<left>-97</left>
					<pagecontrol>80</pagecontrol>
					<scrolltime tween="cubic" easing="out">500</scrolltime>
					<orientation>vertical</orientation>
					<movement>2</movement>
					<focusposition>1</focusposition>
					<preloaditems>2</preloaditems>
					<onleft condition="!Container.Content(seasons) + !Container.Content(episodes) + [String.Contains(Container.SortMethod,$LOCALIZE[369]) | String.Contains(Container.SortMethod,$LOCALIZE[557])]">5919</onleft>
					<onleft>80</onleft>
					<onright condition="Container.Content(tvshows) + Control.IsVisible(5903)">5903</onright>
					<onright condition="Container.Content(movies) | Container.Content(sets)">SetProperty(MediaMenu,True,home)</onright>
					<onright condition="Container.Content(movies) | Container.Content(sets)">SetFocus(9050)</onright>
					<onup>590</onup>
					<ondown>590</ondown>
					<visible>Container.Content(movies) | Container.Content(tvshows) | Container.Content(sets)</visible>
					<focusedlayout height="276">
						<control type="group">
							<control type="image">
								<visible>Control.HasFocus(590)</visible>
								<width>496</width>
								<height>278</height>
								<texture diffuse="tajo/mask_cover3.png">tajo/backani.gif</texture>
								<aspectratio align="center">stretch</aspectratio>
								<colordiffuse>bbffffff</colordiffuse>
							</control>
							<control type="image">
								<visible>Control.HasFocus(5903) | Control.HasFocus(5904) | Control.HasFocus(5919)</visible>
								<width>496</width>
								<height>278</height>
								<texture diffuse="tajo/recua.png">tajo/backani.gif</texture>
								<aspectratio align="center">stretch</aspectratio>
							</control>
							<control type="image">
								<visible>Control.HasFocus(590)</visible>
								<top>-1</top>
								<left>-1</left>
								<width>498</width>
								<height>280</height>
								<aspectratio align="center">stretch</aspectratio>
								<colordiffuse>dd000000</colordiffuse>
								<texture diffuse="tajo/mask_cover3.png">tajo/mask78.png</texture>
							</control>
						</control>
						<control type="group">
							<top>15</top>
							<left>30</left>
							<control type="group">
								<control type="image">
									<left>10</left>
									<width>420</width>
									<height>247</height>
									<texture diffuse="tajo/mask_cover3.png" background="true">$INFO[ListItem.Art(fanart)]</texture>
									<aspectratio align="center">scale</aspectratio>
								</control>
								<control type="image">
									<left>10</left>
									<width>55</width>
									<height>55</height>
									<texture flipx="true" colordiffuse="DDff0303">$VAR[watched_style]</texture>
									<visible>String.IsEqual(ListItem.Overlay,OverlayWatched.png)</visible>
								</control>
								<control type="image">
									<animation effect="fade" end="45" condition="true">Conditional</animation>
									<left>10</left>
									<top>80</top>
									<width>420</width>
									<height>167</height>
									<texture diffuse="tajo/mask_cover3.png">tajo/shadow_mask.png</texture>
									<colordiffuse>black</colordiffuse>
								</control>
								<control type="image">
									<top>-1</top>
									<left>8</left>
									<width>424</width>
									<height>249</height>
									<aspectratio align="center">stretch</aspectratio>
									<colordiffuse>dd000000</colordiffuse>
									<texture diffuse="tajo/mask_cover3.png">tajo/mask78.png</texture>
								</control>
								<control type="image">
									<left>130</left>
									<top>80</top>
									<width>260</width>
									<height>157</height>
									<aspectratio aligny="bottom" align="right">keep</aspectratio>
									<texture background="true">$INFO[ListItem.Art(clearlogo)]</texture>
								</control>
								<control type="textbox">
									<visible>String.IsEmpty(ListItem.Art(clearlogo))</visible>
									<left>20</left>
									<top>157</top>
									<width>390</width>
									<height>117</height>
									<align>right</align>
									<font>titletri</font>
									<label>$INFO[ListItem.Label]</label>
									<textcolor>white</textcolor>
									<shadowcolor>black</shadowcolor>
								</control>
							</control>
						</control>
					</focusedlayout>
					<itemlayout height="276">
					<control type="image">
						<left>-130</left>
						<top>-2</top>
						<width>630</width>
						<height>3</height>
						<texture diffuse="tajo/shadow_mask_v5.png">tajo/line.png</texture>
					</control>
						<control type="group">
							<top>15</top>
							<left>30</left>
							<control type="group">
								<control type="image">
									<left>10</left>
									<width>420</width>
									<height>247</height>
									<texture diffuse="tajo/mask_cover3.png" background="true">$INFO[ListItem.Art(fanart)]</texture>
									<aspectratio align="center">scale</aspectratio>
								</control>
								<control type="image">
									<left>10</left>
									<width>55</width>
									<height>55</height>
									<texture flipx="true" colordiffuse="DDff0303">$VAR[watched_style]</texture>
									<visible>String.IsEqual(ListItem.Overlay,OverlayWatched.png)</visible>
								</control>
								<control type="image">
									<animation effect="fade" end="45" condition="true">Conditional</animation>
									<left>10</left>
									<top>80</top>
									<width>420</width>
									<height>167</height>
									<texture diffuse="tajo/mask_cover3.png">tajo/shadow_mask.png</texture>
									<colordiffuse>black</colordiffuse>
								</control>
								<control type="image">
									<top>-1</top>
									<left>8</left>
									<width>424</width>
									<height>249</height>
									<aspectratio align="center">stretch</aspectratio>
									<colordiffuse>dd000000</colordiffuse>
									<texture diffuse="tajo/mask_cover3.png">tajo/mask78.png</texture>
								</control>
								<control type="image">
									<left>130</left>
									<top>80</top>
									<width>260</width>
									<height>157</height>
									<aspectratio aligny="bottom" align="right">keep</aspectratio>
									<texture background="true">$INFO[ListItem.Art(clearlogo)]</texture>
								</control>
								<control type="textbox">
									<visible>String.IsEmpty(ListItem.Art(clearlogo))</visible>
									<left>20</left>
									<top>157</top>
									<width>390</width>
									<height>117</height>
									<align>right</align>
									<font>titletri</font>
									<label>$INFO[ListItem.Label]</label>
									<textcolor>white</textcolor>
									<shadowcolor>black</shadowcolor>
								</control>
								<control type="image">
									<colordiffuse>50000000</colordiffuse>
									<left>8</left>
									<width>424</width>
									<height>247</height>
									<texture diffuse="tajo/mask_cover3.png">tajo/solid_bg.png</texture>
									<aspectratio align="center">scale</aspectratio>
								</control>
								<control type="image">
								<visible>!Control.HasFocus(590)</visible>
									<colordiffuse>65000000</colordiffuse>
									<left>8</left>
									<width>424</width>
									<height>247</height>
									<texture diffuse="tajo/mask_cover3.png">tajo/solid_bg.png</texture>
									<aspectratio align="center">scale</aspectratio>
								</control>
							</control>
						</control>
					</itemlayout>
				</control>
				<control type="group">
				<visible>Container.Content(movies) | Container.Content(sets)</visible>
				<control type="image">
					<left>540</left>
					<top>36</top>
					<width>520</width>
					<height>768</height>
					<fadetime>250</fadetime>
					<aspectratio aligny="top" align="center">scale</aspectratio>
					<texture diffuse="tajo/mask_cover3.png" background="true">$INFO[ListItem.Art(poster)]</texture>
				</control>
								<control type="image">
									<animation effect="fade" end="25" condition="true">Conditional</animation>
									<left>540</left>
									<top>280</top>
									<width>520</width>
									<height>528</height>
									<texture diffuse="tajo/mask_cover3.png">tajo/shadow_mask.png</texture>
									<colordiffuse>black</colordiffuse>
								</control>
				<control type="image">
									<top>34</top>
									<left>538</left>
									<width>525</width>
									<height>775</height>
									<aspectratio align="center">stretch</aspectratio>
									<colordiffuse>dd000000</colordiffuse>
									<texture diffuse="tajo/mask_cover3.png">tajo/mask77.png</texture>
				</control>
				<control type="image">
				<visible>ListItem.IsCollection</visible>
					<left>675</left>
					<top>825</top>
					<width>260</width>
					<height>220</height>
					<fadetime>250</fadetime>
					<colordiffuse>ddffffff</colordiffuse>
					<aspectratio aligny="center" align="center">keep</aspectratio>
					<texture background="true">$INFO[ListItem.Art(clearart)]</texture>
				</control>
					<control type="textbox">
					<visible>!ListItem.IsCollection</visible>
					<left>530</left>
					<top>840</top>
					<width>530</width>
					<align>center</align>
						<include>Shelf3DLabel_Fanart</include>
						<label>[B]$VAR[value_ground16_label]:[/B] [COLOR=FFFFFAF0]$VAR[value_ground16_value]    [/COLOR] [CAPITALIZE][B][LOWERCASE]$LOCALIZE[19081]:[/B][/LOWERCASE][/CAPITALIZE][COLOR=FFFFFAF0] $INFO[ListItem.EndTime][/COLOR]</label>
					</control>
					<control type="group">
					<visible>!ListItem.IsCollection</visible>
					<left>538</left>
					<top>840</top>
					<control type="grouplist">
						<left>10</left>
						<top>50</top>
						<width>1000</width>
					      <height>60</height>
					<orientation>horizontal</orientation>
					<itemgap>10</itemgap>
					<control type="label">
					<font>Font_plot</font>
					<align>right</align>
					<aligny>center</aligny>
					<width>60</width>
					<height>60</height>
					<label>$VAR[audiochannelstajo1]</label>
					</control>
					<control type="image">
					<width>80</width>
					<height>60</height>
					<aligny>center</aligny>
					<texture>$VAR[audioc_1]</texture>
					</control>
					<control type="label">
					<font>Font_plot</font>
					<scroll>false</scroll>
					<align>left</align>
					<aligny>center</aligny>
					<width>60</width>
					<height>60</height>
					<label>[LOWERCASE]$INFO[ListItem.Property(AudioLanguage.1)][/LOWERCASE]</label>
					</control>
					</control>
					<control type="grouplist">
						<left>10</left>
						<top>87</top>
						<width>1000</width>
					      <height>60</height>
					<orientation>horizontal</orientation>
					<itemgap>10</itemgap>
					<control type="label">
					<font>Font_plot</font>
					<align>right</align>
					<aligny>center</aligny>
					<width>60</width>
					<height>60</height>
					<label>$VAR[audiochannelstajo3]</label>
					</control>
					<control type="image">
					<width>80</width>
					<height>60</height>
					<aligny>center</aligny>
					<texture>$VAR[audioc_3]</texture>
					</control>
					<control type="label">
					<font>Font_plot</font>
					<scroll>false</scroll>
					<align>left</align>
					<aligny>center</aligny>
					<width>60</width>
					<height>60</height>
					<label>[LOWERCASE]$INFO[ListItem.Property(AudioLanguage.3)][/LOWERCASE]</label>
					</control>
					</control>
				</control>
				<control type="group">
				<visible>!ListItem.IsCollection</visible>
					<left>805</left>
					<top>840</top>
					<control type="grouplist">
						<left>10</left>
						<top>50</top>
						<width>1000</width>
					      <height>60</height>
					<orientation>horizontal</orientation>
					<itemgap>10</itemgap>
					<control type="label">
					<font>Font_plot</font>
					<align>right</align>
					<aligny>center</aligny>
					<width>60</width>
					<height>60</height>
					<label>$VAR[audiochannelstajo2]</label>
					</control>
					<control type="image">
					<width>80</width>
					<height>60</height>
					<aligny>center</aligny>
					<texture>$VAR[audioc_2]</texture>
					</control>
					<control type="label">
					<font>Font_plot</font>
					<scroll>false</scroll>
					<align>left</align>
					<aligny>center</aligny>
					<width>60</width>
					<height>60</height>
					<label>[LOWERCASE]$INFO[ListItem.Property(AudioLanguage.2)][/LOWERCASE]</label>
					</control>
					</control>
					<control type="grouplist">
						<left>10</left>
						<top>87</top>
						<width>1000</width>
					      <height>60</height>
					<orientation>horizontal</orientation>
					<itemgap>10</itemgap>
					<control type="label">
					<font>Font_plot</font>
					<align>right</align>
					<aligny>center</aligny>
					<width>60</width>
					<height>60</height>
					<label>$VAR[audiochannelstajo4]</label>
					</control>
					<control type="image">
					<width>80</width>
					<height>60</height>
					<aligny>center</aligny>
					<texture>$VAR[audioc_4]</texture>
					</control>
					<control type="label">
					<font>Font_plot</font>
					<scroll>false</scroll>
					<align>left</align>
					<aligny>center</aligny>
					<width>60</width>
					<height>60</height>
					<label>[LOWERCASE]$INFO[ListItem.Property(AudioLanguage.4)][/LOWERCASE]</label>
					</control>
					</control>
				</control>
				<control type="group">
				<visible>!ListItem.IsCollection</visible>
				<left>700</left>
				<width>450</width>
				<height>50</height>
				<top>995</top>
				<control type="image">
				<animation effect="fade" end="90" condition="true">Conditional</animation>
					<top>-2</top>
					<left>32</left>
					<width>190</width>
					<height>50</height>
					<texture fallback="$VAR[styleratingstars,,0.png]">$VAR[styleratingstars]$INFO[ListItem.Rating,,.png]</texture>
					<aspectratio align="left" aligny="center">stretch</aspectratio>
					<colordiffuse>$VAR[colorratingstars]</colordiffuse>
					<visible>!String.IsEqual(ListItem.Label,..)</visible>
				</control>
				<control type="label">
					<left>-25</left>
					<width>70</width>
					<visible>!String.IsEmpty(ListItem.Rating)</visible>
					<align>left</align>
					<aligny>center</aligny>
					<font>font13_bold</font>
					<label>[COLOR white][B]$INFO[ListItem.Rating][/B][/COLOR]</label>
					<textcolor>FFFFFAF0</textcolor>
					<shadowcolor>black</shadowcolor>
				</control>
			</control>
				<control type="group">
				<animation effect="rotatey" center="auto" start="-10" end="-10" time="0" condition="true">Conditional</animation>
				<control type="group">
					<control type="fadelabel" id="5848">
					<top>-1000</top>
					<width>1</width>
					<height>1</height>
					<info>ListItem.Art(fanart1)</info>
					<info>ListItem.Art(fanart2)</info>
					<info>ListItem.Art(fanart3)</info>
					<info>ListItem.Art(fanart4)</info>
					<info>ListItem.Art(fanart5)</info>
					<info>ListItem.Art(fanart6)</info>
					<info>ListItem.Art(fanart7)</info>
					<info>ListItem.Art(fanart8)</info>
					<info>ListItem.Art(fanart9)</info>
					<randomize>false</randomize>
					<pauseatend>7000</pauseatend>
					<scroll>false</scroll>
					<scrollout>false</scrollout>
					<resetonlabelchange>true</resetonlabelchange>
				</control>
				<control type="image">
					<left>1038</left>
					<top>30</top>
					<width>820</width>
					<height>480</height>
					<visible>String.IsEmpty(ListItem.Art(fanart1))</visible>
					<aspectratio aligny="top" align="center">scale</aspectratio>
					<texture diffuse="tajo/mask_cover3.png" background="true">$INFO[ListItem.Art(fanart)]</texture>
				</control>
				<control type="multiimage">
					<left>1038</left>
					<top>30</top>
					<width>820</width>
					<height>480</height>
					<aspectratio aligny="top" align="center">scale</aspectratio>
					<fadetime>500</fadetime>
					<visible>!String.IsEmpty(ListItem.Art(fanart1))</visible>
					<imagepath background="true">$INFO[Control.GetLabel(5848)]</imagepath>
				</control>
				<control type="image">
									<animation effect="fade" end="25" condition="true">Conditional</animation>
									<left>1036</left>
									<top>172</top>
									<width>825</width>
									<height>340</height>
									<texture diffuse="tajo/mask_cover3.png">tajo/shadow_mask.png</texture>
									<colordiffuse>black</colordiffuse>
								</control>
					<control type="image">
					<visible>!String.IsEmpty(ListItem.Art(clearart)) + !ListItem.IsCollection</visible>
					<left>1036</left>
					<top>70</top>
					<width>825</width>
					<height>440</height>
					<texture background="true">tajo/osd_black_bg.png</texture>
					<aspectratio>stretch</aspectratio>
				</control>
				<control type="image">
					<top>28</top>
					<left>1034</left>
					<width>828</width>
					<height>484</height>
					<aspectratio align="center">stretch</aspectratio>
					<colordiffuse>dd000000</colordiffuse>
					<texture diffuse="tajo/mask_cover3.png">tajo/mask78.png</texture>
				</control>
				<control type="image">
				<visible>!ListItem.IsCollection</visible>
					<left>1565</left>
					<top>305</top>
					<width>260</width>
					<height>220</height>
					<fadetime>250</fadetime>
					<colordiffuse>eaffffff</colordiffuse>
					<aspectratio aligny="center" align="center">keep</aspectratio>
					<texture background="true">$INFO[ListItem.Art(clearart)]</texture>
				</control>
				</control>

				<control type="group">
				<left>950</left>
				<top>560</top>
				<control type="group">
					<top>-10</top>
					<left>15</left>
					<control type="textbox" id="2110">
						<top>-800</top>
						<left>60</left>
						<align>center</align>
						<width>860</width>
						<height>60</height>
						<font>titletest</font>
						<label>12345 12345 $VAR[value_videotitle]</label>
						<textcolor>00ffffff</textcolor>
					</control>
					<control type="textbox">
					<visible>!Container(2110).HasNext</visible>
					<animation effect="fade" start="0" end="100" time="250" tween="sine">Visible</animation>
						<top>-16</top>
						<left>58</left>
						<align>center</align>
						<width>860</width>
						<height>100</height>
						<font>titlelist</font>
						<label>$VAR[value_videotitle]</label>
						<textcolor>black</textcolor>
					</control>
					<control type="textbox">
					<visible>!Container(2110).HasNext</visible>
					<animation effect="fade" start="0" end="100" time="200" tween="sine">Visible</animation>
						<top>-15</top>
						<left>59</left>
						<align>center</align>
						<width>860</width>
						<height>100</height>
						<font>titlelist</font>
						<label>$VAR[value_videotitle]</label>
						<textcolor>themecolor</textcolor>
						<shadowcolor>black</shadowcolor>
					</control>
					<control type="textbox" id="2111">
					<animation effect="fade" start="0" end="100" time="250" tween="sine">Visible</animation>
					<visible>Container(2110).HasNext + !Container(2111).HasNext</visible>
						<top>-8</top>
						<left>59</left>
						<align>center</align>
						<width>860</width>
						<height>70</height>
						<font>titlemove</font>
						<label>$VAR[value_videotitle]</label>
						<textcolor>black</textcolor>
					</control>
					<control type="textbox">
					<animation effect="fade" start="0" end="100" time="200" tween="sine">Visible</animation>
					<visible>Container(2110).HasNext + !Container(2111).HasNext</visible>
						<top>-7</top>
						<left>60</left>
						<align>center</align>
						<width>860</width>
						<height>70</height>
						<font>titlemove</font>
						<label>$VAR[value_videotitle]</label>
						<textcolor>themecolor</textcolor>
						<shadowcolor>black</shadowcolor>
					</control>
					<control type="textbox">
					<animation effect="fade" start="0" end="100" time="250" tween="sine">Visible</animation>
					<visible>Container(2111).HasNext</visible>
						<top>-25</top>
						<left>58</left>
						<align>center</align>
						<aligny>center</aligny>
						<width>860</width>
						<height>110</height>
						<font>titleshelf</font>
						<label>$VAR[value_videotitle]</label>
						<textcolor>black</textcolor>
					</control>
					<control type="textbox">
					<animation effect="fade" start="0" end="100" time="200" tween="sine">Visible</animation>
					<visible>Container(2111).HasNext</visible>
						<top>-24</top>
						<left>59</left>
						<align>center</align>
						<aligny>center</aligny>
						<width>860</width>
						<height>110</height>
						<font>titleshelf</font>
						<label>$VAR[value_videotitle]</label>
						<textcolor>themecolor</textcolor>
						<shadowcolor>black</shadowcolor>
					</control>	
				</control>
			</control>
				<control type="textbox">
				<visible>!ListItem.IsCollection</visible>
					<left>1040</left>
					<top>650</top>
					<width>810</width>
					<height>328</height>
					<font>font13_title</font>
					<align>justify</align>
					<label>[B][COLOR themecolor]$VAR[value_ground17_label]:[/COLOR][/B] [COLOR=FFFFFAF0]$VAR[value_ground17_value][/COLOR][B][COLOR themecolor]    [CAPITALIZE]$VAR[value_ground11_label]:[/B][/COLOR] [/CAPITALIZE][COLOR=FFFFFAF0]$VAR[value_ground11_value][/COLOR][CR][COLOR themecolor][B]$VAR[value_ground12_label]:[/B][/COLOR] [COLOR=FFFFFAF0]$VAR[value_ground12_value][/COLOR][B][COLOR themecolor]    $VAR[value_ground14_label]:[/B][/COLOR] [COLOR=FFFFFAF0]$VAR[value_ground14_value][/COLOR][CR][B][COLOR themecolor]$LOCALIZE[207]:[/B][/COLOR] $VAR[value_plot]</label>
					<autoscroll delay="8000" time="2000" repeat="8000">Skin.HasSetting(Enable.AutoScroll)</autoscroll>
				</control>
					<control type="textbox">
					<visible>ListItem.IsCollection</visible>
					<left>1040</left>
					<top>660</top>
					<height>34</height>
					<width>810</width>
					<font>Font_plot</font>
					<aligny>top</aligny>
					<align>center</align>
					<label>[COLOR=themecolor]$LOCALIZE[515]: [/COLOR]$INFO[Container(59230).ListItemAbsolute(0).Genre]</label>
				</control>
				<control type="textbox">
					<visible>ListItem.IsCollection</visible>
					<left>1040</left>
					<top>720</top>
					<height>34</height>
					<width>810</width>
					<font>Font_plot</font>
					<aligny>top</aligny>
					<align>center</align>
					<label>[COLOR=themecolor]$LOCALIZE[342]: [/COLOR][B]$INFO[Container(59230).NumItems][/B]</label>
				</control>
				<control type="list" id="59230">
					<visible>ListItem.IsCollection</visible>
					<scrolltime tween="sine" easing="out">2200</scrolltime>
					<autoscroll>true</autoscroll>
					<left>1040</left>
					<top>780</top>
					<height>281</height>
					<width>810</width>
					<itemlayout height="35">
						<control type="label">
							<left>0</left>
							<top>0</top>
							<height>35</height>
							<width>809</width>
							<align>center</align>
							<scroll>false</scroll>
							<font>Font_plot</font>
							<textcolor>ffd4d4d4</textcolor>
							<label>[B]- $INFO[ListItem.Label] [/B][$INFO[ListItem.Year]]</label>
						</control>
					</itemlayout>
					<focusedlayout height="35">
						<control type="label">
							<left>0</left>
							<top>0</top>
							<height>35</height>
							<width>809</width>
							<align>center</align>
							<scroll>false</scroll>
							<font>Font_plot</font>
							<textcolor>ffd4d4d4</textcolor>
							<label>[B]- $INFO[ListItem.Label] [/B][$INFO[ListItem.Year]]</label>
						</control>
					</focusedlayout>
					<content sortby="year" sortorder="ascending">$INFO[ListItem.FolderPath]</content>
				</control>
			<control type="group">
			<visible>!ListItem.IsCollection</visible>
			<left>1045</left>
			<top>1000</top>
			<!-- Estudio -->
			<control type="image" id="3838">
				<include>FlagImage</include>
				<texture>resource://resource.images.studios.white/$INFO[ListItem.Studio,,.png]</texture>
			</control>
			<control type="label">
				<width>155</width>
				<height>70</height>
				<align>center</align>
				<aligny>center</aligny>
				<label>$INFO[ListItem.Studio]</label>
				<font>font10t</font>
				<textcolor>FFFFFAF0</textcolor>
				<wrapmultiline>true</wrapmultiline>
				<scroll>false</scroll>
				<visible>String.IsEmpty(Control.GetLabel(3838))</visible>
			</control>
			<!-- Mpaa -->
			<control type="image">
				<left>176</left>
				<include>FlagImage</include>
				<texture fallback="flags/flag_default.png">$VAR[mpaa]</texture>
			</control>
			<!-- Codec de video -->
			<control type="image">
				<left>352</left>
				<include>FlagImage</include>
				<texture fallback="flags/flag_default.png">$VAR[videocodec]</texture>
			</control>
			<!-- Resolucao -->
			<control type="image">
				<left>522</left>
				<include>FlagImage</include>
				<texture fallback="flags/flag_default.png">$VAR[mediaicons_path]videoresolution/$INFO[ListItem.VideoResolution,,.png]</texture>
			</control>
			<!-- Aspecto -->
			<control type="image">
				<left>692</left>
				<include>FlagImage</include>
				<texture fallback="flags/flag_default.png">$VAR[mediaicons_path]aspectratio/$INFO[ListItem.VideoAspect,,.png]</texture>
			</control>
		</control>
				</control>
				</control>
			</control>
			<control type="group">
				<visible>Control.IsVisible(590) + Container.Content(tvshows)</visible>
				<control type="fixedlist" id="5903">
				<animation effect="fade" start="100" end="70" condition="!Control.HasFocus(5903) + !Control.HasFocus(5904)">Conditional</animation>
					<width>640</width>
					<height>1064</height>
					<top>21</top>
					<left>518</left>
					<scrolltime tween="cubic" easing="out">500</scrolltime>
					<orientation>vertical</orientation>
					<preloaditems>2</preloaditems>
					<movement>3</movement>
					<focusposition>0</focusposition>
					<onleft>590</onleft>
					<onright>5904</onright>
					<onup>5903</onup>
					<ondown>5903</ondown>
					<viewtype label="Triple 3D">list</viewtype>
					<visible>Container.Content(tvshows)</visible>
					<ondown>5903</ondown>
					<focusedlayout height="266">
						<control type="group">
							<control type="image">
								<visible>Control.HasFocus(5903)</visible>
								<width>564</width>
								<height>266</height>
								<texture diffuse="tajo/mask_cover3.png">tajo/backani.gif</texture>
								<aspectratio align="center">stretch</aspectratio>
								<colordiffuse>bbffffff</colordiffuse>
							</control>
							<control type="image">
								<visible>Control.HasFocus(5903)</visible>
									<colordiffuse>65000000</colordiffuse>
								<width>564</width>
								<height>266</height>
									<texture diffuse="tajo/mask_cover3.png">tajo/solid_bg.png</texture>
									<aspectratio align="center">scale</aspectratio>
								</control>
							<control type="image">
								<visible>Control.HasFocus(5904)</visible>
								<width>564</width>
								<height>266</height>
								<texture diffuse="tajo/recua.png">tajo/backani.gif</texture>
								<aspectratio align="center">stretch</aspectratio>
							</control>
							<control type="image">
								<visible>Control.HasFocus(5903)</visible>
								<top>-1</top>
								<left>-1</left>
								<width>566</width>
								<height>268</height>
								<aspectratio align="center">stretch</aspectratio>
								<colordiffuse>dd000000</colordiffuse>
								<texture diffuse="tajo/mask_cover3.png">tajo/mask78.png</texture>
							</control>
						</control>
						<control type="group">
							<left>35</left>
							<top>13</top>
							<control type="image">
								<left>10</left>
								<width>170</width>
								<height>238</height>
								<texture diffuse="tajo/mask_cover3.png" background="true">$INFO[ListItem.Thumb]</texture>
								<aspectratio align="center">scale</aspectratio>
							</control>
							<control type="image">
								<left>10</left>
								<width>38</width>
								<height>38</height>
								<texture flipx="true" colordiffuse="DDff0303">$VAR[watched_style]</texture>
								<visible>String.IsEqual(ListItem.Overlay,OverlayWatched.png)</visible>
							</control>
							<control type="image">
								<top>-2</top>
								<left>9</left>
								<width>172</width>
								<height>242</height>
								<aspectratio align="center">stretch</aspectratio>
								<colordiffuse>FF000000</colordiffuse>
								<texture diffuse="tajo/mask_cover3.png">tajo/mask77.png</texture>
							</control>
							<control type="textbox">
								<left>220</left>
								<top>5</top>
								<height>210</height>
								<right>30</right>
								<width>260</width>
								<font>fontmusic</font>
								<align>left</align>
								<aligny>center</aligny>
								<textcolor>ffd4d4d4</textcolor>
								<label>$INFO[ListItem.Label] [$INFO[ListItem.Year]]</label>
								<shadowcolor>black</shadowcolor>
							</control>
						</control>
					</focusedlayout>
					<itemlayout height="266">
					<control type="image">
						<left>-80</left>
						<top>-2</top>
						<width>648</width>
						<height>3</height>
						<texture diffuse="tajo/shadow_mask_v5.png">tajo/line.png</texture>
					</control>
						<control type="group">
							<left>35</left>
							<top>13</top>
							<control type="image">
								<left>10</left>
								<width>170</width>
								<height>238</height>
								<texture diffuse="tajo/mask_cover3.png" background="true">$INFO[ListItem.Thumb]</texture>
								<aspectratio align="center">scale</aspectratio>
							</control>
							<control type="image">
								<left>10</left>
								<width>38</width>
								<height>38</height>
								<texture flipx="true" colordiffuse="DDff0303">$VAR[watched_style]</texture>
								<visible>String.IsEqual(ListItem.Overlay,OverlayWatched.png)</visible>
							</control>
							<control type="image">
								<top>-2</top>
								<left>9</left>
								<width>172</width>
								<height>242</height>
								<aspectratio align="center">stretch</aspectratio>
								<colordiffuse>FF000000</colordiffuse>
								<texture diffuse="tajo/mask_cover3.png">tajo/mask77.png</texture>
							</control>
							<control type="textbox">
							<visible>Control.HasFocus(5903)</visible>
								<left>220</left>
								<top>5</top>
								<height>210</height>
								<right>30</right>
								<width>260</width>
								<font>fontmusic2</font>
								<align>left</align>
								<aligny>center</aligny>
								<textcolor>white</textcolor>
								<label>$INFO[ListItem.Label] [$INFO[ListItem.Year]]</label>
								<shadowcolor>black</shadowcolor>
							</control>
							<control type="textbox">
							<visible>!Control.HasFocus(5903)</visible>
								<left>220</left>
								<top>5</top>
								<height>210</height>
								<right>30</right>
								<width>260</width>
								<font>fontmusic2</font>
								<align>left</align>
								<aligny>center</aligny>
								<textcolor>ff696967</textcolor>
								<label>$INFO[ListItem.Label] [$INFO[ListItem.Year]]</label>
								<shadowcolor>black</shadowcolor>
							</control>
								<control type="image">
									<colordiffuse>50000000</colordiffuse>
									<left>10</left>
									<width>170</width>
									<height>238</height>
									<texture diffuse="tajo/mask_cover3.png">tajo/solid_bg.png</texture>
									<aspectratio align="center">scale</aspectratio>
								</control>
							<control type="image">
								<visible>!Control.HasFocus(5903)</visible>
									<colordiffuse>65000000</colordiffuse>
									<left>10</left>
									<width>170</width>
									<height>238</height>
									<texture diffuse="tajo/mask_cover3.png">tajo/solid_bg.png</texture>
									<aspectratio align="center">scale</aspectratio>
								</control>
						</control>
					</itemlayout>
					<content target="video" sortby="year" sortorder="ascending">$INFO[Container(590).ListItem.FolderPath]</content>
				</control>
			</control>
			<control type="group">
				<visible>Control.IsVisible(590) + Container.Content(tvshows)</visible>
				<control type="fixedlist" id="5904">
				<animation effect="fade" start="100" end="70" condition="!Control.HasFocus(5903) + !Control.HasFocus(5904)">Conditional</animation>
				<animation effect="rotatey" center="auto" start="-10" end="-10" time="0" condition="true">Conditional</animation>
				<width>1000</width>
					<height>984</height>
					<top>60</top>
					<left>989</left>
					<preloaditems>2</preloaditems>
					<onright>SetProperty(MediaMenu,True,home)</onright>
					<onright>SetFocus(9050)</onright>
					<onleft>5903</onleft>
					<onup>5904</onup>
					<ondown>5904</ondown>
					<scrolltime tween="cubic" easing="out">500</scrolltime>
					<orientation>vertical</orientation>
					<movement>12</movement>
					<focusposition>0</focusposition>
					<viewtype label="Triple 3D">list</viewtype>
					<focusedlayout height="61.5" condition="Container.Content(tvshows) + !System.IdleTime(2)">
							<control type="image">
								<top>-500</top>
								<left>-500</left>
								<width>100</width>
								<height>100</height>
								<texture background="true">$INFO[ListItem.Art(thumb)]</texture>
							</control>
						<control type="group">
							<control type="image">
								<visible>Control.HasFocus(5904)</visible>
								<width>847</width>
								<height>61</height>
								<texture diffuse="tajo/mask47.png">tajo/backani.gif</texture>
								<aspectratio align="center">stretch</aspectratio>
								<colordiffuse>bbffffff</colordiffuse>
							</control>
							<control type="image">
								<visible>Control.HasFocus(5904)</visible>
									<colordiffuse>65000000</colordiffuse>
								<width>847</width>
								<height>61</height>
									<texture diffuse="tajo/mask47.png">tajo/solid_bg.png</texture>
									<aspectratio align="center">stretch</aspectratio>
								</control>
							<control type="image">
								<animation effect="fade" end="90" condition="true">Conditional</animation>
								<top>1</top>
								<left>2</left>
								<width>43</width>
								<height>43</height>
								<texture flipx="true" colordiffuse="DDff0303">$VAR[watched_style]</texture>
								<visible>String.IsEqual(ListItem.Overlay,OverlayWatched.png)</visible>
							</control>
							<control type="image">
								<visible>Control.HasFocus(5904)</visible>
								<top>-1</top>
								<left>-1</left>
								<width>849</width>
								<height>63</height>
								<aspectratio align="center">stretch</aspectratio>
								<colordiffuse>dd000000</colordiffuse>
								<texture diffuse="tajo/mask_cover3.png">tajo/mask81.png</texture>
							</control>
						</control>
						<control type="group">
							<control type="label">
								<top>1</top>
								<left>50</left>
								<height>58</height>
								<width>770</width>
								<align>left</align>
								<font>font12d</font>
								<scroll>true</scroll>
								<label>[B]$INFO[ListItem.Label][/B]  ($VAR[ItemDuration])</label>
								<textcolor>white</textcolor>
								<selectedcolor>white</selectedcolor>
								<shadowcolor>black</shadowcolor>
							</control>
						</control>
					</focusedlayout>
					<focusedlayout height="246" condition="Container.Content(tvshows) + System.IdleTime(2) + Control.HasFocus(5904)">
						<control type="group">
							<control type="image">
								<visible>Control.HasFocus(5904)</visible>
								<width>847</width>
								<height>246</height>
								<texture diffuse="tajo/recua.png">tajo/backani.gif</texture>
								<aspectratio align="center">stretch</aspectratio>
								<colordiffuse>f8ffffff</colordiffuse>
							</control>
							<control type="image">
								<visible>Control.HasFocus(5904)</visible>
								<animation effect="fade" end="90" condition="true">Conditional</animation>
								<top>1</top>
								<left>2</left>
								<width>43</width>
								<height>43</height>
								<texture flipx="true" colordiffuse="DDff0303">$VAR[watched_style]</texture>
								<visible>String.IsEqual(ListItem.Overlay,OverlayWatched.png)</visible>
							</control>
							<control type="image">
								<visible>Control.HasFocus(5904)</visible>
								<top>-1</top>
								<left>-1</left>
								<width>849</width>
								<height>248</height>
								<aspectratio align="center">stretch</aspectratio>
								<colordiffuse>dd000000</colordiffuse>
								<texture diffuse="tajo/mask_cover3.png">tajo/mask78.png</texture>
							</control>
						</control>
						<control type="group">
							<visible>Control.IsVisible(5904)</visible>
							<top>15</top>
							<left>30</left>
							<control type="image">
								<top>43</top>
								<left>2</left>
								<width>300</width>
								<height>170</height>
								<texture diffuse="tajo/mask_cover3.png" background="true">$INFO[ListItem.Art(thumb)]</texture>
								<aspectratio align="center">scale</aspectratio>
							</control>
								<control type="image">
									<visible>!String.IsEmpty(ListItem.Art(thumb))</visible>
									<top>42</top>
									<left>1</left>
									<width>302</width>
									<height>172</height>
									<aspectratio align="center">stretch</aspectratio>
									<colordiffuse>dd000000</colordiffuse>
									<texture diffuse="tajo/mask_cover3.png">tajo/mask78.png</texture>
								</control>
							<control type="label">
								<top>-14</top>
								<left>20</left>
								<height>58</height>
								<width>770</width>
								<align>left</align>
								<font>font12d</font>
								<scroll>true</scroll>
								<label>[B]$INFO[ListItem.Label][/B]  ($VAR[ItemDuration])</label>
								<textcolor>white</textcolor>
								<selectedcolor>white</selectedcolor>
								<shadowcolor>black</shadowcolor>
							</control>
							<control type="label">
								<top>21</top>
								<left>317</left>
								<height>58</height>
								<width>785</width>
								<align>left</align>
								<font>font12e</font>
								<scroll>true</scroll>
								<label>[B][CAPITALIZE][COLOR themecolor][LOWERCASE]$LOCALIZE[19081]:[/LOWERCASE][/CAPITALIZE][/COLOR][/B] $INFO[ListItem.EndTime]</label>
								<textcolor>white</textcolor>
								<selectedcolor>white</selectedcolor>
								<shadowcolor>black</shadowcolor>
							</control>
							<control type="group">
								<left>515</left>
								<top>26</top>
								<width>450</width>
								<height>50</height>
								<control type="label">
									<width>70</width>
									<visible>!String.IsEmpty(ListItem.Rating)</visible>
									<align>left</align>
									<aligny>center</aligny>
									<font>font14_bold</font>
									<label>[COLOR=white][B]$INFO[ListItem.Rating][/B][/COLOR]</label>
									<textcolor>white</textcolor>
									<shadowcolor>black</shadowcolor>
								</control>
								<control type="image">
									<top>-4</top>
									<left>57</left>
									<width>190</width>
									<height>50</height>
									<texture fallback="$VAR[styleratingstars,,0.png]">$VAR[styleratingstars]$INFO[ListItem.Rating,,.png]</texture>
									<aspectratio align="left" aligny="center">stretch</aspectratio>
									<colordiffuse>$VAR[colorratingstarsT3D]</colordiffuse>
									<visible>!String.IsEqual(ListItem.Label,..)</visible>
								</control>
							</control>
							<control type="textbox">
								<left>317</left>
								<top>67</top>
								<width>468</width>
								<height>152</height>
								<font>Font_plot4</font>
								<align>justify</align>
								<aligny>top</aligny>
								<textcolor>white</textcolor>
								<selectedcolor>black</selectedcolor>
								<label>$VAR[value_plot]</label>
								<autoscroll delay="5000" time="2000" repeat="5000">!Skin.HasSetting(noallowscroll)</autoscroll>
							</control>
						</control>
					</focusedlayout>
					<itemlayout height="61.5" condition="Container.Content(tvshows)">
					<control type="image">
						<left>-80</left>
						<top>-2</top>
						<width>915</width>
						<height>3</height>
						<texture diffuse="tajo/shadow_mask_v5.png">tajo/line.png</texture>
					</control>
						<control type="image">
							<animation effect="fade" end="70" condition="true">Conditional</animation>
							<top>1</top>
							<left>2</left>
							<width>43</width>
							<height>43</height>
							<texture flipx="true" colordiffuse="DDff0303">$VAR[watched_style]</texture>
							<visible>String.IsEqual(ListItem.Overlay,OverlayWatched.png)</visible>
						</control>
						<control type="label">
						<visible>Control.HasFocus(5904)</visible>
							<top>1</top>
							<left>50</left>
							<height>58</height>
							<width>784</width>
							<align>left</align>
							<font>font12d</font>
							<textcolor>white</textcolor>
							<label>$INFO[ListItem.Label]  ($VAR[ItemDuration])</label>
							<selectedcolor>white</selectedcolor>
							<shadowcolor>black</shadowcolor>
						</control>
						<control type="label">
						<visible>!Control.HasFocus(5904)</visible>
							<top>1</top>
							<left>50</left>
							<height>58</height>
							<width>784</width>
							<align>left</align>
							<font>font12d</font>
							<textcolor>ff696967</textcolor>
							<label>$INFO[ListItem.Label]  ($VAR[ItemDuration])</label>
							<selectedcolor>white</selectedcolor>
							<shadowcolor>black</shadowcolor>
						</control>
					</itemlayout>
					<content target="video" sortby="year" sortorder="ascending">$INFO[Container(5903).ListItem.FolderPath]</content>
				</control>
			</control>
			<control type="multiimage">
			<animation effect="fade" time="300">Hidden</animation>
				<visible>Container.Content(tvshows) + !Control.HasFocus(5903) + !Control.HasFocus(5904)</visible>
				<animation effect="rotatey" center="auto" start="-10" end="-10" time="0" condition="true">Conditional</animation>
				<left>1160</left>
				<top>440</top>
				<width>450</width>
				<height>450</height>
				<colordiffuse>ddffffff</colordiffuse>
				<aspectratio align="center" aligny="center">keep</aspectratio>
				<fadetime>500</fadetime>
				<imagepath background="true">$INFO[Control.GetLabel(5907)]</imagepath>
			</control>
			<control type="textbox">
			<animation effect="fade" time="300">Hidden</animation>
			<visible>Container.Content(tvshows) + !Control.HasFocus(5903) + !Control.HasFocus(5904)</visible>
			<animation effect="rotatey" center="auto" start="-10" end="-10" time="0" condition="true">Conditional</animation>
				<align>center</align>
				<left>920</left>
				<top>890</top>
				<width>830</width>
				<height>154</height>
				<textcolor>themecolor</textcolor>
				<shadowcolor>black</shadowcolor>
				<font>titlelist</font>
				<label>$INFO[ListItem.Label]</label>
			</control>
			<control type="group">
			<visible>Control.IsVisible(590)</visible>
			<animation effect="rotatey" center="auto" start="-10" end="-10" time="0" condition="true">Conditional</animation>
			<top>100</top>
			<left>105</left>
			<control type="label">
				<align>center</align>
				<left>-85</left>
				<top>-78</top>
				<width>105</width>
				<height>40</height>
				<textcolor>FFFFFAF0</textcolor>
				<shadowcolor>black</shadowcolor>
				<font>Font_plot3</font>
				<label>$INFO[System.Time(hh:mm)]</label>
			</control>
			<control type="group">
			<visible>Control.HasFocus(590)</visible>
			<control type="label">
				<align>right</align>
				<left>-105</left>
				<top>945</top>
				<width>100</width>
				<height>40</height>
				<textcolor>themecolor</textcolor>
				<shadowcolor>black</shadowcolor>
				<font>Font_plot3</font>
				<label>$INFO[Container.CurrentItem]</label>
			</control>
			<control type="label">
				<align>left</align>
				<left>4</left>
				<top>945</top>
				<width>150</width>
				<height>40</height>
				<textcolor>FFFFFAF0</textcolor>
				<shadowcolor>black</shadowcolor>
				<font>Font_plot3</font>
				<label>/ $INFO[Container.NumItems]</label>
			</control>
			</control>
			<control type="group">
			<visible>Control.HasFocus(5903)</visible>
			<control type="label">
				<align>right</align>
				<left>-105</left>
				<top>945</top>
				<width>100</width>
				<height>40</height>
				<textcolor>themecolor</textcolor>
				<shadowcolor>black</shadowcolor>
				<font>Font_plot3</font>
				<label>$INFO[Container(5903).Currentitem]</label>
			</control>
			<control type="label">
				<align>left</align>
				<left>4</left>
				<top>945</top>
				<width>150</width>
				<height>40</height>
				<textcolor>FFFFFAF0</textcolor>
				<shadowcolor>black</shadowcolor>
				<font>Font_plot3</font>
				<label>/ $INFO[Container(5903).NumItems]</label>
			</control>
			</control>
			<control type="group">
			<visible>Control.HasFocus(5904)</visible>
			<control type="label">
				<align>right</align>
				<left>-105</left>
				<top>945</top>
				<width>100</width>
				<height>40</height>
				<textcolor>themecolor</textcolor>
				<shadowcolor>black</shadowcolor>
				<font>Font_plot3</font>
				<label>$INFO[Container(5904).Currentitem]</label>
			</control>
			<control type="label">
				<align>left</align>
				<left>4</left>
				<top>945</top>
				<width>150</width>
				<height>40</height>
				<textcolor>FFFFFAF0</textcolor>
				<shadowcolor>black</shadowcolor>
				<font>Font_plot3</font>
				<label>/ $INFO[Container(5904).NumItems]</label>
			</control>
			</control>
		</control>
			<control type="scrollbar" id="80">
			<animation effect="rotatey" center="auto" start="-10" end="-10" time="0" condition="true">Conditional</animation>
				<include>ScrollBar_Vertical</include>
				<left>-204</left>
				<top>-5</top>
				<height>1110</height>
				<onleft>590</onleft>
				<onright>590</onright>
				<visible allowhiddenfocus="true">Control.IsVisible(590) + Control.HasFocus(80)</visible>
			</control>
		</control>
	</include>
</includes>
