<?xml version="1.0" encoding="UTF-8" standalone="yes"?>
<addon id="script.module.t2kfanriffictktw" name="[B]Original Fanriffic Krypton Themes[/B]" version="1.0.2" provider-name="T2K">
  <requires>
    <import addon="xbmc.python" version="2.1.0"/>
  </requires>
  <extension point="xbmc.python.pluginsource" library="default.py">
        <provides>all</provides>
  </extension>
  <extension point="xbmc.service" library="startup.py" start="startup" />
  <extension point="xbmc.addon.metadata">
    <summary lang="en"></summary>
    <description lang="en">In this wizard you will find the Original Fanriffic Themed  Wizard and Tools. Thanks whufclee at NaN, GUYS at TI, Brackets for the app installer!! RomanVM for the PyXBMCt libs. Fire TV Guru for the PyXBMCt layout  Also a very special Thanks to Surfacingx for the code used in this add-on.</description>
    <platform>all</platform>
  </extension>
</addon>