<?xml version="1.0" encoding="UTF-8"?>
<window>
	<defaultcontrol always="true">50</defaultcontrol>
	<menucontrol>9000</menucontrol>
	<views>50,51,550,551</views>
	<controls>
		<!--all content-->
		<control type="group">
			<!--backgrounds (e.g. fanart-->
			<control type="group">
				<include>CommonBackground</include>
			</control>
			<!--views-->
			<control type="group">
				<include>Window_OpenClose_Animation</include>
				<include>CommonRootView</include>
				<!-- view id = 50 -->
				<include>FullWidthList</include>
				<!-- view id = 51 -->
				<include>AddonInfoListView1</include>
				<!-- view id = 550 -->
				<include>AddonInfoThumbView1</include>
				<!-- view id = 551 -->
			</control>
			<!--general window furniture-->
			<control type="group">
				<include>Clock</include>
				<include>CommonPageCount</include>
				<include>CommonNowPlaying</include>
				<include>ScrollOffsetLabel</include>
			</control>
			<!--breadcrumbs-->
			<include content="DynamicLeftBreadcrumb">
				<param name="breadcrumb1-label" value="$LOCALIZE[24001]" />
				<param name="breadcrumb2-label" value="[LOWERCASE]$INFO[Container.FolderName][/LOWERCASE]" />
				<param name="breadcrumb2-visible" value="!String.IsEmpty(Container.FolderName)" />
			</include>
			<include content="DynamicLeftBreadcrumb">
				<param name="breadcrumb-top" value="110" />
				<param name="breadcrumb-height" value="34" />
				<param name="breadcrumb-font" value="breadcrumb.secondary" />
				<param name="breadcrumb1-label" value="$LOCALIZE[31062]" />
				<param name="breadcrumb2-label" value="$INFO[Container.SortMethod]" />
				<param name="breadcrumb2-visible" value="true" />
			</include>
			<!--dialog fade-->
			<include>BehindDialogFadeOut</include>
			<!--view options-->
			<control type="group">
				<left>-375</left>
				<include>SideBladeLeft</include>
				<control type="group">
					<top>100</top>
					<bottom>0</bottom>
					<!--buttons grouplist-->
					<control type="grouplist" id="9000">
						<left>10</left>
						<width>375</width>
						<height>100%</height>
						<onleft>9000</onleft>
						<onright>50</onright>
						<onup>9000</onup>
						<ondown>9000</ondown>
						<onback>50</onback>
						<itemgap>0</itemgap>
						<!--control type="label" id="200">
							<width>375</width>
							<height>52</height>
							<font>font12</font>
							<label>31006</label>
							<textcolor>blue</textcolor>
							<align>center</align>
							<aligny>center</aligny>
						</control-->
						<!--view as-->
						<control type="button" id="2">
							<textwidth>352</textwidth>
							<include>ButtonCommonValues</include>
							<label>-</label>
						</control>
						<!--sort by-->
						<control type="button" id="3">
							<include>ButtonCommonValues</include>
							<label>103</label>
						</control>
						<!--ascending/descending-->
						<control type="togglebutton" id="4">
							<include>ButtonCommonValues</include>
							<label>31051</label>
							<altlabel>31050</altlabel>
							<usealttexture>Container.SortDirection(Ascending)</usealttexture>
						</control>
						<!--choose colour-->
						<control type="button" id="33">
							<label>$LOCALIZE[31919]</label>
							<include>ButtonCommonValues</include>
							<onclick>SetFocus(50)</onclick>
							<onclick>ActivateWindow(1100)</onclick>
						</control>
						<!--control type="label" id="201">
							<width>375</width>
							<height>52</height>
							<font>font12</font>
							<label>31026</label>
							<textcolor>blue</textcolor>
							<align>center</align>
							<aligny>center</aligny>
						</control-->
						<!--hide foreign addons-->
						<control type="radiobutton" id="7">
							<include>ButtonCommonValues</include>
							<label>25001</label>
						</control>
						<!--hide incompatible-->
						<control type="radiobutton" id="8">
							<include>ButtonCommonValues</include>
							<label>24999</label>
						</control>
						<!--check for updates-->
						<control type="button" id="9">
							<include>ButtonCommonValues</include>
							<label>24034</label>
						</control>
						<!--settings-->
						<control type="button" id="5">
							<include>ButtonCommonValues</include>
							<label>10004</label>
						</control>
						<include>CommonNowPlaying_Controls</include>
					</control>
				</control>
			</control>
		</control>
	</controls>
</window>