<?xml version="1.0" encoding="UTF-8"?>
<window>
	<defaultcontrol>9000</defaultcontrol>
	<controls>
		<!--all content-->
		<control type="group">
			<centerleft>50%</centerleft>
			<width>1210</width>
			<visible>!Window.IsVisible(FileBrowser)</visible>
			<animation effect="slide" start="1925,0" end="0,0" time="400" tween="quadratic" easing="out">WindowOpen</animation>
			<animation effect="slide" start="0,0" end="1925,0" time="400" tween="quadratic" easing="out">WindowClose</animation>
			<animation effect="slide" start="-1925,0" end="0,0" time="400" tween="quadratic" easing="out">Visible</animation>
			<animation effect="slide" start="0,0" end="-1925,0" time="400" tween="quadratic" easing="out">Hidden</animation>
			<animation effect="slide" start="0,0" end="-35,0" time="300" condition="Window.IsActive(ShutdownMenu) + !String.IsEqual(Skin.AspectRatio,21:9)">Conditional</animation>
			<!--title bars and backgrounds-->
			<include content="DynamicDialogBackground">
				<param name="dialog-width" value="1210" />
				<param name="glow-width" value="1290" />
				<param name="sidebar-visible" value="true" />
				<param name="sidebar-width" value="320" />
				<param name="buttonbar-visible" value="true" />
			</include>
			<!--close window button-->
			<control type="button">
				<left>5</left>
				<top>0</top>
				<width>50</width>
				<height>25</height>
				<label>-</label>
				<font>-</font>
				<onclick>PreviousMenu</onclick>
				<texturefocus>DialogCloseButton-focus.png</texturefocus>
				<texturenofocus>DialogCloseButton.png</texturenofocus>
				<onleft>9000</onleft>
				<onright>9000</onright>
				<onup>9000</onup>
				<ondown>9000</ondown>
				<visible>system.getbool(input.enablemouse)</visible>
			</control>
			<!--main content-->
			<control type="group">
				<!--title-->
				<control type="label">
					<left>45</left>
					<top>25</top>
					<width>1120</width>
					<height>60</height>
					<font>info.title</font>
					<align>left</align>
					<aligny>center</aligny>
					<textcolor>white</textcolor>
					<label>$LOCALIZE[15020]</label>
				</control>
				<control type="list" id="9000">
					<left>10</left>
					<top>120</top>
					<width>330</width>
					<height>780</height>
					<onup>9000</onup>
					<ondown>9001</ondown>
					<onleft>9001</onleft>
					<onright>20</onright>
					<scrolltime>200</scrolltime>
					<itemlayout height="65" width="330">
						<control type="label">
							<left>15</left>
							<top>0</top>
							<width>270</width>
							<height>60</height>
							<font>button</font>
							<align>left</align>
							<aligny>center</aligny>
							<textcolor>white</textcolor>
							<selectedcolor>selected</selectedcolor>
							<info>ListItem.Label</info>
						</control>
					</itemlayout>
					<focusedlayout height="65" width="330">
						<control type="image">
							<left>0</left>
							<top>0</top>
							<width>300</width>
							<height>60</height>
							<texture colordiffuse="white">backgrounds/white.png</texture>
							<animation effect="fade" start="100" end="50" time="0" condition="!Control.HasFocus(9000)">Conditional</animation>
						</control>
						<control type="label">
							<left>15</left>
							<top>0</top>
							<width>270</width>
							<height>60</height>
							<font>button</font>
							<align>left</align>
							<aligny>center</aligny>
							<textcolor>$VAR[Colour.900]</textcolor>
							<info>ListItem.Label</info>
						</control>
					</focusedlayout>
				</control>
				<!--seperator-->
				<control type="image">
					<left>335</left>
					<top>945</top>
					<width>860</width>
					<height>1</height>
					<aspectratio>stretch</aspectratio>
					<texture colordiffuse="$VAR[Colour.500]">backgrounds/white.png</texture>
				</control>
				<!--Current Mode Description-->
				<control type="textbox">
					<left>340</left>
					<top>952</top>
					<width>845</width>
					<height>50</height>
					<font>secondary.info.small</font>
					<align>left</align>
					<textcolor>text.primary</textcolor>
					<label>$INFO[Container(9000).ListItem.Label2]</label>
				</control>
				<control type="image">
					<left>10</left>
					<top>900</top>
					<width>300</width>
					<height>100</height>
					<aspectratio>keep</aspectratio>
					<texture background="true">$INFO[Container(20).ListItem.Icon]</texture>
					<visible>Control.HasFocus(20) | Control.HasFocus(60)</visible>
				</control>
				<control type="image">
					<left>10</left>
					<top>900</top>
					<width>300</width>
					<height>100</height>
					<aspectratio>keep</aspectratio>
					<texture background="true">$INFO[Container(21).ListItem.Icon]</texture>
					<visible>Control.HasFocus(21) | Control.HasFocus(61)</visible>
				</control>
				<control type="group" id="200">
					<control type="group">
						<left>330</left>
						<top>120</top>
						<control type="label">
							<description>name label</description>
							<left>0</left>
							<top>0</top>
							<width>400</width>
							<height>60</height>
							<font>button.bold</font>
							<textoffsetx>5</textoffsetx>
							<aligny>center</aligny>
							<textcolor>$VAR[Colour.500]</textcolor>
							<label>$LOCALIZE[15050] ($INFO[Container(20).NumItems])</label>
						</control>
						<control type="list" id="20">
							<left>0</left>
							<top>65</top>
							<width>400</width>
							<height>770</height>
							<onup>9001</onup>
							<ondown>9001</ondown>
							<onleft>9000</onleft>
							<onright>60</onright>
							<pagecontrol>60</pagecontrol>
							<scrolltime>200</scrolltime>
							<itemlayout height="50">
								<control type="label">
									<left>15</left>
									<top>0</top>
									<width>370</width>
									<height>45</height>
									<aligny>center</aligny>
									<label>$INFO[ListItem.Label2]: $INFO[ListItem.Label]</label>
								</control>
							</itemlayout>
							<focusedlayout height="70">
								<control type="image">
									<left>0</left>
									<top>0</top>
									<width>400</width>
									<height>65</height>
									<texture colordiffuse="$VAR[Colour.500]">backgrounds/white.png</texture>
									<animation effect="fade" start="100" end="60" time="0" condition="!Control.HasFocus(20)">conditional</animation>
								</control>
								<control type="label">
									<left>15</left>
									<top>0</top>
									<width>370</width>
									<height>35</height>
									<aligny>center</aligny>
									<textcolor>white</textcolor>
									<selectedcolor>selected</selectedcolor>
									<label>$INFO[ListItem.Label2]: $INFO[ListItem.Label]</label>
								</control>
								<control type="label">
									<description>ADSP-Mode description on focus</description>
									<left>15</left>
									<top>30</top>
									<width>370</width>
									<height>30</height>
									<aligny>center</aligny>
									<textcolor>white</textcolor>
									<font>secondary.info.light</font>
									<scroll>false</scroll>
									<selectedcolor>selected</selectedcolor>
									<label>$INFO[ListItem.Property(Description)]</label>
									<visible>!Control.HasFocus(20)</visible>
								</control>
								<control type="label">
									<description>ADSP-Mode description on focus</description>
									<left>15</left>
									<top>30</top>
									<width>370</width>
									<height>30</height>
									<aligny>center</aligny>
									<textcolor>white</textcolor>
									<font>secondary.info.light</font>
									<scroll>true</scroll>
									<scrollsuffix>&gt;   &lt;</scrollsuffix>
									<selectedcolor>selected</selectedcolor>
									<label>$INFO[ListItem.Property(Description)]</label>
									<visible>Control.HasFocus(20)</visible>
								</control>
							</focusedlayout>
						</control>
						<control type="scrollbar" id="60">
							<left>410</left>
							<top>65</top>
							<height>775</height>
							<texturesliderbackground colordiffuse="scroll.secondary">backgrounds/white.png</texturesliderbackground>
							<texturesliderbar colordiffuse="secondary">backgrounds/white.png</texturesliderbar>
							<onleft>20</onleft>
							<onright>21</onright>
							<ondown>60</ondown>
							<onup>60</onup>
						</control>
					</control>
					<control type="image" id="11">
						<left>770</left>
						<top>110</top>
						<height>835</height>
						<width>1</width>
						<aspectratio>stretch</aspectratio>
						<texture colordiffuse="disabled">backgrounds/white.png</texture>
					</control>
					<control type="group">
						<left>790</left>
						<top>120</top>
						<control type="label">
							<description>name label</description>
							<left>0</left>
							<top>0</top>
							<width>400</width>
							<height>60</height>
							<font>button.bold</font>
							<textoffsetx>5</textoffsetx>
							<aligny>center</aligny>
							<textcolor>$VAR[Colour.500]</textcolor>
							<label>$LOCALIZE[15051] ($INFO[Container(21).NumItems])</label>
						</control>
						<control type="list" id="21">
							<left>0</left>
							<top>65</top>
							<width>400</width>
							<height>770</height>
							<onup>9001</onup>
							<ondown>9001</ondown>
							<onleft>60</onleft>
							<onright>61</onright>
							<pagecontrol>61</pagecontrol>
							<scrolltime>200</scrolltime>
							<itemlayout height="50">
								<control type="label">
									<left>15</left>
									<top>0</top>
									<width>370</width>
									<height>45</height>
									<aligny>center</aligny>
									<label>$INFO[ListItem.Label2]: $INFO[ListItem.Label]</label>
								</control>
							</itemlayout>
							<focusedlayout height="70">
								<control type="image">
									<left>0</left>
									<top>0</top>
									<width>400</width>
									<height>65</height>
									<texture colordiffuse="$VAR[Colour.500]">backgrounds/white.png</texture>
									<animation effect="fade" start="100" end="60" time="0" condition="!Control.HasFocus(21)">conditional</animation>
								</control>
								<control type="label">
									<left>15</left>
									<top>0</top>
									<width>370</width>
									<height>35</height>
									<aligny>center</aligny>
									<textcolor>white</textcolor>
									<selectedcolor>selected</selectedcolor>
									<label>$INFO[ListItem.Label2]: $INFO[ListItem.Label]</label>
								</control>
								<control type="label">
									<description>ADSP-Mode description on focus</description>
									<left>15</left>
									<top>30</top>
									<width>370</width>
									<height>30</height>
									<aligny>center</aligny>
									<textcolor>white</textcolor>
									<font>secondary.info.light</font>
									<scroll>false</scroll>
									<selectedcolor>selected</selectedcolor>
									<label>$INFO[ListItem.Property(Description)]</label>
									<visible>!Control.HasFocus(21)</visible>
								</control>
								<control type="label">
									<description>ADSP-Mode description on focus</description>
									<left>15</left>
									<top>30</top>
									<width>370</width>
									<height>30</height>
									<aligny>center</aligny>
									<textcolor>white</textcolor>
									<font>secondary.info.light</font>
									<scroll>true</scroll>
									<scrollsuffix>&gt;   &lt;</scrollsuffix>
									<selectedcolor>selected</selectedcolor>
									<label>$INFO[ListItem.Property(Description)]</label>
									<visible>Control.HasFocus(21)</visible>
								</control>
							</focusedlayout>
						</control>
						<control type="scrollbar" id="61">
							<left>410</left>
							<top>65</top>
							<height>775</height>
							<texturesliderbackground colordiffuse="scroll.secondary">backgrounds/white.png</texturesliderbackground>
							<texturesliderbar colordiffuse="secondary">backgrounds/white.png</texturesliderbar>
							<onleft>21</onleft>
							<onright>9000</onright>
							<ondown>61</ondown>
							<onup>61</onup>
						</control>
					</control>
				</control>
				<!--bottom buttons-->
				<control type="grouplist" id="9001">
					<left>0</left>
					<top>65r</top>
					<width>1210</width>
					<height>60</height>
					<align>justify</align>
					<orientation>horizontal</orientation>
					<onleft>9001</onleft>
					<onright>9001</onright>
					<onup>200</onup>
					<ondown>9000</ondown>
					<control type="radiobutton" id="22">
						<description>Default</description>
						<left>10</left>
						<top>0</top>
						<width>300</width>
						<height>60</height>
						<label>15064</label>
					</control>
					<!--ok button-->
					<include content="AnimatedCircleButtonGroup">
						<param name="button-id" value="23" />
						<param name="button-width" value="270" />
						<param name="button-texture" value="yesbutton" />
						<param name="button-label" value="14070" />
						<param name="button-onup" value="200" />
						<param name="button-ondown" value="9000" />
						<param name="button-onleft" value="22" />
						<param name="button-onright" value="24" />
					</include>
					<!--delete button-->
					<include content="AnimatedCircleButtonGroup">
						<param name="button-id" value="24" />
						<param name="button-width" value="270" />
						<param name="button-texture" value="nobutton" />
						<param name="button-label" value="15066" />
						<param name="button-onup" value="200" />
						<param name="button-ondown" value="9000" />
						<param name="button-onleft" value="23" />
						<param name="button-onright" value="22" />
					</include>
				</control>
			</control>
		</control>
	</controls>
</window>