<?xml version="1.0" encoding="UTF-8"?>
<window>
	<defaultcontrol>1000</defaultcontrol>
	<include>dialogeffect</include>
	<controls>
		<!--all content-->
		<control type="group">
			<left>0r</left>
			<width>405</width>
			<include>SideBladeRight</include>
			<visible>!Window.IsActive(shutdownmenu)</visible>
			<!--close window button-->
			<control type="button">
				<left>35</left>
				<top>0</top>
				<width>50</width>
				<height>25</height>
				<label>-</label>
				<font>-</font>
				<onclick>PreviousMenu</onclick>
				<texturefocus>DialogCloseButton-focus.png</texturefocus>
				<texturenofocus>DialogCloseButton.png</texturenofocus>
				<onleft>2</onleft>
				<onright>2</onright>
				<onup>2</onup>
				<ondown>2</ondown>
				<visible>system.getbool(input.enablemouse)</visible>
			</control>
			<!--title-->
			<control type="label">
				<left>40</left>
				<top>15</top>
				<width>355</width>
				<height>60</height>
				<font>menu.title</font>
				<textcolor>white</textcolor>
				<align>center</align>
				<aligny>center</aligny>
				<label>31065</label>
			</control>
			<control type="group">
				<top>100</top>
				<bottom>0</bottom>
				<!--buttons grouplist-->
				<control type="grouplist" id="996">
					<left>40</left>
					<width>355</width>
					<height>100%</height>
					<itemgap>3</itemgap>
				</control>
			</control>
			<!--button appearance-->
			<control type="button" id="1000">
				<include>ButtonCommonValues</include>
				<align>center</align>
			</control>
		</control>
	</controls>
</window>