<?xml version="1.0" encoding="UTF-8" standalone="yes"?>
<addon id="script.check.theme" name="Check MP3 Theme" version="0.0.1" provider-name="manfeed">
	<requires>
		<import addon="xbmc.python" version="2.25.0"/>
	</requires>
	<extension point="xbmc.python.library" library="default.py"/>
	<extension point="xbmc.addon.metadata">
		<summary lang="en_GB">MP3 theme check addon</summary>
		<description lang="en_GB">Script for skinners to check if a mp3 theme exists.</description>
		<language></language>
		<platform>all</platform>
		<license>GNU GENERAL PUBLIC LICENSE Version 2</license>
		<assets>
			<icon>resources/icon.png</icon>
		</assets>
	</extension>
</addon>
