<?xml version="1.0" encoding="UTF-8" standalone="yes"?>
<addon id="plugin.video.t2kshowbox" version="1.0.0" name="T2K ShowBox" provider-name="T2K">
	<requires>
		<import addon="xbmc.python" version="2.19.0" />
		<import addon="script.module.t2kshowbox" />
		<import addon="script.t2kshowbox.artwork" />
		<import addon="script.t2kshowbox.metadata" />
		<import addon="script.module.urlresolver" version="3.0.0" />
		<import addon="script.module.metahandler" version="1.0.0" />
	</requires>
	<extension point="xbmc.python.pluginsource" library="t2kshowbox.py">
		<provides>video</provides>
	</extension>
	<extension point="xbmc.addon.metadata">
		<summary lang="en"></summary>
		<description lang="en"></description>
		<disclaimer lang="en"></disclaimer>
		<description lang="de"></description>
		<disclaimer lang="de"></disclaimer>
		<description lang="fr"></description>
		<disclaimer lang="fr"></disclaimer>
		<platform>all</platform>
		<forum>https://www.facebook.com/groups/T.2.K.Support/</forum>
		<website>https://www.t2k-cloud.co.uk</website>
		<source>https://www.t2k-cloud.co.uk/Repo</source>
		<assets>
			<icon>icon.png</icon>
			<fanart>fanart.jpg</fanart>
			<screenshot>resources/screenshots/screenshot-01.jpg</screenshot>
			<screenshot>resources/screenshots/screenshot-02.jpg</screenshot>
			<screenshot>resources/screenshots/screenshot-03.jpg</screenshot>
		</assets>
		<news>- Initial release
- Free movies
- Free TV Shows</news>
	</extension>
</addon>
