<?xml version="1.0" encoding="UTF-8"?>
<window type="dialog" id="1157">
    <onload>Stop</onload>
    <onload condition="!String.IsEmpty(Window(home).Property(theme_ready)) + String.IsEmpty(Window(home).Property(PlayingOST)) + !String.Contains(ListItem.Path,http)">PlayMedia($ESCINFO[ListItem.Path,,theme.mp3])</onload>
    <onload>SetProperty(OST,$INFO[ListItem.Path],home)</onload>
    <onload>SetProperty(PlayingOST,True,home)</onload>
    <visible>System.IdleTime(3) + [!String.IsEqual(ListItem.Path,Window(home).Property(OST)) | !Player.Playing]</visible>
    <visible>!ListItem.IsCollection + !String.Contains(ListItem.Path,thumb:) + !String.Contains(ListItem.Path,image:) + !String.Contains(ListItem.Path,plugin) + !String.Contains(ListItem.Path,videodb:)</visible>
    <visible>Container.Content(movies) | [Container.Content(tvshows) + !Player.Playing] | [Container.Content(seasons) + !Player.Playing]</visible>
    <visible>!Window.IsActive(movieinformation)</visible>
    <visible>Window.IsActive(videos) + Skin.HasSetting(playTheme)</visible>
    <controls>
    </controls>
</window>