<includes>
	<!--##################################################################################   VISTA Shelf3D music - ID 598   #############################################################################-->
	<include name="Shelf3DmLabel_Fanart">
		<left>0</left>
		<height>30</height>
		<width>518</width>
		<font>Font_plot</font>
		<aligny>top</aligny>
		<align>left</align>
		<textcolor>themecolor</textcolor>
		<textoffsetx>0</textoffsetx>
		<textoffsety>0</textoffsety>
		<scroll>false</scroll>
	</include>
	<include name="ViewShelf3Dm">
		<control type="group">
			<top>25</top>
			<visible>[Container.Content(albums) | Container.Content(artists)] + Control.IsVisible(598)</visible>
			<control type="group">
				<!-- default group -->
				<visible>Control.IsVisible(598)</visible>
				<control type="group">
					<!-- panel de info fanart layout -->
					<left>1</left>
					<top>-125</top>
					<animation effect="slide" start="0,-900" end="0,0" time="500" tween="sine" easing="inout">Visible</animation>
					<animation effect="slide" start="0,0" end="0,-900" time="500" tween="sine" easing="inout">Hidden</animation>
					<control type="image">
						<left>-30</left>
						<top>28</top>
						<width>2040</width>
						<height>1277</height>
						<texture diffuse="tajo/mask_cover3.png">tajo/darkgrey.png</texture>
						<colordiffuse>themecolor</colordiffuse>
						<animation effect="fade" end="85" condition="true">Conditional</animation>
					</control>
					<control type="image">
						<left>-31</left>
						<top>27</top>
						<width>2042</width>
						<height>1279</height>
						<aspectratio aligny="top">stretch</aspectratio>
						<colordiffuse>dd000000</colordiffuse>
						<texture diffuse="tajo/mask_cover3.png">tajo/mask82.png</texture>
					</control>
					<control type="group">
					<left>20</left>
					<top>-15</top>
					<control type="image">
						<visible>Container.Content(artists) + !String.IsEmpty(ListItem.Artist)</visible>
						<left>70</left>
						<top>150</top>
						<width>400</width>
						<height>250</height>
						<colordiffuse>ddFFFFFF</colordiffuse>
						<aspectratio aligny="center">keep</aspectratio>
						<texture background="true">$INFO[ListItem.Art(clearart)]</texture>
					</control>
					<control type="image">
						<visible>Container.Content(artists) + !String.IsEmpty(ListItem.Artist) + String.IsEmpty(ListItem.Art(clearart))</visible>
						<left>70</left>
						<top>150</top>
						<width>400</width>
						<height>250</height>
						<colordiffuse>ddFFFFFF</colordiffuse>
						<aspectratio aligny="center">keep</aspectratio>
						<texture background="true">$INFO[ListItem.Art(clearlogo)]</texture>
					</control>
					<control type="image">
					<visible>Container.Content(albums) + !String.StartsWith(ListItem.Label,*)</visible>
					<animation effect="slide" start="0,0" end="0,80" time="0" condition="String.IsEmpty(ListItem.Property(Album_Description))">Conditional</animation>
						<left>70</left>
						<top>150</top>
						<width>400</width>
						<height>250</height>
						<colordiffuse>DDFFFFFF</colordiffuse>
						<aspectratio aligny="center">keep</aspectratio>
						<texture background="true">$INFO[ListItem.Art(artist.clearart)]</texture>
					</control>
					<control type="image">
					<visible>Container.Content(albums) + !String.StartsWith(ListItem.Label,*) + String.IsEmpty(ListItem.Art(artist.clearart))</visible>
					<animation effect="slide" start="0,0" end="0,80" time="0" condition="String.IsEmpty(ListItem.Property(Album_Description))">Conditional</animation>
						<left>70</left>
						<top>150</top>
						<width>400</width>
						<height>250</height>
						<colordiffuse>DDFFFFFF</colordiffuse>
						<aspectratio aligny="center">keep</aspectratio>
						<texture background="true">$INFO[ListItem.Art(artist.clearlogo)]</texture>
					</control>
				<control type="label">
					<left>40</left>
					<top>150</top>
					<width>450</width>
					<height>400</height>
					<align>center</align>
					<aligny>center</aligny>
					<label>$INFO[ListItem.Artist]</label>
					<font>titlemove</font>
					<textcolor>white</textcolor>
					<wrapmultiline>true</wrapmultiline>
					<visible>Container.Content(albums) + !String.StartsWith(ListItem.Label,*) + String.IsEmpty(ListItem.Art(artist.clearart)) + String.IsEmpty(ListItem.Art(artist.clearlogo)) + String.IsEmpty(ListItem.Property(Album_Description))</visible>
				</control>
				<control type="label">
					<left>40</left>
					<top>150</top>
					<width>450</width>
					<height>220</height>
					<align>center</align>
					<aligny>center</aligny>
					<label>$INFO[ListItem.Artist]</label>
					<font>titlemove</font>
					<textcolor>white</textcolor>
					<wrapmultiline>true</wrapmultiline>
					<visible>Container.Content(albums) + !String.StartsWith(ListItem.Label,*) + String.IsEmpty(ListItem.Art(artist.clearart)) + String.IsEmpty(ListItem.Art(artist.clearlogo)) + !String.IsEmpty(ListItem.Property(Album_Description))</visible>
				</control>
					<control type="group">
						<visible>Container.Content(artists)</visible>
						<top>92</top>
						<left>149</left>
						<control type="textbox" id="21010">
						<top>-800</top>
						<left>60</left>
						<align>right</align>
						<width>896</width>
						<height>45</height>
							<font>titlemus</font>
							<label>123456 12345 12345 $INFO[ListItem.Artist]</label>
						<textcolor>00ffffff</textcolor>
					</control>
						<control type="textbox">
						<animation effect="fade" start="0" end="100" time="200" tween="sine">Visible</animation>
						<visible>!Container(21010).HasNext</visible>
							<left>-150</left>
							<top>525</top>
							<width>896</width>
							<height>80</height>
							<align>right</align>
							<font>titlelist</font>
							<label>$INFO[ListItem.Artist]</label>
							<textcolor>themecolor</textcolor>
							<shadowcolor>black</shadowcolor>
						</control>
					<control type="textbox">
					<animation effect="fade" start="0" end="100" time="250" tween="sine">Visible</animation>
					<visible>Container(21010).HasNext</visible>
						<top>500</top>
						<left>-150</left>
						<align>right</align>
						<aligny>center</aligny>
						<width>896</width>
						<height>140</height>
						<font>titlemove2</font>
							<label>$INFO[ListItem.Artist]</label>
							<textcolor>themecolor</textcolor>
							<shadowcolor>black</shadowcolor>
					</control>
					</control>
					<control type="label">
						<!-- Years -->
						<visible>Container.Content(albums)</visible>
						<left>1610</left>
						<top>625</top>
						<width>240</width>
						<height>45</height>
						<align>left</align>
						<font>titlemove</font>
						<label>$INFO[ListItem.Year]</label>
						<textcolor>themecolor</textcolor>
						<shadowcolor>black</shadowcolor>
					</control>
					<control type="image">
						<animation effect="rotatey" center="50" start="7" end="7" time="0" condition="true">Conditional</animation>
						<visible>Container.Content(albums)</visible>
						<width>120</width>
						<height>25</height>
						<left>1715</left>
						<top>610</top>
						<aspectratio>keep</aspectratio>
						<colordiffuse>eeFFFFFF</colordiffuse>
						<texture>$INFO[ListItem.Property(Album_Label),resource://resource.images.recordlabels.white/,.png]</texture>
					</control>
					<control type="group">
						<visible>Container.Content(artists) + !String.IsEmpty(ListItem.Artist) + Control.IsVisible(598)</visible>
						<control type="textbox">
						<animation effect="slide" start="0,0" end="0,-150" time="0" condition="String.IsEmpty(ListItem.Art(clearart)) + String.IsEmpty(ListItem.Art(clearlogo))">Conditional</animation>
							<top>402</top>
							<left>35</left>
							<height>40</height>
							<aligny>top</aligny>
							<include>Shelf3DmLabel_Fanart</include>
							<label>[B]$LOCALIZE[132]: [/B][COLOR=FFFFFAF0][B]$INFO[Container(5982).NumItems][/B][/COLOR]</label>
						</control>
						<control type="group">
						<animation effect="slide" start="0,0" end="0,-150" time="0" condition="String.IsEmpty(ListItem.Art(clearart)) + String.IsEmpty(ListItem.Art(clearlogo))">Conditional</animation>
							<top>437</top>
							<left>30</left>
							<control type="list" id="5982">
								<width>580</width>
								<height>161</height>
								<orientation>vertical</orientation>
								<scrolltime tween="sine" easing="out">2200</scrolltime>
								<autoscroll>true</autoscroll>
								<viewtype label="2">list</viewtype>
								<itemlayout width="580" height="32">
									<control type="label">
										<font>Font_plot</font>
										<scroll>false</scroll>
										<left>1</left>
										<height>30</height>
										<aligny>center</aligny>
										<label>- [LOWERCASE][CAPITALIZE][B]$INFO[ListItem.Label][/B] [$INFO[ListItem.Year]][/CAPITALIZE][/LOWERCASE]</label>
									</control>
								</itemlayout>
								<focusedlayout width="580" height="32">
									<control type="label">
										<font>Font_plot</font>
										<scroll>false</scroll>
										<left>1</left>
										<height>30</height>
										<aligny>center</aligny>
										<label>- [LOWERCASE][CAPITALIZE][B]$INFO[ListItem.Label][/B] [$INFO[ListItem.Year]][/CAPITALIZE][/LOWERCASE]</label>
									</control>
								</focusedlayout>
								<content target="music" sortby="year" sortorder="ascending">$INFO[Container(598).ListItem.DBID,musicdb://artists/,/]</content>
							</control>
						</control>
						<control type="textbox">
							<left>634</left>
							<top>165</top>
							<width>535</width>
							<height>360</height>
							<font>Font_subtitle</font>
							<align>justify</align>
							<label>[COLOR=themecolor][B]$VAR[value_style][/B][/COLOR][COLOR=FFFFFAF0]$VAR[value_style2][/COLOR][COLOR=themecolor][B]$VAR[value_genre][/B][/COLOR][COLOR=FFFFFAF0]$VAR[value_genre2][/COLOR]$INFO[ListItem.Property(Artist_Description)]</label>
							<visible>!String.IsEmpty(ListItem.Property(Artist_Description))</visible>
							<autoscroll delay="10000" time="2000" repeat="10000">!Skin.HasSetting(noallowscroll)</autoscroll>
						</control>
						<control type="textbox">
							<visible>String.IsEmpty(ListItem.Property(Artist_Description))</visible>
							<top>152</top>
							<left>634</left>
							<height>40</height>
							<aligny>top</aligny>
							<include>Shelf3DmLabel_Fanart</include>
							<label>$LOCALIZE[134]: [COLOR=FFFFFAF0][B]$INFO[Container(5888).NumItems][/B][/COLOR]</label>
						</control>
						<control type="list" id="5888">
							<visible>String.IsEmpty(ListItem.Property(Artist_Description))</visible>
							<width>540</width>
							<height>320</height>
							<left>634</left>
							<top>192</top>
							<orientation>vertical</orientation>
							<scrolltime tween="sine" easing="out">2200</scrolltime>
							<autoscroll>true</autoscroll>
							<viewtype label="6">list</viewtype>
							<itemlayout width="540" height="32">
								<control type="label">
									<scroll>false</scroll>
									<height>30</height>
									<aligny>center</aligny>
									<font>Font_plot</font>
									<label>- $INFO[ListItem.Label] [$INFO[ListItem.Duration]]</label>
								</control>
							</itemlayout>
							<focusedlayout width="540" height="32">
								<control type="label">
									<scroll>false</scroll>
									<height>30</height>
									<aligny>center</aligny>
									<font>Font_plot</font>
									<label>- $INFO[ListItem.Label] [$INFO[ListItem.Duration]]</label>
								</control>
							</focusedlayout>
							<content target="music" sortby="track" sortorder="ascending">$INFO[Container(598).ListItem.DBID,musicdb://artists/,/*]</content>
						</control>
					</control>
					<control type="group">
						<visible>Container.Content(albums) + !String.IsEmpty(ListItem.Album) + Control.IsVisible(598)</visible>
						<control type="textbox">
							<left>615</left>
							<top>162</top>
							<height>395</height>
							<width>518</width>
							<font>Font_plot</font>
							<aligny>top</aligny>
							<align>left</align>
							<textcolor>themecolor</textcolor>
							<autoscroll delay="3000" time="2000" repeat="3000">!Skin.HasSetting(noallowscroll)</autoscroll>
							<label>[B]$LOCALIZE[134]: [/B][COLOR=FFFFFFFF][B]$INFO[Container(5981).NumItems][/B][/COLOR]</label>
						</control>
						<control type="group">
							<left>615</left>
							<top>197</top>
							<control type="list" id="5981">
								<width>600</width>
								<height>361</height>
								<orientation>vertical</orientation>
								<scrolltime tween="sine" easing="out">3200</scrolltime>
								<autoscroll>true</autoscroll>
								<viewtype label="1">list</viewtype>
								<itemlayout width="600" height="30">
									<control type="label">
										<font>Font_plot</font>
										<scroll>false</scroll>
										<left>1</left>
										<height>30</height>
										<aligny>center</aligny>
										<selectedcolor>themecolor</selectedcolor>
										<label>$INFO[ListItem.TrackNumber]. $INFO[ListItem.Label] - $INFO[ListItem.Duration]</label>
									</control>
								</itemlayout>
								<focusedlayout width="600" height="30">
									<control type="label">
										<font>Font_plot</font>
										<scroll>false</scroll>
										<left>1</left>
										<height>30</height>
										<aligny>center</aligny>
										<selectedcolor>themecolor</selectedcolor>
										<label>$INFO[ListItem.TrackNumber]. $INFO[ListItem.Label] - $INFO[ListItem.Duration]</label>
									</control>
								</focusedlayout>
								<content target="music" sortby="track">$INFO[Container(598).ListItem.DBID,musicdb://albums/,/]</content>
							</control>
						</control>
						<control type="textbox">
							<left>23</left>
							<top>397</top>
							<width>535</width>
							<height>166</height>
							<font>Font_subtitle</font>
							<align>justify</align>
							<label>$INFO[ListItem.Property(Album_Description)]</label>
							<autoscroll delay="5000" time="2000" repeat="5000">!Skin.HasSetting(noallowscroll)</autoscroll>
						</control>
					</control>
					<control type="group">
					<left>2</left>
					<control type="fadelabel" id="5774">
					<top>-1000</top>
					<width>1</width>
					<height>1</height>
					<info>ListItem.Art(fanart)</info>
					<info>ListItem.Art(fanart1)</info>
					<info>ListItem.Art(fanart2)</info>
					<info>ListItem.Art(fanart3)</info>
					<info>ListItem.Art(fanart4)</info>
					<info>ListItem.Art(fanart5)</info>
					<info>ListItem.Art(fanart6)</info>
					<info>ListItem.Art(fanart7)</info>
					<info>ListItem.Art(fanart8)</info>
					<info>ListItem.Art(fanart9)</info>
					<info>ListItem.Art(artist.fanart)</info>
					<info>ListItem.Art(artist.fanart1)</info>
					<info>ListItem.Art(artist.fanart2)</info>
					<info>ListItem.Art(artist.fanart3)</info>
					<info>ListItem.Art(artist.fanart4)</info>
					<info>ListItem.Art(artist.fanart5)</info>
					<info>ListItem.Art(artist.fanart6)</info>
					<info>ListItem.Art(artist.fanart7)</info>
					<info>ListItem.Art(artist.fanart8)</info>
					<info>ListItem.Art(artist.fanart9)</info>
					<randomize>false</randomize>
					<pauseatend>6000</pauseatend>
					<scroll>false</scroll>
					<scrollout>false</scrollout>
					<resetonlabelchange>true</resetonlabelchange>
				</control>
					<control type="image">
					<visible>!String.StartsWith(ListItem.Label,*)</visible>
						<left>1226</left>
						<top>169</top>
						<width>618</width>
						<height>350</height>
						<aspectratio aligny="top">scale</aspectratio>
						<texture>tajo/shelf/back.png</texture>
					</control>
					<control type="image">
					<visible>String.IsEmpty(ListItem.Art(fanart1))</visible>
						<left>1226</left>
						<top>169</top>
						<width>618</width>
						<height>350</height>
						<aspectratio aligny="top">scale</aspectratio>
						<texture background="true">$INFO[ListItem.Art(fanart)]</texture>
					</control>
					<control type="image">
					<visible>String.IsEmpty(ListItem.Art(artist.fanart1))</visible>
						<left>1226</left>
						<top>169</top>
						<width>618</width>
						<height>350</height>
						<aspectratio aligny="top">scale</aspectratio>
						<texture background="true">$INFO[ListItem.Art(artist.fanart)]</texture>
					</control>
				<control type="multiimage">
					<visible>!String.IsEmpty(ListItem.Art(fanart1)) | !String.IsEmpty(ListItem.Art(artist.fanart1))</visible>
					<left>1225</left>
					<top>168</top>
					<width>620</width>
					<height>352</height>
					<aspectratio aligny="top">scale</aspectratio>
					<fadetime>500</fadetime>
					<imagepath background="true">$INFO[Control.GetLabel(5774)]</imagepath>
				</control>
					<control type="image">
						<animation type="Conditional" condition="System.IdleTime(3)" reversible="false">
							<effect type="fade" delay="0" start="100" end="0" time="500" />
						</animation>
						<left>1225</left>
						<top>168</top>
						<width>620</width>
						<height>352</height>
						<aspectratio aligny="top">scale</aspectratio>
						<texture background="true">$INFO[ListItem.Art(landscape)]</texture>
					</control>
					<control type="image">
					<visible>!String.StartsWith(ListItem.Label,*)</visible>
						<left>1224</left>
						<top>167</top>
						<width>622</width>
						<height>354</height>
						<aspectratio>stretch</aspectratio>
						<colordiffuse>78FFFFFF</colordiffuse>
						<texture background="true">tajo/osd_black_bg.png</texture>
					</control>
					<control type="image">
					<visible>Container.Content(albums) + !String.StartsWith(ListItem.Label,*)</visible>
						<left>1590</left>
						<top>420</top>
						<width>200</width>
						<height>100</height>
						<aspectratio aligny="center">keep</aspectratio>
						<texture background="true">$INFO[ListItem.Art(artist.clearlogo)]</texture>
					</control>
					<control type="image">
					<visible>Container.Content(albums) + !String.StartsWith(ListItem.Label,*)</visible>
						<animation type="Conditional" condition="System.IdleTime(3)" reversible="false">
							<effect type="fade" delay="0" start="100" end="0" time="500" />
						</animation>
						<left>1225</left>
						<top>168</top>
						<width>620</width>
						<height>352</height>
						<aspectratio aligny="top">scale</aspectratio>
						<texture background="true">$INFO[ListItem.Art(artist.landscape)]</texture>
					</control>
					<control type="image">
					<visible>!String.StartsWith(ListItem.Label,*)</visible>
						<top>166</top>
						<left>1221</left>
						<width>628</width>
						<height>356</height>
						<aspectratio align="center">stretch</aspectratio>
						<colordiffuse>dd000000</colordiffuse>
						<texture diffuse="tajo/mask_cover3.png">tajo/mask78.png</texture>
					</control>
					</control>
				</control>
				</control>
			<control type="group">
			<visible>Control.IsVisible(598) + !Control.HasFocus(5929)</visible>
			<animation effect="fade" end="100" time="200">Visible</animation>
			<animation effect="fade" end="0" time="200">Hidden</animation>
			<top>56</top>
			<left>98</left>
			<control type="label">
				<align>center</align>
				<left>-85</left>
				<top>-78</top>
				<width>105</width>
				<height>40</height>
				<textcolor>FFFFFAF0</textcolor>
				<shadowcolor>black</shadowcolor>
				<font>Font_plot3</font>
				<label>$INFO[System.Time(hh:mm)]</label>
			</control>
			<control type="label">
				<align>right</align>
				<left>10</left>
				<top>-80</top>
				<width>100</width>
				<height>40</height>
				<textcolor>themecolor</textcolor>
				<shadowcolor>black</shadowcolor>
				<font>Font_plot</font>
				<label>$INFO[Container.CurrentItem]</label>
			</control>
			<control type="label">
				<align>left</align>
				<left>118</left>
				<top>-80</top>
				<width>150</width>
				<height>40</height>
				<textcolor>FFFFFAF0</textcolor>
				<shadowcolor>black</shadowcolor>
				<font>Font_plot</font>
				<label>/ $INFO[Container.NumItems]</label>
			</control>
		</control>
				<control type="group">
					<control type="fixedlist" id="598">
						<visible>Container.Content(albums) | Container.Content(artists)</visible>
						<viewtype label="Shelf 3D">list</viewtype>
						<left>-18</left>
						<top>345</top>
						<height>920</height>
						<width>2250</width>
						<onleft>598</onleft>
						<onright>598</onright>
						<ondown condition="String.Contains(Container.SortMethod,$LOCALIZE[557]) | String.Contains(Container.SortMethod,$LOCALIZE[558])">5929</ondown>
						<ondown>86</ondown>
						<onup>SetProperty(MediaMenu,True,home)</onup>
				        <onup>SetFocus(9050)</onup>
						<orientation>horizontal</orientation>
						<focusposition>3</focusposition>
						<scrolltime tween="sine" easing="inout">500</scrolltime>
						<preloaditems>2</preloaditems>
						<pagecontrol>86</pagecontrol>
						<animation effect="rotatey" center="50" start="8" end="8" time="0" condition="true">Conditional</animation>
						<animation effect="slide" start="0,0" end="0,-15" time="300" tween="sine" easing="inout" condition="Control.HasFocus(86) | Control.HasFocus(5929)">Conditional</animation>
						<itemlayout width="334" height="534">
							<control type="group">
								<left>150</left>
								<top>-20</top>
								<!-- Poster lados -->
								<control type="image">
									<left>-63</left>
									<top>256</top>
									<width>293</width>
									<height>304</height>
									<texture background="true">tajo/shelf/back.png</texture>
									<aspectratio scalediffuse="false">stretch</aspectratio>
								</control>
								<control type="image">
									<visible>Container.Content(albums)</visible>
									<left>-63</left>
									<top>256</top>
									<width>280</width>
									<height>304</height>
									<texture diffuse="tajo/shelf/diffuse_box.png" background="true">$VAR[poster]</texture>
									<aspectratio>stretch</aspectratio>
								</control>
								<control type="image">
									<animation effect="rotatey" center="223,0" start="-30" end="-30" condition="true">Conditional</animation>
									<visible>Container.Content(albums)</visible>
									<top>255</top>
									<left>216</left>
									<width>15</width>
									<height>304</height>
									<texture diffuse="tajo/mask_cover3.png" background="true">$INFO[ListItem.Art(spine)]</texture>
									<aspectratio scalediffuse="false">stretch</aspectratio>
								</control>
								<control type="label">
									<visible>String.IsEmpty(ListItem.Art(spine))</visible>
									<left>70</left>
									<top>400</top>
									<width>310</width>
									<height>14</height>
									<align>center</align>
									<aligny>top</aligny>
									<scrollspeed>1</scrollspeed>
									<animation effect="rotate" center="auto" start="90" end="90" time="0" condition="true">Conditional</animation>
									<font>spiner2</font>
									<label>$INFO[ListItem.Artist]</label>
									<textcolor>white</textcolor>
								</control>
								<control type="image">
									<visible>Container.Content(artists)</visible>
									<left>-63</left>
									<top>256</top>
									<width>280</width>
									<height>304</height>
									<texture diffuse="tajo/shelf/diffuse_box.png" background="true">$VAR[poster]</texture>
									<aspectratio>scale</aspectratio>
								</control>
								<control type="image">
									<visible>Container.Content(artists)</visible>
									<left>113</left>
									<top>256</top>
									<width>100</width>
									<height>100</height>
									<texture background="true">tajo/shelf/corner.png</texture>
									<aspectratio scalediffuse="false">keep</aspectratio>
								</control>
								<control type="textbox">
									<visible>Container.Content(artists)</visible>
									<animation effect="rotate" center="auto" start="-45" end="-45" time="0" condition="true">Conditional</animation>
									<left>152</left>
									<top>276</top>
									<width>64</width>
									<height>25</height>
									<align>center</align>
									<aligny>center</aligny>
									<font>Bluback9</font>
									<textcolor>themecolor</textcolor>
									<label>$INFO[ListItem.Artist]</label>
								</control>
								<control type="textbox">
									<visible>Container.Content(artists)</visible>
									<animation effect="rotate" center="auto" start="-45" end="-45" time="0" condition="true">Conditional</animation>
									<left>122</left>
									<top>295</top>
									<width>100</width>
									<height>12</height>
									<align>center</align>
									<aligny>center</aligny>
									<font>Bluback9</font>
									<textcolor>white</textcolor>
									<label>$LOCALIZE[21888]</label>
								</control>
								<control type="image">
									<visible>Container.Content(albums) + String.StartsWith(ListItem.Label,*)</visible>
									<left>-63</left>
									<top>256</top>
									<width>280</width>
									<height>304</height>
									<texture diffuse="tajo/shelf/diffuse_box.png" background="true">tajo/magazine/bmusiclandG.png</texture>
									<aspectratio scalediffuse="false">stretch</aspectratio>
								</control>
								<control type="image">
									<visible>Container.Content(albums) + String.StartsWith(ListItem.Label,*)</visible>
									<left>-63</left>
									<top>256</top>
									<width>280</width>
									<height>304</height>
									<texture diffuse="tajo/shelf/diffuse_box.png" background="true">tajo/magazine/cmusiclandJ.png</texture>
									<aspectratio scalediffuse="false">stretch</aspectratio>
									<colordiffuse>88FFFFFF</colordiffuse>
								</control>
								<control type="textbox">
									<visible>Container.Content(albums) + String.StartsWith(ListItem.Label,*)</visible>
									<left>-64</left>
									<top>255</top>
									<width>280</width>
									<height>304</height>
									<font>titleshelf</font>
									<textcolor>black</textcolor>
									<align>center</align>
									<aligny>center</aligny>
									<label>$LOCALIZE[358]</label>
								</control>
								<control type="textbox">
									<visible>Container.Content(albums) + String.StartsWith(ListItem.Label,*)</visible>
									<left>-63</left>
									<top>256</top>
									<width>280</width>
									<height>304</height>
									<font>titleshelf</font>
									<textcolor>white</textcolor>
									<shadowcolor>black</shadowcolor>
									<align>center</align>
									<aligny>center</aligny>
									<label>$LOCALIZE[358]</label>
								</control>
								<control type="image">
									<visible>Container.Content(artists)</visible>
									<left>-63</left>
									<top>256</top>
									<width>280</width>
									<height>304</height>
									<colordiffuse>78FFFFFF</colordiffuse>
									<aspectratio>stretch</aspectratio>
									<texture background="true">tajo/osd_black_bg.png</texture>
								</control>
								<control type="image">
									<visible>Container.Content(artists) + !String.IsEmpty(ListItem.Artist)</visible>
									<left>-39</left>
									<top>398</top>
									<width>225</width>
									<height>135</height>
									<colordiffuse>eeFFFFFF</colordiffuse>
									<aspectratio align="center" aligny="bottom">keep</aspectratio>
									<texture background="true">$INFO[ListItem.Art(clearlogo)]</texture>
								</control>
								<!-- Poster lados reflejo -->
								<control type="image">
									<visible>Container.Content(albums) + !String.StartsWith(ListItem.Label,*)</visible>
									<left>-63</left>
									<top>564</top>
									<width>280</width>
									<height>308</height>
									<colordiffuse>20FFFFFF</colordiffuse>
									<texture flipy="true" diffuse="tajo/shadow_mask_f.png" background="true">$VAR[poster]</texture>
									<aspectratio>stretch</aspectratio>
								</control>
								<control type="image">
									<animation effect="rotatey" center="223,0" start="-30" end="-30" condition="true">Conditional</animation>
									<visible>Container.Content(albums)</visible>
									<top>560</top>
									<left>216</left>
									<width>16</width>
									<height>304</height>
									<colordiffuse>24FFFFFF</colordiffuse>
									<texture diffuse="tajo/mask_cover3.png" flipy="true" background="true">$INFO[ListItem.Art(spine)]</texture>
									<aspectratio scalediffuse="false">stretch</aspectratio>
								</control>
								<control type="image">
									<visible>Container.Content(albums) + String.StartsWith(ListItem.Label,*)</visible>
									<left>-63</left>
									<top>564</top>
									<width>280</width>
									<height>308</height>
									<texture flipy="true" background="true">tajo/magazine/cmusiclandJ.png</texture>
									<aspectratio scalediffuse="false">stretch</aspectratio>
									<colordiffuse>15FFFFFF</colordiffuse>
								</control>
								<control type="image">
									<visible>Container.Content(artists)</visible>
									<left>-63</left>
									<top>563</top>
									<width>280</width>
									<height>308</height>
									<colordiffuse>20FFFFFF</colordiffuse>
									<texture flipy="true" background="true">$VAR[poster]</texture>
									<aspectratio>scale</aspectratio>
								</control>
								<control type="image">
									<visible>Container.Content(artists) + !String.IsEmpty(ListItem.Artist)</visible>
									<left>-39</left>
									<top>544</top>
									<width>225</width>
									<height>135</height>
									<colordiffuse>20FFFFFF</colordiffuse>
									<aspectratio align="center" aligny="bottom">keep</aspectratio>
									<texture flipy="true" background="true">$INFO[ListItem.Art(clearlogo)]</texture>
								</control>
								<control type="group">
									<top>515</top>
									<left>-5</left>
									<control type="textbox">
										<visible>Container.Content(albums) + String.StartsWith(ListItem.Label,*)</visible>
										<animation effect="rotatex" center="227,0" start="180" end="180" condition="true">Conditional</animation>
										<animation effect="fade" end="20" condition="true">Conditional</animation>
										<left>-63</left>
										<top>100</top>
										<width>280</width>
										<height>304</height>
										<font>titleshelf</font>
										<textcolor>white</textcolor>
										<align>center</align>
										<aligny>center</aligny>
										<label>$LOCALIZE[358]</label>
									</control>
								</control>
								<control type="image">
									<visible>Container.Content(artists)</visible>
									<left>-98</left>
									<top>563</top>
									<width>327</width>
									<height>308</height>
									<colordiffuse>77FFFFFF</colordiffuse>
									<aspectratio>stretch</aspectratio>
									<texture flipy="true" background="true">tajo/osd_black_bg.png</texture>
								</control>
								<control type="image">
									<left>-100</left>
									<top>248</top>
									<width>330</width>
									<height>316</height>
									<texture background="true">tajo/shelf/caja_cd.png</texture>
									<aspectratio>stretch</aspectratio>
								</control>
								<control type="image">
									<left>-100</left>
									<top>556</top>
									<width>330</width>
									<height>316</height>
									<colordiffuse>65FFFFFF</colordiffuse>
									<texture diffuse="tajo/shelf/reflect_poster2.png" background="true">tajo/shelf/caja_cdr.png</texture>
									<aspectratio>stretch</aspectratio>
								</control>
								<control type="label">
									<visible>Container.Content(albums) + String.StartsWith(ListItem.Label,*)</visible>
									<left>70</left>
									<top>400</top>
									<width>310</width>
									<height>14</height>
									<align>center</align>
									<aligny>top</aligny>
									<scrollspeed>1</scrollspeed>
									<animation effect="rotate" center="auto" start="90" end="90" time="0" condition="true">Conditional</animation>
									<font>spiner2</font>
									<label>$LOCALIZE[358]</label>
									<textcolor>white</textcolor>
								</control>
							</control>
						</itemlayout>
						<focusedlayout width="334" height="534">
							<control type="group">
								<!--Portada-->
								<visible>Control.HasFocus(598)</visible>
								<visible>[Container.Content(artists) + !Integer.IsGreaterOrEqual(Container(5982).NumItems,1)] | [Container.Content(albums) + !Integer.IsGreaterOrEqual(Container(5981).NumItems,1)] | [Container.Content(albums) + String.StartsWith(ListItem.Label,*)]</visible>
								<animation type="Focus" reversible="false">
									<effect type="zoom" delay="400" center="188,474" start="100" end="152" time="600" tween="cubic" easing="out" />
								</animation>
								<left>150</left>
								<top>-20</top>
								<include>Poralbu</include>
							</control>
							<control type="group">
								<!--Portada-->
								<visible>Control.HasFocus(598) + !String.StartsWith(ListItem.Label,*)</visible>
								<visible>Integer.IsGreaterOrEqual(Container(5982).NumItems,1) | Integer.IsGreaterOrEqual(Container(5981).NumItems,1)</visible>
								<animation type="Conditional" condition="System.IdleTime(4)" reversible="false">
									<effect type="slide" delay="0" end="850,0" time="1300" tween="sine" easing="inout" />
								</animation>
								<animation type="Focus" reversible="false">
									<effect type="zoom" delay="400" center="188,474" start="100" end="152" time="600" tween="cubic" easing="out" />
								</animation>
								<left>150</left>
								<top>-20</top>
								<include>Poralbu</include>
							</control>
							<control type="group">
								<!--Portada 2-->
								<visible>!String.StartsWith(ListItem.Label,*) + System.IdleTime(11) + Control.HasFocus(598)</visible>
								<visible>Integer.IsGreaterOrEqual(Container(5982).NumItems,1) | Integer.IsGreaterOrEqual(Container(5981).NumItems,1)</visible>
								<animation type="Visible" reversible="false">
									<effect type="zoom" center="188,474" start="152" end="152" time="0" tween="cubic" easing="out" />
									<effect type="rotatey" center="230" start="180" end="0" time="1600" tween="quadratic" easing="out" />
									<effect type="fade" delay="400" start="0" end="100" time="50" />
								</animation>
								<left>150</left>
								<top>-20</top>
								<include>Poralbu</include>
							</control>
							<!--Portada nf-->
							<control type="group">
								<visible>!Control.HasFocus(598)</visible>
								<animation effect="zoom" center="188,474" start="152" end="152" condition="true">Conditional</animation>
								<left>150</left>
								<top>-20</top>
								<include>Poralbu</include>
							</control>
						</focusedlayout>
					</control>
					<control type="scrollbar" id="86">
						<include>ScrollBar_Horizontal</include>
						<left>285</left>
						<top>1005</top>
						<width>1350</width>
						<onup>598</onup>
						<ondown>598</ondown>
						<visible allowhiddenfocus="true">Control.IsVisible(598) + Control.HasFocus(86)</visible>
					</control>
				</control>
			</control>
			<control type="label">
				<visible>Container.Content(albums) + String.StartsWith(ListItem.Label,*)</visible>
				<left>20</left>
				<top>480</top>
				<width>920</width>
				<height>45</height>
				<align>right</align>
				<font>titlelist2</font>
				<label>$INFO[Container.FolderName]</label>
				<textcolor>themecolor</textcolor>
				<shadowcolor>black</shadowcolor>
				<scroll>true</scroll>
				<scrollsuffix> - </scrollsuffix>
			</control>
			<control type="group">
				<visible>Container.Content(albums) + !String.IsEmpty(ListItem.Album) + Control.IsVisible(598)</visible>
					<left>20</left>
					<control type="textbox" id="31010">
						<top>-800</top>
						<left>60</left>
						<align>right</align>
						<width>896</width>
						<height>45</height>
							<font>titlemus</font>
							<label>123456 12345 12345 $INFO[ListItem.Label]</label>
						<textcolor>00ffffff</textcolor>
					</control>
						<control type="textbox">
						<animation effect="fade" start="0" end="100" time="200" tween="sine">Visible</animation>
						<visible>!Container(31010).HasNext</visible>
							<top>466</top>
							<width>896</width>
							<height>80</height>
							<align>right</align>
							<font>titlelist</font>
							<label>$INFO[ListItem.Label]</label>
							<textcolor>themecolor</textcolor>
							<shadowcolor>black</shadowcolor>
						</control>
					<control type="textbox">
					<animation effect="fade" start="0" end="100" time="250" tween="sine">Visible</animation>
					<visible>Container(31010).HasNext</visible>
						<top>440</top>
						<align>right</align>
						<aligny>center</aligny>
						<width>896</width>
						<height>140</height>
						<font>titlemove</font>
							<label>$INFO[ListItem.Label]</label>
							<textcolor>themecolor</textcolor>
							<shadowcolor>black</shadowcolor>
					</control>
			</control>
			<control type="group">
				<!--Disco-->
				<animation effect="rotatey" center="50" start="7" end="7" time="0" condition="true">Conditional</animation>
				<left>1030</left>
				<top>450</top>
				<width>400</width>
				<height>400</height>
				<visible>Container.Content(albums) + Control.HasFocus(598) + System.IdleTime(6)</visible>
				<animation type="Conditional" condition="System.IdleTime(6)" reversible="false">
					<effect type="slide" end="0,75" time="1500" delay="800" tween="bounce" easing="out" />
					<effect type="slide" end="-600,40" time="2000" delay="400" tween="sine" easing="out" />
					<effect type="rotate" start="160" center="auto" end="360" delay="400" time="2000" tween="quadratic" easing="out" />
				</animation>
				<animation type="Conditional" condition="System.IdleTime(6)" reversible="false">
					<effect type="slide" start="0,0" end="850,-25" time="2750" delay="2500" tween="cubic" easing="inout" />
					<effect type="rotate" start="240" center="auto" end="0" delay="2500" time="2750" tween="cubic" easing="inout" />
				</animation>
				<animation type="Conditional" condition="System.IdleTime(6)" reversible="false">
					<effect type="slide" start="0,0" end="700,0" time="750" delay="7150" />
					<effect type="rotate" start="360" center="auto" end="180" delay="7150" time="750" />
				</animation>
				<control type="image">
					<visible>!String.IsEmpty(ListItem.Art(discart))</visible>
					<aspectratio scalediffuse="false" aligny="top">scale</aspectratio>
					<colordiffuse>dd000000</colordiffuse>
					<texture background="true">tajo/cdart_diffuse.png</texture>
				</control>
				<control type="image">
					<aspectratio scalediffuse="false" aligny="top">scale</aspectratio>
					<texture background="true">$INFO[ListItem.Art(discart)]</texture>
				</control>
			</control>
			<control type="group">
				<!--Trasera caja-->
				<top>345</top>
				<left>987</left>
				<animation effect="rotatey" center="50" start="8" end="8" time="0" condition="true">Conditional</animation>
				<visible>!String.StartsWith(ListItem.Label,*) + System.IdleTime(4) + !System.IdleTime(12) + Control.HasFocus(598)</visible>
				<visible>Integer.IsGreaterOrEqual(Container(5982).NumItems,1) | Integer.IsGreaterOrEqual(Container(5981).NumItems,1)</visible>
				<animation type="Visible" reversible="false">
					<effect type="slide" delay="1600" start="800,0" end="0,0" time="1300" tween="sine" easing="inout" />
				</animation>
				<animation type="Conditional" condition="System.IdleTime(11)" reversible="false">
					<effect type="rotatey" center="1212" start="0" end="-180" time="1600" tween="quadratic" easing="out" />
					<effect type="fade" delay="400" start="100" end="0" time="50" />
				</animation>
				<control type="group">
					<left>-20</left>
					<top>108</top>
					<control type="image">
						<width>496</width>
						<height>465</height>
						<texture background="true">tajo/shelf/back.png</texture>
						<aspectratio scalediffuse="false">stretch</aspectratio>
					</control>
					<control type="image">
						<visible>Container.Content(albums)</visible>
						<animation effect="rotatey" center="488,0" start="-30" end="-30" condition="true">Conditional</animation>
						<animation effect="rotate" end="180" center="488,0" condition="true">Conditional</animation>
						<top>-465</top>
						<left>478</left>
						<width>20</width>
						<height>465</height>
						<colordiffuse>99FFFFFF</colordiffuse>
						<texture diffuse="tajo/mask_cover3.png" background="true">$INFO[ListItem.Art(spine)]</texture>
						<aspectratio scalediffuse="false">stretch</aspectratio>
					</control>
					<control type="image">
						<width>480</width>
						<height>465</height>
						<aspectratio align="center" aligny="center">stretch</aspectratio>
						<visible>Container.Content(albums)</visible>
						<texture diffuse="tajo/mask_cover3.png" background="true">$INFO[ListItem.Art(back)]</texture>
					</control>
					<control type="image">
						<width>480</width>
						<height>465</height>
						<colordiffuse>E2FFFFFF</colordiffuse>
						<aspectratio align="center" aligny="center">scale</aspectratio>
						<visible>Container.Content(albums) + String.IsEmpty(ListItem.Art(back))</visible>
						<texture background="true" fallback="tajo/artists.png">tajo/shelf/cdback/$VAR[cdbackVar]$VAR[cdbackVar2]</texture>
					</control>
					<control type="image">
						<width>480</width>
						<height>465</height>
						<colordiffuse>E2FFFFFF</colordiffuse>
						<aspectratio align="center" aligny="center">scale</aspectratio>
						<visible>Container.Content(artists)</visible>
						<texture background="true" fallback="tajo/artists.png">tajo/shelf/cdback/$VAR[cdbackVar3]$VAR[cdbackVar2]</texture>
					</control>
					<control type="image">
						<visible>[Container.Content(albums) + String.IsEmpty(ListItem.Art(back))] | Container.Content(artists)</visible>
						<width>480</width>
						<height>465</height>
						<aspectratio scalediffuse="false">stretch</aspectratio>
						<texture background="true">tajo/shelf/barr.png</texture>
					</control>
					<control type="image">
						<visible>Container.Content(albums) + String.IsEmpty(ListItem.Art(back))</visible>
						<animation effect="rotate" center="auto" start="90" end="90" time="0" condition="true">Conditional</animation>
						<width>280</width>
						<height>140</height>
						<left>275</left>
						<top>160</top>
						<aspectratio>keep</aspectratio>
						<colordiffuse>F5FFFFFF</colordiffuse>
						<texture background="true">$INFO[ListItem.Art(artist.clearlogo)]</texture>
					</control>
				</control>
				<control type="image">
					<visible>Container.Content(albums) + String.IsEmpty(ListItem.Art(back))</visible>
					<width>161</width>
					<height>40</height>
					<left>325</left>
					<top>125</top>
					<aspectratio>keep</aspectratio>
					<colordiffuse>eeFFFFFF</colordiffuse>
					<texture>$INFO[ListItem.Property(Album_Label),resource://resource.images.recordlabels.white/,.png]</texture>
				</control>
				<!--Contraportada artistas-->
				<control type="group">
					<visible>Container.Content(artists) + Integer.IsLess(Container(5982).NumItems,5)</visible>
					<control type="image">
						<left>40</left>
						<top>144</top>
						<width>150</width>
						<height>150</height>
						<colordiffuse>EFFFFFFF</colordiffuse>
						<animation effect="rotate" center="auto" start="3" end="3" time="0" condition="true">Conditional</animation>
						<aspectratio align="center" aligny="top">scale</aspectratio>
						<texture background="true" diffuse="tajo/mask_cover3.png">$INFO[Container(5982).ListItemAbsolute(0).Thumb]</texture>
					</control>
					<control type="image">
						<left>40</left>
						<top>345</top>
						<width>150</width>
						<height>150</height>
						<colordiffuse>EFFFFFFF</colordiffuse>
						<animation effect="rotate" center="auto" start="3" end="3" time="0" condition="true">Conditional</animation>
						<aspectratio align="center" aligny="top">scale</aspectratio>
						<texture background="true" diffuse="tajo/mask_cover3.png">$INFO[Container(5982).ListItemAbsolute(2).Thumb]</texture>
					</control>
					<control type="image">
						<left>260</left>
						<top>130</top>
						<width>150</width>
						<height>150</height>
						<colordiffuse>EFFFFFFF</colordiffuse>
						<animation effect="rotate" center="auto" start="3" end="3" time="0" condition="true">Conditional</animation>
						<aspectratio align="center" aligny="top">scale</aspectratio>
						<texture background="true" diffuse="tajo/mask_cover3.png">$INFO[Container(5982).ListItemAbsolute(3).Thumb]</texture>
					</control>
					<control type="image">
						<left>260</left>
						<top>324</top>
						<width>150</width>
						<height>150</height>
						<colordiffuse>EFFFFFFF</colordiffuse>
						<animation effect="rotate" center="auto" start="3" end="3" time="0" condition="true">Conditional</animation>
						<aspectratio align="center" aligny="top">scale</aspectratio>
						<texture background="true" diffuse="tajo/mask_cover3.png">$INFO[Container(5982).ListItemAbsolute(1).Thumb]</texture>
					</control>
				</control>
				<control type="group">
					<visible>Container.Content(artists) + Integer.IsGreaterOrEqual(Container(5982).NumItems,5)</visible>
					<control type="image">
						<left>5</left>
						<top>124</top>
						<width>100</width>
						<height>100</height>
						<colordiffuse>EFFFFFFF</colordiffuse>
						<animation effect="rotate" center="auto" start="6" end="6" time="0" condition="true">Conditional</animation>
						<aspectratio align="center" aligny="top">scale</aspectratio>
						<texture background="true" diffuse="tajo/mask_cover3.png">$INFO[Container(5982).ListItemAbsolute(0).Thumb]</texture>
					</control>
					<control type="image">
						<left>10</left>
						<top>225</top>
						<width>100</width>
						<height>100</height>
						<colordiffuse>EFFFFFFF</colordiffuse>
						<animation effect="rotate" center="auto" start="-2" end="-2" time="0" condition="true">Conditional</animation>
						<aspectratio align="center" aligny="top">scale</aspectratio>
						<texture background="true" diffuse="tajo/mask_cover3.png">$INFO[Container(5982).ListItemAbsolute(1).Thumb]</texture>
					</control>
					<control type="image">
						<left>1</left>
						<top>326</top>
						<width>100</width>
						<height>100</height>
						<colordiffuse>EFFFFFFF</colordiffuse>
						<animation effect="rotate" center="auto" start="3" end="3" time="0" condition="true">Conditional</animation>
						<aspectratio align="center" aligny="top">scale</aspectratio>
						<texture background="true" diffuse="tajo/mask_cover3.png">$INFO[Container(5982).ListItemAbsolute(4).Thumb]</texture>
					</control>
					<control type="image">
						<left>3</left>
						<top>424</top>
						<width>100</width>
						<height>100</height>
						<colordiffuse>EFFFFFFF</colordiffuse>
						<animation effect="rotate" center="auto" start="-4" end="-4" time="0" condition="true">Conditional</animation>
						<aspectratio align="center" aligny="top">scale</aspectratio>
						<texture background="true" diffuse="tajo/mask_cover3.png">$INFO[Container(5982).ListItemAbsolute(6).Thumb]</texture>
					</control>
					<control type="image">
						<left>232</left>
						<top>124</top>
						<width>100</width>
						<height>100</height>
						<colordiffuse>EFFFFFFF</colordiffuse>
						<animation effect="rotate" center="auto" start="-3" end="-3" time="0" condition="true">Conditional</animation>
						<aspectratio align="center" aligny="top">scale</aspectratio>
						<texture background="true" diffuse="tajo/mask_cover3.png">$INFO[Container(5982).ListItemAbsolute(2).Thumb]</texture>
					</control>
					<control type="image">
						<left>225</left>
						<top>225</top>
						<width>100</width>
						<height>100</height>
						<colordiffuse>EFFFFFFF</colordiffuse>
						<animation effect="rotate" center="auto" start="2" end="2" time="0" condition="true">Conditional</animation>
						<aspectratio align="center" aligny="top">scale</aspectratio>
						<texture background="true" diffuse="tajo/mask_cover3.png">$INFO[Container(5982).ListItemAbsolute(3).Thumb]</texture>
					</control>
					<control type="image">
						<left>229</left>
						<top>326</top>
						<width>100</width>
						<height>100</height>
						<colordiffuse>EFFFFFFF</colordiffuse>
						<animation effect="rotate" center="auto" start="-5" end="-5" time="0" condition="true">Conditional</animation>
						<aspectratio align="center" aligny="top">scale</aspectratio>
						<texture background="true" diffuse="tajo/mask_cover3.png">$INFO[Container(5982).ListItemAbsolute(5).Thumb]</texture>
					</control>
					<control type="image">
						<left>221</left>
						<top>424</top>
						<width>100</width>
						<height>100</height>
						<colordiffuse>EFFFFFFF</colordiffuse>
						<animation effect="rotate" center="auto" start="6" end="6" time="0" condition="true">Conditional</animation>
						<aspectratio align="center" aligny="top">scale</aspectratio>
						<texture background="true" diffuse="tajo/mask_cover3.png">$INFO[Container(5982).ListItemAbsolute(7).Thumb]</texture>
					</control>
				</control>
				<!--Titulos albums-->
				<control type="group">
					<visible>Container.Content(artists) + Integer.IsLess(Container(5982).NumItems,5)</visible>
					<control type="textbox">
						<visible>!String.IsEmpty(Container(5982).ListItemAbsolute(0).Label)</visible>
						<left>20</left>
						<top>302</top>
						<width>200</width>
						<height>50</height>
						<align>center</align>
						<aligny>top</aligny>
						<font>Bluback4</font>
						<textcolor>white</textcolor>
						<shadowcolor>black</shadowcolor>
						<label>$INFO[Container(5982).ListItemAbsolute(0).Label] ($INFO[Container(5982).ListItemAbsolute(0).Year])</label>
					</control>
					<control type="textbox">
						<visible>!String.IsEmpty(Container(5982).ListItemAbsolute(2).Label)</visible>
						<left>20</left>
						<top>503</top>
						<width>200</width>
						<height>50</height>
						<align>center</align>
						<aligny>top</aligny>
						<font>Bluback4</font>
						<textcolor>white</textcolor>
						<shadowcolor>black</shadowcolor>
						<label>$INFO[Container(5982).ListItemAbsolute(2).Label] ($INFO[Container(5982).ListItemAbsolute(2).Year])</label>
					</control>
					<control type="textbox">
						<visible>!String.IsEmpty(Container(5982).ListItemAbsolute(3).Label)</visible>
						<left>235</left>
						<top>283</top>
						<width>200</width>
						<height>50</height>
						<align>center</align>
						<aligny>top</aligny>
						<font>Bluback4</font>
						<textcolor>white</textcolor>
						<shadowcolor>black</shadowcolor>
						<label>$INFO[Container(5982).ListItemAbsolute(3).Label] ($INFO[Container(5982).ListItemAbsolute(3).Year])</label>
					</control>
					<control type="textbox">
						<visible>!String.IsEmpty(Container(5982).ListItemAbsolute(1).Label)</visible>
						<left>235</left>
						<top>480</top>
						<width>200</width>
						<height>50</height>
						<align>center</align>
						<aligny>top</aligny>
						<font>Bluback4</font>
						<textcolor>white</textcolor>
						<shadowcolor>black</shadowcolor>
						<label>$INFO[Container(5982).ListItemAbsolute(1).Label] ($INFO[Container(5982).ListItemAbsolute(1).Year])</label>
					</control>
				</control>
				<control type="group">
					<visible>Container.Content(artists) + Integer.IsGreaterOrEqual(Container(5982).NumItems,5)</visible>
					<control type="textbox">
						<visible>!String.IsEmpty(Container(5982).ListItemAbsolute(0).Label)</visible>
						<left>110</left>
						<top>124</top>
						<width>110</width>
						<height>100</height>
						<align>left</align>
						<aligny>center</aligny>
						<font>Bluback4</font>
						<textcolor>white</textcolor>
						<shadowcolor>black</shadowcolor>
						<label>$INFO[Container(5982).ListItemAbsolute(0).Label] ($INFO[Container(5982).ListItemAbsolute(0).Year])</label>
					</control>
					<control type="textbox">
						<visible>!String.IsEmpty(Container(5982).ListItemAbsolute(1).Label)</visible>
						<left>110</left>
						<top>225</top>
						<width>110</width>
						<height>100</height>
						<align>left</align>
						<aligny>center</aligny>
						<font>Bluback4</font>
						<textcolor>white</textcolor>
						<shadowcolor>black</shadowcolor>
						<label>$INFO[Container(5982).ListItemAbsolute(1).Label] ($INFO[Container(5982).ListItemAbsolute(1).Year])</label>
					</control>
					<control type="textbox">
						<visible>!String.IsEmpty(Container(5982).ListItemAbsolute(4).Label)</visible>
						<left>105</left>
						<top>326</top>
						<width>110</width>
						<height>100</height>
						<align>left</align>
						<aligny>center</aligny>
						<font>Bluback4</font>
						<textcolor>white</textcolor>
						<shadowcolor>black</shadowcolor>
						<label>$INFO[Container(5982).ListItemAbsolute(4).Label] ($INFO[Container(5982).ListItemAbsolute(4).Year])</label>
					</control>
					<control type="textbox">
						<visible>!String.IsEmpty(Container(5982).ListItemAbsolute(6).Label)</visible>
						<left>105</left>
						<top>424</top>
						<width>110</width>
						<height>100</height>
						<align>left</align>
						<aligny>center</aligny>
						<font>Bluback4</font>
						<textcolor>white</textcolor>
						<shadowcolor>black</shadowcolor>
						<label>$INFO[Container(5982).ListItemAbsolute(6).Label] ($INFO[Container(5982).ListItemAbsolute(6).Year])</label>
					</control>
					<control type="textbox">
						<visible>!String.IsEmpty(Container(5982).ListItemAbsolute(2).Label)</visible>
						<left>340</left>
						<top>124</top>
						<width>110</width>
						<height>100</height>
						<align>left</align>
						<aligny>center</aligny>
						<font>Bluback4</font>
						<textcolor>white</textcolor>
						<shadowcolor>black</shadowcolor>
						<label>$INFO[Container(5982).ListItemAbsolute(2).Label] ($INFO[Container(5982).ListItemAbsolute(2).Year])</label>
					</control>
					<control type="textbox">
						<visible>!String.IsEmpty(Container(5982).ListItemAbsolute(3).Label)</visible>
						<left>330</left>
						<top>225</top>
						<width>110</width>
						<height>100</height>
						<align>left</align>
						<aligny>center</aligny>
						<font>Bluback4</font>
						<textcolor>white</textcolor>
						<shadowcolor>black</shadowcolor>
						<label>$INFO[Container(5982).ListItemAbsolute(3).Label] ($INFO[Container(5982).ListItemAbsolute(3).Year])</label>
					</control>
					<control type="textbox">
						<visible>!String.IsEmpty(Container(5982).ListItemAbsolute(5).Label)</visible>
						<left>335</left>
						<top>326</top>
						<width>110</width>
						<height>100</height>
						<align>left</align>
						<aligny>center</aligny>
						<font>Bluback4</font>
						<textcolor>white</textcolor>
						<shadowcolor>black</shadowcolor>
						<label>$INFO[Container(5982).ListItemAbsolute(5).Label] ($INFO[Container(5982).ListItemAbsolute(5).Year])</label>
					</control>
					<control type="textbox">
						<visible>!String.IsEmpty(Container(5982).ListItemAbsolute(7).Label)</visible>
						<left>330</left>
						<top>424</top>
						<width>110</width>
						<height>100</height>
						<align>left</align>
						<aligny>center</aligny>
						<font>Bluback4</font>
						<textcolor>white</textcolor>
						<shadowcolor>black</shadowcolor>
						<label>$INFO[Container(5982).ListItemAbsolute(7).Label] ($INFO[Container(5982).ListItemAbsolute(7).Year])</label>
					</control>
				</control>
				<control type="image">
					<visible>Container.Content(albums) + String.IsEmpty(ListItem.Art(back))</visible>
					<animation effect="fade" end="30" condition="true">Conditional</animation>
					<left>-20</left>
					<top>108</top>
					<width>480</width>
					<height>465</height>
					<texture background="true">tajo/shelf/back.png</texture>
					<aspectratio>stretch</aspectratio>
				</control>
				<!--Tracklists-->
				<control type="group">
					<visible>Container.Content(albums) + String.IsEmpty(ListItem.Art(back))</visible>
					<control type="textbox">
						<visible>String.EndsWith(Container(598).ListItem.DBID,0)</visible>
						<include>Trck</include>
						<font>bcd0</font>
					</control>
					<control type="textbox">
						<visible>String.EndsWith(Container(598).ListItem.DBID,1)</visible>
						<include>Trck</include>
						<font>bcd1</font>
					</control>
					<control type="textbox">
						<visible>String.EndsWith(Container(598).ListItem.DBID,2)</visible>
						<include>Trck</include>
						<font>bcd2</font>
					</control>
					<control type="textbox">
						<visible>String.EndsWith(Container(598).ListItem.DBID,3)</visible>
						<include>Trck</include>
						<font>bcd3</font>
					</control>
					<control type="textbox">
						<visible>String.EndsWith(Container(598).ListItem.DBID,4)</visible>
						<include>Trck</include>
						<font>bcd4</font>
					</control>
					<control type="textbox">
						<visible>String.EndsWith(Container(598).ListItem.DBID,5)</visible>
						<include>Trck</include>
						<font>bcd5</font>
					</control>
					<control type="textbox">
						<visible>String.EndsWith(Container(598).ListItem.DBID,6)</visible>
						<include>Trck</include>
						<font>bcd6</font>
					</control>
					<control type="textbox">
						<visible>String.EndsWith(Container(598).ListItem.DBID,7)</visible>
						<include>Trck</include>
						<font>bcd7</font>
					</control>
					<control type="textbox">
						<visible>String.EndsWith(Container(598).ListItem.DBID,8)</visible>
						<include>Trck</include>
						<font>bcd8</font>
					</control>
					<control type="textbox">
						<visible>String.EndsWith(Container(598).ListItem.DBID,9)</visible>
						<include>Trck</include>
						<font>bcd9</font>
					</control>
				</control>
				<control type="image">
					<left>-20</left>
					<top>108</top>
					<width>480</width>
					<height>465</height>
					<colordiffuse>50FFFFFF</colordiffuse>
					<aspectratio scalediffuse="false">stretch</aspectratio>
					<texture background="true">tajo/side_fade.png</texture>
				</control>
				<!-- Estuche trasera-->
				<control type="image">
					<left>-24</left>
					<top>100</top>
					<width>502</width>
					<height>480</height>
					<texture background="true">tajo/shelf/caja_cd_b.png</texture>
					<aspectratio>stretch</aspectratio>
				</control>
				<control type="group">
					<top>-100</top>
					<control type="label">
						<visible>String.IsEmpty(ListItem.Art(spine))</visible>
						<left>312</left>
						<top>440</top>
						<width>310</width>
						<height>14</height>
						<align>center</align>
						<aligny>top</aligny>
						<scrollspeed>1</scrollspeed>
						<animation effect="rotate" center="auto" start="90" end="90" time="0" condition="true">Conditional</animation>
						<font>spiner3</font>
						<label>$INFO[ListItem.Title]</label>
						<textcolor>white</textcolor>
					</control>
					<control type="label">
						<visible>Container.Content(artists)</visible>
						<left>312</left>
						<top>440</top>
						<width>310</width>
						<height>14</height>
						<align>center</align>
						<aligny>top</aligny>
						<scrollspeed>1</scrollspeed>
						<animation effect="rotate" center="auto" start="90" end="90" time="0" condition="true">Conditional</animation>
						<font>spiner3</font>
						<label>$INFO[ListItem.Artist]</label>
						<textcolor>white</textcolor>
					</control>
				</control>
			</control>
			<control type="group">
				<!--Trasera caja reflejo-->
				<left>987</left>
				<top>339</top>
				<animation effect="rotatey" center="50" start="8" end="8" time="0" condition="true">Conditional</animation>
				<visible>!String.StartsWith(ListItem.Label,*) + System.IdleTime(4) + !System.IdleTime(12) + Control.HasFocus(598)</visible>
				<visible>Integer.IsGreaterOrEqual(Container(5982).NumItems,1) | Integer.IsGreaterOrEqual(Container(5981).NumItems,1)</visible>
				<animation type="Visible" reversible="false">
					<effect type="slide" delay="1600" start="800,0" end="0,0" time="1300" tween="sine" easing="inout" />
				</animation>
				<animation type="Conditional" condition="System.IdleTime(11)" reversible="false">
					<effect type="rotatey" center="1212" start="0" end="-180" time="1600" tween="quadratic" easing="out" />
					<effect type="fade" delay="400" start="100" end="0" time="50" />
				</animation>
				<control type="group">
					<left>-20</left>
					<top>585</top>
					<control type="image">
						<width>480</width>
						<height>465</height>
						<colordiffuse>25FFFFFF</colordiffuse>
						<aspectratio align="center" aligny="center">stretch</aspectratio>
						<visible>Container.Content(albums)</visible>
						<texture flipy="true" diffuse="tajo/mask_cover3.png" background="true">$INFO[ListItem.Art(back)]</texture>
					</control>
					<control type="image">
						<visible>Container.Content(albums)</visible>
						<animation effect="rotatey" center="488,0" start="-30" end="-30" condition="true">Conditional</animation>
						<animation effect="rotate" end="180" center="488,0" condition="true">Conditional</animation>
						<top>-464</top>
						<left>478</left>
						<width>20</width>
						<height>465</height>
						<colordiffuse>25FFFFFF</colordiffuse>
						<texture flipy="true" background="true">$INFO[ListItem.Art(spine)]</texture>
						<aspectratio scalediffuse="false">stretch</aspectratio>
					</control>
					<control type="image">
						<visible>Container.Content(albums) + String.IsEmpty(ListItem.Art(back))</visible>
						<width>480</width>
						<height>465</height>
						<colordiffuse>35FFFFFF</colordiffuse>
						<aspectratio align="center" aligny="center">scale</aspectratio>
						<texture background="true" flipy="true" fallback="tajo/artists.png">tajo/shelf/cdback/$VAR[cdbackVar]$VAR[cdbackVar2]</texture>
					</control>
					<control type="image">
						<visible>Container.Content(artists)</visible>
						<width>480</width>
						<height>465</height>
						<colordiffuse>30FFFFFF</colordiffuse>
						<aspectratio align="center" aligny="center">scale</aspectratio>
						<texture background="true" flipy="true" fallback="tajo/artists.png">tajo/shelf/cdback/$VAR[cdbackVar3]$VAR[cdbackVar2]</texture>
					</control>
					<control type="image">
						<width>480</width>
						<height>465</height>
						<colordiffuse>45FFFFFF</colordiffuse>
						<aspectratio align="center" aligny="top">scale</aspectratio>
						<visible>Container.Content(albums) + String.StartsWith(ListItem.Label,*)</visible>
						<texture diffuse="tajo/shelf/diffuse_box.png" flipy="true" background="true">$VAR[poster]</texture>
					</control>
					<control type="image">
						<visible>[Container.Content(albums) + String.IsEmpty(ListItem.Art(back))] | Container.Content(artists)</visible>
						<width>480</width>
						<height>465</height>
						<colordiffuse>25FFFFFF</colordiffuse>
						<aspectratio scalediffuse="false">stretch</aspectratio>
						<texture flipy="true" background="true">tajo/shelf/barr.png</texture>
					</control>
				</control>
				<control type="image">
					<!-- Estuche trasera-->
					<left>-24</left>
					<top>574</top>
					<width>502</width>
					<height>480</height>
					<colordiffuse>40FFFFFF</colordiffuse>
					<texture background="true">tajo/shelf/caja_cd_br.png</texture>
					<aspectratio>stretch</aspectratio>
				</control>
			</control>
			<control type="image">
				<left>1911</left>
				<top>480</top>
				<width>460</width>
				<height>460</height>
				<colordiffuse>01FFFFFF</colordiffuse>
				<aspectratio scalediffuse="false" aligny="top">scale</aspectratio>
				<texture background="true">$INFO[ListItem.Art(discart)]</texture>
			</control>
			<control type="group">
				<!--Disco-->
				<animation effect="rotatey" center="50" start="7" end="7" time="0" condition="true">Conditional</animation>
				<left>1030</left>
				<top>450</top>
				<width>400</width>
				<height>400</height>
				<visible>Container.Content(albums) + Control.HasFocus(598) + System.IdleTime(6)</visible>
				<animation type="Conditional" condition="System.IdleTime(6)" reversible="false">
					<effect type="slide" end="0,75" time="1500" delay="800" tween="bounce" easing="out" />
					<effect type="slide" end="-600,40" time="2000" delay="400" tween="sine" easing="out" />
					<effect type="rotate" start="160" center="auto" delay="400" end="360" time="2000" tween="quadratic" easing="out" />
				</animation>
				<animation type="Conditional" condition="System.IdleTime(6)" reversible="false">
					<effect type="slide" start="0,0" end="850,-25" time="2750" delay="2500" tween="cubic" easing="inout" />
					<effect type="rotate" start="240" center="auto" end="0" delay="2500" time="2750" tween="cubic" easing="inout" />
				</animation>
				<animation type="Conditional" condition="System.IdleTime(6)" reversible="false">
					<effect type="slide" start="0,0" end="700,0" time="750" delay="7150" />
					<effect type="rotate" start="360" center="auto" end="180" delay="7150" time="750" />
				</animation>
				<control type="image">
					<visible>System.IdleTime(8)</visible>
					<visible>!String.IsEmpty(ListItem.Art(discart))</visible>
					<aspectratio scalediffuse="false" aligny="top">scale</aspectratio>
					<colordiffuse>dd000000</colordiffuse>
					<texture background="true">tajo/cdart_diffuse.png</texture>
				</control>
				<control type="image">
					<visible>System.IdleTime(8)</visible>
					<aspectratio scalediffuse="false" aligny="top">scale</aspectratio>
					<texture background="true">$INFO[ListItem.Art(discart)]</texture>
				</control>
			</control>
			<control type="group">
				<animation effect="rotatey" center="50" start="7" end="7" time="0" condition="true">Conditional</animation>
				<left>1030</left>
				<top>999</top>
				<width>400</width>
				<height>400</height>
				<visible>Container.Content(albums) + Control.HasFocus(598) + System.IdleTime(6)</visible>
				<animation type="Conditional" condition="System.IdleTime(6)" reversible="false">
					<effect type="slide" end="0,-75" time="1500" delay="800" tween="bounce" easing="out" />
					<effect type="slide" end="-600,40" time="2000" delay="400" tween="sine" easing="out" />
					<effect type="rotate" start="-160" center="auto" delay="400" end="-360" time="2000" tween="quadratic" easing="out" />
					<effect type="fade" delay="500" start="0" end="100" time="250" />
				</animation>
				<animation type="Conditional" condition="System.IdleTime(6)" reversible="false">
					<effect type="slide" start="0,0" end="850,-25" time="2750" delay="2500" tween="cubic" easing="inout" />
					<effect type="rotate" start="-300" center="auto" end="0" delay="2500" time="2750" tween="cubic" easing="inout" />
				</animation>
				<animation type="Conditional" condition="System.IdleTime(6)" reversible="false">
					<effect type="slide" start="0,0" end="700,0" time="750" delay="7150" />
					<effect type="rotate" start="-360" center="auto" end="180" delay="7150" time="750" />
				</animation>
				<control type="image">
					<visible>!String.IsEmpty(ListItem.Art(discart))</visible>
					<aspectratio scalediffuse="false" aligny="top">scale</aspectratio>
					<colordiffuse>cc000000</colordiffuse>
					<texture background="true">tajo/cdart_diffuse.png</texture>
				</control>
				<control type="image">
					<colordiffuse>35FFFFFF</colordiffuse>
					<aspectratio scalediffuse="false" aligny="top">scale</aspectratio>
					<texture flipy="true" background="true">$INFO[ListItem.Art(discart)]</texture>
				</control>
			</control>
		</control>
		<control type="group">
			<left>100</left>
			<top>-6</top>
			<visible>Control.IsVisible(598) + [String.Contains(Container.SortMethod,$LOCALIZE[557]) | String.Contains(Container.SortMethod,$LOCALIZE[558])]</visible>
			<animation effect="slide" end="0,137" time="200">Focus</animation>
			<animation effect="slide" end="0,-137" time="200">Unfocus</animation>
		</control>
	</include>
</includes>
