<includes>
	<!--##################################################################################     VISTA Shelf3D - ID 595     #############################################################################-->
	<include name="Shelf3DLabel_Fanart">
		<left>0</left>
		<height>30</height>
		<width>518</width>
		<font>Font_plot</font>
		<aligny>top</aligny>
		<align>left</align>
		<textcolor>themecolor</textcolor>
		<textoffsetx>0</textoffsetx>
		<textoffsety>0</textoffsety>
		<scroll>false</scroll>
	</include>
	<include name="Shelf3DFixedList">
		<control type="fixedlist" id="595">
			<visible>Container.Content(movies) | Container.Content(tvshows) | Container.Content(seasons) | Container.Content(sets)</visible>
			<include>Shelf3D_Content</include>
		</control>
	</include>
	<include name="ViewShelf3D">
		<control type="group">
			<top>25</top>
			<!-- default group -->
			<visible>Control.IsVisible(595)</visible>
			<control type="group">
				<!-- panel de info fanart layout -->
				<left>1</left>
				<top>-105</top>
				<control type="image">
					<left>-30</left>
					<top>28</top>
					<width>2040</width>
					<height>1277</height>
					<texture diffuse="tajo/mask_cover3.png">tajo/darkgrey.png</texture>
					<colordiffuse>themecolor</colordiffuse>
					<animation effect="fade" end="80" condition="true">Conditional</animation>
				</control>
				<control type="image">
					<left>-31</left>
					<top>27</top>
					<width>2042</width>
					<height>1279</height>
					<aspectratio align="center">stretch</aspectratio>
					<colordiffuse>dd000000</colordiffuse>
					<texture diffuse="tajo/mask_cover3.png">tajo/mask82.png</texture>
				</control>
				<control type="textbox">
					<visible>ListItem.IsCollection</visible>
					<left>607</left>
					<top>126</top>
					<height>34</height>
					<width>535</width>
					<font>Font_plot</font>
					<aligny>top</aligny>
					<align>left</align>
					<label>[COLOR=themecolor]$LOCALIZE[515]: [/COLOR]$INFO[Container(59030).ListItemAbsolute(0).Genre]</label>
				</control>
				<control type="textbox">
					<visible>ListItem.IsCollection</visible>
					<left>607</left>
					<top>166</top>
					<height>34</height>
					<width>535</width>
					<font>Font_plot</font>
					<aligny>top</aligny>
					<align>left</align>
					<label>[COLOR=themecolor]$LOCALIZE[342]: [/COLOR][B]$INFO[Container(59030).NumItems][/B]</label>
				</control>
				<control type="list" id="59030">
					<visible>ListItem.IsCollection</visible>
					<scrolltime tween="sine" easing="out">2200</scrolltime>
					<autoscroll>true</autoscroll>
					<left>607</left>
					<top>206</top>
					<height>246</height>
					<width>565</width>
					<itemlayout height="35">
						<control type="label">
							<left>0</left>
							<top>0</top>
							<height>35</height>
							<width>564</width>
							<align>left</align>
							<scroll>false</scroll>
							<font>Font_plot</font>
							<textcolor>ffd4d4d4</textcolor>
							<label>[B]- $INFO[ListItem.Label] [/B][$INFO[ListItem.Year]]</label>
						</control>
					</itemlayout>
					<focusedlayout height="35">
						<control type="label">
							<left>0</left>
							<top>0</top>
							<height>35</height>
							<width>564</width>
							<align>left</align>
							<scroll>false</scroll>
							<font>Font_plot</font>
							<textcolor>ffd4d4d4</textcolor>
							<label>[B]- $INFO[ListItem.Label] [/B][$INFO[ListItem.Year]]</label>
						</control>
					</focusedlayout>
					<content sortby="year" sortorder="ascending">$INFO[ListItem.FolderPath]</content>
				</control>
				<control type="grouplist">
					<visible>!ListItem.IsCollection</visible>
					<left>45</left>
					<top>377</top>
					<orientation>vertical</orientation>
					<itemgap>12</itemgap>
					<control type="textbox">
						<visible>!Container.Content(tvshows) + !Container.Content(seasons)</visible>
						<include>Shelf3DLabel_Fanart</include>
						<label>[B]$VAR[value_ground16_label]:[/B] [COLOR=FFFFFAF0]$VAR[value_ground16_value]    [/COLOR] [CAPITALIZE][B][LOWERCASE]$LOCALIZE[19081]:[/B][/LOWERCASE][/CAPITALIZE][COLOR=FFFFFAF0] $INFO[ListItem.EndTime][/COLOR]</label>
					</control>
					<control type="textbox">
						<visible>!Container.Content(tvshows) + !Container.Content(seasons)</visible>
						<include>Shelf3DLabel_Fanart</include>
						<label>[B]$LOCALIZE[292]:[/B]</label>
					</control>
				</control>
				<control type="group">
					<left>112</left>
					<top>355</top>
					<control type="grouplist">
						<left>10</left>
						<top>50</top>
						<width>1000</width>
					      <height>60</height>
					<orientation>horizontal</orientation>
					<itemgap>10</itemgap>
					<control type="label">
					<font>Font_plot</font>
					<align>right</align>
					<aligny>center</aligny>
					<width>60</width>
					<height>60</height>
					<label>$VAR[audiochannelstajo1]</label>
					</control>
					<control type="image">
					<width>80</width>
					<height>60</height>
					<aligny>center</aligny>
					<texture>$VAR[audioc_1]</texture>
					</control>
					<control type="label">
					<font>Font_plot</font>
					<scroll>false</scroll>
					<align>left</align>
					<aligny>center</aligny>
					<width>60</width>
					<height>60</height>
					<label>[LOWERCASE]$INFO[ListItem.Property(AudioLanguage.1)][/LOWERCASE]</label>
					</control>
					</control>
					<control type="grouplist">
						<left>10</left>
						<top>87</top>
						<width>1000</width>
					      <height>60</height>
					<orientation>horizontal</orientation>
					<itemgap>10</itemgap>
					<control type="label">
					<font>Font_plot</font>
					<align>right</align>
					<aligny>center</aligny>
					<width>60</width>
					<height>60</height>
					<label>$VAR[audiochannelstajo3]</label>
					</control>
					<control type="image">
					<width>80</width>
					<height>60</height>
					<aligny>center</aligny>
					<texture>$VAR[audioc_3]</texture>
					</control>
					<control type="label">
					<font>Font_plot</font>
					<scroll>false</scroll>
					<align>left</align>
					<aligny>center</aligny>
					<width>60</width>
					<height>60</height>
					<label>[LOWERCASE]$INFO[ListItem.Property(AudioLanguage.3)][/LOWERCASE]</label>
					</control>
					</control>
				</control>
				<control type="group">
					<left>325</left>
					<top>355</top>
					<control type="grouplist">
						<left>10</left>
						<top>50</top>
						<width>1000</width>
					      <height>60</height>
					<orientation>horizontal</orientation>
					<itemgap>10</itemgap>
					<control type="label">
					<font>Font_plot</font>
					<align>right</align>
					<aligny>center</aligny>
					<width>60</width>
					<height>60</height>
					<label>$VAR[audiochannelstajo2]</label>
					</control>
					<control type="image">
					<width>80</width>
					<height>60</height>
					<aligny>center</aligny>
					<texture>$VAR[audioc_2]</texture>
					</control>
					<control type="label">
					<font>Font_plot</font>
					<scroll>false</scroll>
					<align>left</align>
					<aligny>center</aligny>
					<width>60</width>
					<height>60</height>
					<label>[LOWERCASE]$INFO[ListItem.Property(AudioLanguage.2)][/LOWERCASE]</label>
					</control>
					</control>
					<control type="grouplist">
						<left>10</left>
						<top>87</top>
						<width>1000</width>
					      <height>60</height>
					<orientation>horizontal</orientation>
					<itemgap>10</itemgap>
					<control type="label">
					<font>Font_plot</font>
					<align>right</align>
					<aligny>center</aligny>
					<width>60</width>
					<height>60</height>
					<label>$VAR[audiochannelstajo4]</label>
					</control>
					<control type="image">
					<width>80</width>
					<height>60</height>
					<aligny>center</aligny>
					<texture>$VAR[audioc_4]</texture>
					</control>
					<control type="label">
					<font>Font_plot</font>
					<scroll>false</scroll>
					<align>left</align>
					<aligny>center</aligny>
					<width>60</width>
					<height>60</height>
					<label>[LOWERCASE]$INFO[ListItem.Property(AudioLanguage.4)][/LOWERCASE]</label>
					</control>
					</control>
				</control>
				<control type="textbox">
				<visible>!ListItem.IsCollection</visible>
					<left>607</left>
					<top>126</top>
					<width>565</width>
					<height>328</height>
					<font>font13_title</font>
					<align>justify</align>
					<label>[B][COLOR themecolor]$VAR[value_ground17_label]:[/COLOR][/B] [COLOR=FFFFFAF0]$VAR[value_ground17_value][/COLOR][B][COLOR themecolor]    [CAPITALIZE]$VAR[value_ground11_label]:[/B][/COLOR] [/CAPITALIZE][COLOR=FFFFFAF0]$VAR[value_ground11_value][/COLOR][CR][COLOR themecolor][B]$VAR[value_ground12_label]:[/B][/COLOR] [COLOR=FFFFFAF0]$VAR[value_ground12_value][/COLOR][B][COLOR themecolor]    $VAR[value_ground14_label]:[/B][/COLOR] [COLOR=FFFFFAF0]$VAR[value_ground14_value][/COLOR][CR][B][COLOR themecolor]$LOCALIZE[207]:[/B][/COLOR] $VAR[value_plot]</label>
					<autoscroll delay="8000" time="2000" repeat="8000">Skin.HasSetting(Enable.AutoScroll)</autoscroll>
				</control>
				<control type="image">
					<left>-500</left>
					<top>-500</top>
					<width>30</width>
					<height>30</height>
					<texture diffuse="tajo/mask_cover3.png" background="true">$INFO[ListItem.Art(back)]</texture>
				</control>
				<control type="group">
					<control type="fadelabel" id="5748">
					<top>-1000</top>
					<width>1</width>
					<height>1</height>
					<info>ListItem.Art(fanart)</info>
					<info>ListItem.Art(fanart1)</info>
					<info>ListItem.Art(fanart2)</info>
					<info>ListItem.Art(fanart3)</info>
					<info>ListItem.Art(fanart4)</info>
					<info>ListItem.Art(fanart5)</info>
					<info>ListItem.Art(fanart6)</info>
					<info>ListItem.Art(fanart7)</info>
					<info>ListItem.Art(fanart8)</info>
					<info>ListItem.Art(fanart9)</info>
					<randomize>false</randomize>
					<pauseatend>4000</pauseatend>
					<scroll>false</scroll>
					<scrollout>false</scrollout>
					<resetonlabelchange>true</resetonlabelchange>
				</control>
				<top>-15</top>
				<control type="image">
					<left>1245</left>
					<top>132</top>
					<width>620</width>
					<height>346</height>
					<visible>String.IsEmpty(ListItem.Art(fanart1))</visible>
					<aspectratio aligny="top">scale</aspectratio>
					<texture diffuse="tajo/mask_cover3.png" background="true">$INFO[ListItem.Art(fanart)]</texture>
				</control>
				<control type="multiimage">
					<left>1245</left>
					<top>132</top>
					<width>620</width>
					<height>346</height>
					<aspectratio aligny="top">scale</aspectratio>
					<fadetime>500</fadetime>
					<visible>!String.IsEmpty(ListItem.Art(fanart1))</visible>
					<imagepath background="true">$INFO[Control.GetLabel(5748)]</imagepath>
				</control>
				<control type="image">
					<visible>!String.IsEmpty(ListItem.Art(clearlogo)) | !String.IsEmpty(ListItem.Art(tvshow.clearlogo))</visible>
					<left>1245</left>
					<top>132</top>
					<width>620</width>
					<height>346</height>
					<texture background="true">tajo/osd_black_bg.png</texture>
					<aspectratio>stretch</aspectratio>
				</control>
				<control type="image">
					<top>130</top>
					<left>1242</left>
					<width>626</width>
					<height>350</height>
					<aspectratio align="center">stretch</aspectratio>
					<colordiffuse>dd000000</colordiffuse>
					<texture diffuse="tajo/mask_cover3.png">tajo/mask78.png</texture>
				</control>
				</control>
				<control type="group">
				<control type="image">
					<left>1585</left>
					<top>335</top>
					<width>260</width>
					<height>135</height>
					<fadetime>250</fadetime>
					<colordiffuse>ddffffff</colordiffuse>
					<aspectratio aligny="center">keep</aspectratio>
					<texture background="true">$INFO[ListItem.Art(clearlogo)]</texture>
				</control>
				<control type="image">
					<left>1585</left>
					<top>335</top>
					<width>260</width>
					<height>135</height>
					<fadetime>250</fadetime>
					<colordiffuse>ddffffff</colordiffuse>
					<aspectratio aligny="center">keep</aspectratio>
					<texture background="true">$INFO[ListItem.Art(tvshow.clearlogo)]</texture>
				</control>
				<control type="image">
				<animation effect="fade" delay="250" start="0" end="100" time="150">Visible</animation>
				<animation effect="slide" end="0,50" time="0" condition="ListItem.IsCollection | Container.Content(tvshows) | Container.Content(seasons)">Conditional</animation>
					<left>25</left>
					<top>140</top>
					<width>520</width>
					<height>220</height>
					<fadetime>250</fadetime>
					<colordiffuse>ddffffff</colordiffuse>
					<aspectratio aligny="center">keep</aspectratio>
					<texture background="true">$INFO[ListItem.Art(clearart)]</texture>
				</control>
				<control type="image">
				<animation effect="slide" end="0,50" time="0" condition="ListItem.IsCollection | Container.Content(tvshows) | Container.Content(seasons)">Conditional</animation>
				<animation effect="fade" delay="250" start="0" end="100" time="150">Visible</animation>
					<left>25</left>
					<top>140</top>
					<width>520</width>
					<height>220</height>
					<fadetime>250</fadetime>
					<colordiffuse>ddffffff</colordiffuse>
					<aspectratio aligny="center">keep</aspectratio>
					<texture background="true">$INFO[ListItem.Art(tvshow.clearart)]</texture>
				</control>
				<control type="image">
				<visible>!Container.Content(seasons) + String.IsEmpty(ListItem.Art(clearart))</visible>
				<animation effect="fade" delay="250" start="0" end="100" time="150">Visible</animation>
					<left>50</left>
					<top>140</top>
					<width>450</width>
					<height>220</height>
					<colordiffuse>ddffffff</colordiffuse>
					<aspectratio aligny="center">keep</aspectratio>
					<texture background="true">$INFO[ListItem.Art(clearlogo)]</texture>
				</control>
				<control type="image">
				<visible>Container.Content(seasons) + String.IsEmpty(ListItem.Art(tvshow.clearart))</visible>
				<animation effect="fade" delay="250" start="0" end="100" time="150">Visible</animation>
					<left>50</left>
					<top>140</top>
					<width>450</width>
					<height>220</height>
					<colordiffuse>ddffffff</colordiffuse>
					<aspectratio aligny="center">keep</aspectratio>
					<texture background="true">$INFO[ListItem.Art(tvshow.clearlogo)]</texture>
				</control>
				<control type="label">
				<animation effect="fade" delay="250" start="0" end="100" time="150">Visible</animation>
					<left>40</left>
					<top>140</top>
					<width>450</width>
					<height>220</height>
					<align>center</align>
					<aligny>center</aligny>
					<label>$VAR[value_videotitle]</label>
					<font>titleshelf3D</font>
					<textcolor>white</textcolor>
					<wrapmultiline>true</wrapmultiline>
					<visible>String.IsEmpty(ListItem.Art(clearart)) + String.IsEmpty(ListItem.Art(clearlogo)) + String.IsEmpty(ListItem.Art(tvshow.clearart)) + String.IsEmpty(ListItem.Art(tvshow.clearlogo))</visible>
				</control>
				</control>
			</control>
			<control type="group">
			<visible>Control.IsVisible(595) + !Control.HasFocus(5929)</visible>
			<animation effect="fade" end="100" time="200">Visible</animation>
			<animation effect="fade" end="0" time="200">Hidden</animation>
			<top>56</top>
			<left>95</left>
			<control type="label">
				<align>center</align>
				<left>-85</left>
				<top>-78</top>
				<width>105</width>
				<height>40</height>
				<textcolor>FFFFFAF0</textcolor>
				<shadowcolor>black</shadowcolor>
				<font>Font_plot3</font>
				<label>$INFO[System.Time(hh:mm)]</label>
			</control>
			<control type="label">
				<align>right</align>
				<left>10</left>
				<top>-80</top>
				<width>100</width>
				<height>40</height>
				<textcolor>themecolor</textcolor>
				<shadowcolor>black</shadowcolor>
				<font>Font_plot</font>
				<label>$INFO[Container.CurrentItem]</label>
			</control>
			<control type="label">
				<align>left</align>
				<left>118</left>
				<top>-80</top>
				<width>150</width>
				<height>40</height>
				<textcolor>FFFFFAF0</textcolor>
				<shadowcolor>black</shadowcolor>
				<font>Font_plot</font>
				<label>/ $INFO[Container.NumItems]</label>
			</control>
		</control>
			<control type="group">
				<left>-55</left>
				<top>414</top>
				<control type="group">
					<top>-10</top>
					<left>15</left>
					<control type="textbox" id="2010">
						<top>-800</top>
						<left>60</left>
						<align>right</align>
						<width>1040</width>
						<height>60</height>
						<font>titletest</font>
						<label>12345 12345 $VAR[value_videotitle]</label>
						<textcolor>00ffffff</textcolor>
					</control>
					<control type="textbox">
					<visible>!Container(2010).HasNext</visible>
					<animation effect="fade" start="0" end="100" time="250" tween="sine">Visible</animation>
						<top>-16</top>
						<left>58</left>
						<align>right</align>
						<width>1040</width>
						<height>100</height>
						<font>titlelist</font>
						<label>$VAR[value_videotitle]</label>
						<textcolor>black</textcolor>
					</control>
					<control type="textbox">
					<visible>!Container(2010).HasNext</visible>
					<animation effect="fade" start="0" end="100" time="200" tween="sine">Visible</animation>
						<top>-15</top>
						<left>59</left>
						<align>right</align>
						<width>1040</width>
						<height>100</height>
						<font>titlelist</font>
						<label>$VAR[value_videotitle]</label>
						<textcolor>themecolor</textcolor>
						<shadowcolor>black</shadowcolor>
					</control>
					<control type="textbox" id="2011">
					<animation effect="fade" start="0" end="100" time="250" tween="sine">Visible</animation>
					<visible>Container(2010).HasNext + !Container(2011).HasNext</visible>
						<top>-8</top>
						<left>59</left>
						<align>right</align>
						<width>1040</width>
						<height>70</height>
						<font>titlemove</font>
						<label>$VAR[value_videotitle]</label>
						<textcolor>black</textcolor>
					</control>
					<control type="textbox">
					<animation effect="fade" start="0" end="100" time="200" tween="sine">Visible</animation>
					<visible>Container(2010).HasNext + !Container(2011).HasNext</visible>
						<top>-7</top>
						<left>60</left>
						<align>right</align>
						<width>1040</width>
						<height>70</height>
						<font>titlemove</font>
						<label>$VAR[value_videotitle]</label>
						<textcolor>themecolor</textcolor>
						<shadowcolor>black</shadowcolor>
					</control>
					<control type="textbox">
					<animation effect="fade" start="0" end="100" time="250" tween="sine">Visible</animation>
					<visible>Container(2011).HasNext</visible>
						<top>-25</top>
						<left>58</left>
						<align>right</align>
						<aligny>center</aligny>
						<width>1040</width>
						<height>110</height>
						<font>titleshelf</font>
						<label>$VAR[value_videotitle]</label>
						<textcolor>black</textcolor>
					</control>
					<control type="textbox">
					<animation effect="fade" start="0" end="100" time="200" tween="sine">Visible</animation>
					<visible>Container(2011).HasNext</visible>
						<top>-24</top>
						<left>59</left>
						<align>right</align>
						<aligny>center</aligny>
						<width>1040</width>
						<height>110</height>
						<font>titleshelf</font>
						<label>$VAR[value_videotitle]</label>
						<textcolor>themecolor</textcolor>
						<shadowcolor>black</shadowcolor>
					</control>	
				</control>
			</control>
			<include>Shelf3DFixedList</include>
			<control type="scrollbar" id="86">
				<include>ScrollBar_Horizontal</include>
				<left>285</left>
				<top>1010</top>
				<width>1350</width>
				<onup>595</onup>
				<ondown>595</ondown>
				<visible allowhiddenfocus="true">Control.IsVisible(595) + Control.HasFocus(86)</visible>
			</control>
			<control type="image">
				<animation effect="rotatey" center="auto" start="8" end="8" time="0" condition="true">Conditional</animation>
				<left>-80</left>
				<top>920</top>
				<width>2050</width>
				<height>300</height>
				<texture>tajo/gradient_small.png</texture>
				<colordiffuse>black</colordiffuse>
			</control>
			<control type="image">
				<animation effect="rotatey" center="auto" start="8" end="8" time="0" condition="true">Conditional</animation>
				<left>-80</left>
				<top>920</top>
				<width>2050</width>
				<height>300</height>
				<texture>tajo/gradient_small.png</texture>
				<colordiffuse>black</colordiffuse>
			</control>
			<include>IconsShelf3D</include>
		</control>
		<control type="group">
			<!--Trasera caja set-->
			<top>397</top>
			<left>1086</left>
			<animation effect="rotatey" center="50" start="8" end="8" time="0" condition="true">Conditional</animation>
			<visible>System.IdleTime(4) + !System.IdleTime(12) + ListItem.IsCollection + !System.HasVisibleModalDialog + Control.HasFocus(595)</visible>
			<animation type="Visible" reversible="false">
				<effect type="slide" delay="1600" start="700,0" end="0,0" time="1300" tween="sine" easing="inout" />
			</animation>
			<animation type="Conditional" condition="System.IdleTime(11)" reversible="false">
				<effect type="rotatey" center="1263" start="0" end="-180" time="1600" tween="quadratic" easing="out" />
				<effect type="fade" delay="400" start="100" end="0" time="50" />
			</animation>
			<control type="group">
				<left>8</left>
				<top>73</top>
				<control type="image">
					<width>354</width>
					<height>476</height>
					<texture diffuse="tajo/mask_cover3.png" background="true">tajo/shelf/backset.png</texture>
					<aspectratio scalediffuse="false">stretch</aspectratio>
				</control>
				<control type="image">
					<left>-62</left>
					<top>60</top>
					<height>352</height>
					<width>476</width>
					<colordiffuse>33FFFFFF</colordiffuse>
					<aspectratio align="center" aligny="center">scale</aspectratio>
					<animation effect="rotate" center="auto" start="90" end="90" condition="true">Conditional</animation>
					<texture diffuse="tajo/mask_cover3.png" background="true">$INFO[ListItem.Art(fanart)]</texture>
				</control>
				<control type="group">
					<visible>!Integer.IsGreater(Container(59030).NumItems,4)</visible>
					<control type="image">
						<left>40</left>
						<top>20</top>
						<width>105</width>
						<height>152</height>
						<animation effect="rotate" center="auto" start="3" end="3" time="0" condition="true">Conditional</animation>
						<aspectratio align="center" aligny="center">stretch</aspectratio>
						<texture background="true" diffuse="tajo/mask_cover3.png" fallback="tajo/empty.png">$INFO[Container(59030).ListItemAbsolute(0).Art(poster)]</texture>
					</control>
					<control type="image">
						<left>50</left>
						<top>170</top>
						<height>50</height>
						<width>100</width>
						<aspectratio align="left" aligny="center">keep</aspectratio>
						<texture background="true" diffuse="tajo/mask_cover3.png" fallback="tajo/empty.png">$INFO[Container(59030).ListItemAbsolute(0).Art(clearlogo)]</texture>
					</control>
					<control type="image">
						<left>200</left>
						<top>240</top>
						<width>105</width>
						<height>152</height>
						<animation effect="rotate" center="auto" start="3" end="3" time="0" condition="true">Conditional</animation>
						<aspectratio align="center" aligny="center">stretch</aspectratio>
						<texture background="true" diffuse="tajo/mask_cover3.png" fallback="tajo/empty.png">$INFO[Container(59030).ListItemAbsolute(1).Art(poster)]</texture>
					</control>
					<control type="image">
						<left>205</left>
						<top>387</top>
						<height>50</height>
						<width>100</width>
						<aspectratio align="left" aligny="center">keep</aspectratio>
						<texture background="true" diffuse="tajo/mask_cover3.png" fallback="tajo/empty.png">$INFO[Container(59030).ListItemAbsolute(1).Art(clearlogo)]</texture>
					</control>
					<control type="image">
						<left>50</left>
						<top>240</top>
						<width>105</width>
						<height>152</height>
						<animation effect="rotate" center="auto" start="3" end="3" time="0" condition="true">Conditional</animation>
						<aspectratio align="center" aligny="center">stretch</aspectratio>
						<texture background="true" diffuse="tajo/mask_cover3.png" fallback="tajo/empty.png">$INFO[Container(59030).ListItemAbsolute(2).Art(poster)]</texture>
					</control>
					<control type="image">
						<left>52</left>
						<top>384</top>
						<height>50</height>
						<width>100</width>
						<aspectratio align="left" aligny="center">keep</aspectratio>
						<texture background="true" diffuse="tajo/mask_cover3.png" fallback="tajo/empty.png">$INFO[Container(59030).ListItemAbsolute(2).Art(clearlogo)]</texture>
					</control>
					<control type="image">
						<left>200</left>
						<top>38</top>
						<width>105</width>
						<height>152</height>
						<animation effect="rotate" center="auto" start="3" end="3" time="0" condition="true">Conditional</animation>
						<aspectratio align="center" aligny="center">stretch</aspectratio>
						<texture background="true" diffuse="tajo/mask_cover3.png" fallback="tajo/empty.png">$INFO[Container(59030).ListItemAbsolute(3).Art(poster)]</texture>
					</control>
					<control type="image">
						<left>200</left>
						<top>190</top>
						<height>50</height>
						<width>100</width>
						<aspectratio align="left" aligny="center">keep</aspectratio>
						<texture background="true" diffuse="tajo/mask_cover3.png" fallback="tajo/empty.png">$INFO[Container(59030).ListItemAbsolute(3).Art(clearlogo)]</texture>
					</control>
				</control>
				<control type="group">
					<visible>Integer.IsGreater(Container(59030).NumItems,4)</visible>
					<control type="image">
						<left>15</left>
						<top>5</top>
						<width>75</width>
						<height>115</height>
						<animation effect="rotate" center="auto" start="-2" end="-2" time="0" condition="true">Conditional</animation>
						<aspectratio align="center" aligny="center">stretch</aspectratio>
						<texture background="true" diffuse="tajo/mask_cover3.png" fallback="tajo/empty.png">$INFO[Container(59030).ListItemAbsolute(0).Art(poster)]</texture>
					</control>
					<control type="image">
						<left>92</left>
						<top>41</top>
						<height>35</height>
						<width>70</width>
						<aspectratio align="center" aligny="center">keep</aspectratio>
						<texture background="true" diffuse="tajo/mask_cover3.png" fallback="tajo/empty.png">$INFO[Container(59030).ListItemAbsolute(0).Art(clearlogo)]</texture>
					</control>
					<control type="image">
						<left>10</left>
						<top>112</top>
						<width>75</width>
						<height>115</height>
						<animation effect="rotate" center="auto" start="4" end="4" time="0" condition="true">Conditional</animation>
						<aspectratio align="center" aligny="center">stretch</aspectratio>
						<texture background="true" diffuse="tajo/mask_cover3.png" fallback="tajo/empty.png">$INFO[Container(59030).ListItemAbsolute(1).Art(poster)]</texture>
					</control>
					<control type="image">
						<left>87</left>
						<top>147</top>
						<height>35</height>
						<width>70</width>
						<aspectratio align="center" aligny="center">keep</aspectratio>
						<texture background="true" diffuse="tajo/mask_cover3.png" fallback="tajo/empty.png">$INFO[Container(59030).ListItemAbsolute(1).Art(clearlogo)]</texture>
					</control>
					<control type="image">
						<left>187</left>
						<top>5</top>
						<width>75</width>
						<height>115</height>
						<animation effect="rotate" center="auto" start="4" end="4" time="0" condition="true">Conditional</animation>
						<aspectratio align="center" aligny="center">stretch</aspectratio>
						<texture background="true" diffuse="tajo/mask_cover3.png" fallback="tajo/empty.png">$INFO[Container(59030).ListItemAbsolute(2).Art(poster)]</texture>
					</control>
					<control type="image">
						<left>266</left>
						<top>50</top>
						<height>35</height>
						<width>70</width>
						<aspectratio align="center" aligny="center">keep</aspectratio>
						<texture background="true" diffuse="tajo/mask_cover3.png" fallback="tajo/empty.png">$INFO[Container(59030).ListItemAbsolute(2).Art(clearlogo)]</texture>
					</control>
					<control type="image">
						<left>182</left>
						<top>112</top>
						<width>75</width>
						<height>115</height>
						<animation effect="rotate" center="auto" start="-3" end="-3" time="0" condition="true">Conditional</animation>
						<aspectratio align="center" aligny="center">stretch</aspectratio>
						<texture background="true" diffuse="tajo/mask_cover3.png" fallback="tajo/empty.png">$INFO[Container(59030).ListItemAbsolute(3).Art(poster)]</texture>
					</control>
					<control type="image">
						<left>261</left>
						<top>157</top>
						<height>35</height>
						<width>70</width>
						<aspectratio align="center" aligny="center">keep</aspectratio>
						<texture background="true" diffuse="tajo/mask_cover3.png" fallback="tajo/empty.png">$INFO[Container(59030).ListItemAbsolute(3).Art(clearlogo)]</texture>
					</control>
					<control type="image">
						<left>15</left>
						<top>214</top>
						<width>75</width>
						<height>115</height>
						<animation effect="rotate" center="auto" start="-3" end="-3" time="0" condition="true">Conditional</animation>
						<aspectratio align="center" aligny="center">stretch</aspectratio>
						<texture background="true" diffuse="tajo/mask_cover3.png" fallback="tajo/empty.png">$INFO[Container(59030).ListItemAbsolute(4).Art(poster)]</texture>
					</control>
					<control type="image">
						<left>92</left>
						<top>249</top>
						<height>35</height>
						<width>70</width>
						<aspectratio align="center" aligny="center">keep</aspectratio>
						<texture background="true" diffuse="tajo/mask_cover3.png" fallback="tajo/empty.png">$INFO[Container(59030).ListItemAbsolute(4).Art(clearlogo)]</texture>
					</control>
					<control type="image">
						<left>187</left>
						<top>214</top>
						<width>75</width>
						<height>115</height>
						<animation effect="rotate" center="auto" start="2" end="2" time="0" condition="true">Conditional</animation>
						<aspectratio align="center" aligny="center">stretch</aspectratio>
						<texture background="true" diffuse="tajo/mask_cover3.png" fallback="tajo/empty.png">$INFO[Container(59030).ListItemAbsolute(5).Art(poster)]</texture>
					</control>
					<control type="image">
						<left>266</left>
						<top>259</top>
						<height>35</height>
						<width>70</width>
						<aspectratio align="center" aligny="center">keep</aspectratio>
						<texture background="true" diffuse="tajo/mask_cover3.png" fallback="tajo/empty.png">$INFO[Container(59030).ListItemAbsolute(5).Art(clearlogo)]</texture>
					</control>
					<control type="image">
						<left>10</left>
						<top>321</top>
						<width>75</width>
						<height>115</height>
						<animation effect="rotate" center="auto" start="2" end="2" time="0" condition="true">Conditional</animation>
						<aspectratio align="center" aligny="center">stretch</aspectratio>
						<texture background="true" diffuse="tajo/mask_cover3.png" fallback="tajo/empty.png">$INFO[Container(59030).ListItemAbsolute(6).Art(poster)]</texture>
					</control>
					<control type="image">
						<left>87</left>
						<top>356</top>
						<height>35</height>
						<width>70</width>
						<aspectratio align="center" aligny="center">keep</aspectratio>
						<texture background="true" diffuse="tajo/mask_cover3.png" fallback="tajo/empty.png">$INFO[Container(59030).ListItemAbsolute(6).Art(clearlogo)]</texture>
					</control>
					<control type="image">
						<left>182</left>
						<top>321</top>
						<width>75</width>
						<height>115</height>
						<animation effect="rotate" center="auto" start="-2" end="-2" time="0" condition="true">Conditional</animation>
						<aspectratio align="center" aligny="center">stretch</aspectratio>
						<texture background="true" diffuse="tajo/mask_cover3.png" fallback="tajo/empty.png">$INFO[Container(59030).ListItemAbsolute(7).Art(poster)]</texture>
					</control>
					<control type="image">
						<left>261</left>
						<top>366</top>
						<height>35</height>
						<width>70</width>
						<aspectratio align="center" aligny="center">keep</aspectratio>
						<texture background="true" diffuse="tajo/mask_cover3.png" fallback="tajo/empty.png">$INFO[Container(59030).ListItemAbsolute(7).Art(clearlogo)]</texture>
					</control>
				</control>
				<control type="image">
					<width>342</width>
					<height>476</height>
					<texture diffuse="tajo/mask_cover3.png" background="true">tajo/shelf/textset.png</texture>
					<aspectratio>stretch</aspectratio>
				</control>
				<control type="image">
					<animation effect="fade" end="35" condition="true">Conditional</animation>
					<width>354</width>
					<height>476</height>
					<aspectratio scalediffuse="false">stretch</aspectratio>
					<texture flipx="true" background="true">tajo/side_fade.png</texture>
				</control>
			</control>
			<control type="image">
				<!-- Estuche back -->
				<left>1</left>
				<top>20</top>
				<width>380</width>
				<height>538</height>
				<texture background="true">tajo/shelf/b$VAR[GlobalCaseVarTajo]</texture>
				<aspectratio>stretch</aspectratio>
			</control>
			<control type="label">
				<left>160</left>
				<top>305</top>
				<width>400</width>
				<height>14</height>
				<align>center</align>
				<aligny>top</aligny>
				<scrollspeed>1</scrollspeed>
				<animation effect="rotate" delay="5000" center="auto" start="90" end="90" time="800" condition="true">Conditional</animation>
				<font>spiner</font>
				<label>$VAR[value_videotitle]</label>
				<textcolor>white</textcolor>
			</control>
			<!--Trasera caja set reflejo-->
			<control type="group">
				<top>-17</top>
				<control type="group">
					<left>8</left>
					<top>567</top>
					<!-- Poster back    -->
					<control type="image">
						<top>3</top>
						<width>354</width>
						<height>476</height>
						<colordiffuse>66FFFFFF</colordiffuse>
						<texture diffuse="tajo/mask_cover3.png" flipy="true" background="true">tajo/shelf/back.png</texture>
						<aspectratio scalediffuse="false">stretch</aspectratio>
					</control>
					<control type="image">
						<left>-62</left>
						<top>66</top>
						<height>352</height>
						<width>476</width>
						<colordiffuse>30FFFFFF</colordiffuse>
						<aspectratio align="center" aligny="center">scale</aspectratio>
						<animation effect="rotate" center="auto" start="270" end="270" condition="true">Conditional</animation>
						<texture diffuse="tajo/mask_cover3.png" flipy="true" background="true">$INFO[ListItem.Art(fanart)]</texture>
					</control>
					<control type="image">
						<!-- Poster back    -->
						<top>3</top>
						<width>342</width>
						<height>476</height>
						<colordiffuse>45FFFFFF</colordiffuse>
						<texture diffuse="tajo/mask_cover3.png" flipy="true" background="true">tajo/shelf/textset.png</texture>
						<aspectratio scalediffuse="false">stretch</aspectratio>
					</control>
				</control>
				<control type="image">
					<!-- Estuche back -->
					<left>1</left>
					<top>561</top>
					<width>380</width>
					<height>524</height>
					<colordiffuse>89FFFFFF</colordiffuse>
					<texture flipy="true" background="true">tajo/shelf/rb$VAR[GlobalCaseVarTajo]</texture>
					<aspectratio>stretch</aspectratio>
				</control>
			</control>
		</control>
	</include>
	<include name="Shelf3D_Content">
		<viewtype label="Shelf 3D">list</viewtype>
		<left>-255</left>
		<top>360</top>
		<width>2100</width>
		<height>1125</height>
		<onup>SetProperty(MediaMenu,True,home)</onup>
		<onup>SetFocus(9050)</onup>
		<ondown condition="!Container.Content(seasons) + !Container.Content(episodes) + String.Contains(Container.SortMethod,$LOCALIZE[369])">5929</ondown>
		<ondown>86</ondown>
		<orientation>horizontal</orientation>
		<focusposition>5</focusposition>
		<scrolltime tween="sine" easing="inout">500</scrolltime>
		<preloaditems>2</preloaditems>
		<pagecontrol>86</pagecontrol>
		<animation effect="rotatey" center="50" start="8" end="8" time="0" condition="true">Conditional</animation>
		<animation effect="slide" start="0,0" end="0,-15" time="300" tween="sine" easing="inout" condition="Control.HasFocus(86) | Control.HasFocus(5929)">Conditional</animation>
		<visible>Container.Content(movies) | Container.Content(tvshows) | Container.Content(seasons) | Container.Content(sets)</visible>
		<itemlayout width="270" height="434">
			<control type="group">
				<left>150</left>
				<top>0</top>
				<control type="image">
					<visible>ListItem.IsCollection</visible>
					<!-- Poster lados reflejo -->
					<left>-94</left>
					<top>512</top>
					<width>241</width>
					<height>338</height>
					<texture flipy="true" diffuse="tajo/shelf/reflect_box_overlay.png" background="true">$VAR[poster]</texture>
					<aspectratio>stretch</aspectratio>
				</control>
				<control type="image">
					<visible>!ListItem.IsCollection</visible>
					<!-- Poster lados reflejo -->
					<left>-94</left>
					<top>512</top>
					<width>249</width>
					<height>338</height>
					<texture flipy="true" diffuse="tajo/shelf/reflect_box_overlay.png" background="true">$VAR[poster]</texture>
					<aspectratio>stretch</aspectratio>
				</control>
				<control type="image">
					<visible>!ListItem.IsCollection</visible>
					<!-- Poster lados -->
					<left>-94</left>
					<top>168</top>
					<width>249</width>
					<height>339</height>
					<texture diffuse="tajo/shelf/diffuse_box.png" background="true">$VAR[poster]</texture>
					<aspectratio>stretch</aspectratio>
				</control>
				<control type="image">
					<visible>ListItem.IsCollection</visible>
					<!-- Poster lados -->
					<left>-94</left>
					<top>168</top>
					<width>239</width>
					<height>339</height>
					<texture diffuse="tajo/shelf/diffuse_box.png" background="true">$VAR[poster]</texture>
					<aspectratio>stretch</aspectratio>
				</control>
				<control type="image">
					<left>115</left>
					<top>168</top>
					<width>40</width>
					<height>40</height>
					<texture colordiffuse="DDff0303">$VAR[watched_style]</texture>
					<visible>String.IsEqual(ListItem.Overlay,OverlayWatched.png)</visible>
				</control>
				<control type="image">
					<!-- Estuche lados -->
					<left>-100</left>
					<top>130</top>
					<width>272</width>
					<height>384</height>
					<texture background="true">tajo/shelf/$VAR[GlobalCaseVarTajo]</texture>
					<aspectratio>stretch</aspectratio>
				</control>
				<control type="image">
					<!-- Estuche lados reflejo -->
					<left>-100</left>
					<top>504</top>
					<width>272</width>
					<height>384</height>
					<texture flipy="true" diffuse="tajo/shelf/reflect_box_overlay.png" background="true">tajo/shelf/r$VAR[GlobalCaseVarTajo]</texture>
					<aspectratio>stretch</aspectratio>
				</control>
			</control>
		</itemlayout>
		<focusedlayout width="270" height="434">
			<control type="group">
				<!--Caratula normal-->
				<visible>Control.HasFocus(595) + !Container.HasFiles + !Container.Content(sets)</visible>
				<animation type="Focus" reversible="false">
					<effect type="zoom" delay="400" center="200,375" start="100" end="140" time="600" tween="cubic" easing="out" />
				</animation>
				<left>150</left>
				<top>0</top>
				<include>Carat_movie</include>
			</control>
			<control type="group">
				<!--Caratula normal-->
				<visible>Control.HasFocus(595) + [Container.HasFiles | Container.Content(sets)]</visible>
				<animation type="Focus" reversible="false">
					<effect type="zoom" delay="400" center="200,375" start="100" end="140" time="600" tween="cubic" easing="out" />
				</animation>
				<animation type="Conditional" condition="System.IdleTime(4)" reversible="false">
					<effect type="slide" delay="0" end="600,0" time="1300" tween="sine" easing="in" />
				</animation>
				<left>150</left>
				<top>0</top>
				<include>Carat_movie</include>
			</control>
			<control type="group">
				<!--Caratula normal nf-->
				<visible>!Control.HasFocus(595)</visible>
				<animation effect="zoom" center="200,375" start="140" end="140" condition="true">Conditional</animation>
				<left>150</left>
				<top>0</top>
				<include>Carat_movie</include>
			</control>
			<control type="group">
				<!--Caratula normal-2-->
				<visible>System.IdleTime(11) + Control.HasFocus(595) + [Container.HasFiles | Container.Content(sets)]</visible>
				<animation type="Visible" reversible="false">
					<effect type="rotatey" center="189" start="180" end="0" time="1600" tween="quadratic" easing="out" />
					<effect type="fade" delay="400" start="0" end="100" time="50" />
					<effect type="zoom" center="200,375" start="140" end="140" time="0" tween="cubic" easing="out" />
				</animation>
				<left>150</left>
				<top>0</top>
				<include>Carat_movie</include>
			</control>
			<!--Disco-->
			<control type="group">
				<animation effect="rotatey" center="50" start="3" end="3" time="0" condition="true">Conditional</animation>
				<left>30</left>
				<top>40</top>
				<width>320</width>
				<height>320</height>
				<visible>!ListItem.IsCollection + Control.HasFocus(595) + System.IdleTime(6)</visible>
				<animation type="Conditional" condition="System.IdleTime(6)" reversible="false">
					<effect type="slide" end="0,200" time="1500" tween="bounce" easing="out" />
					<effect type="slide" end="-600,20" time="2000" tween="sine" easing="out" />
					<effect type="rotate" start="120" center="auto" end="360" time="2000" tween="quadratic" easing="out" />
				</animation>
				<animation type="Conditional" condition="System.IdleTime(6)" reversible="false">
					<effect type="slide" start="0,0" end="770,-20" time="2750" delay="2000" tween="cubic" easing="inout" />
					<effect type="rotate" start="240" center="auto" end="0" delay="2000" time="2750" tween="cubic" easing="inout" />
				</animation>
				<animation type="Conditional" condition="System.IdleTime(6)" reversible="false">
					<effect type="slide" start="0,0" end="700,0" time="2000" delay="7050" tween="cubic" easing="out" />
					<effect type="rotate" start="-360" center="auto" end="-540" delay="7050" time="2000" tween="cubic" easing="out" />
				</animation>
				<control type="image">
					<visible>!System.IdleTime(7)</visible>
					<aspectratio scalediffuse="false" aligny="top">scale</aspectratio>
					<texture background="true">$INFO[ListItem.Art(discart)]</texture>
				</control>
			</control>
			<control type="group">
				<animation effect="rotatey" center="50" start="3" end="3" time="0" condition="true">Conditional</animation>
				<left>30</left>
				<top>758</top>
				<width>320</width>
				<height>320</height>
				<visible>!ListItem.IsCollection + Control.HasFocus(595) + System.IdleTime(6)</visible>
				<animation type="Conditional" condition="System.IdleTime(6)" reversible="false">
					<effect type="slide" end="0,-200" time="1500" tween="bounce" easing="out" />
					<effect type="slide" end="-600,20" time="2000" tween="sine" easing="out" />
					<effect type="rotate" start="-120" center="auto" end="-360" time="2000" tween="quadratic" easing="out" />
				</animation>
				<animation type="Conditional" condition="System.IdleTime(6)" reversible="false">
					<effect type="slide" start="0,0" end="770,-20" time="2750" delay="2000" tween="cubic" easing="inout" />
					<effect type="rotate" start="-240" center="auto" end="0" delay="2000" time="2750" tween="cubic" easing="inout" />
				</animation>
				<animation type="Conditional" condition="System.IdleTime(6)" reversible="false">
					<effect type="slide" start="0,0" end="700,0" time="2000" delay="7050" tween="cubic" easing="out" />
					<effect type="rotate" start="360" center="auto" end="540" delay="7050" time="2000" tween="cubic" easing="out" />
				</animation>
				<control type="image">
					<visible>!System.IdleTime(7) + !String.IsEmpty(ListItem.Art(discart))</visible>
					<aspectratio scalediffuse="false" aligny="top">scale</aspectratio>
					<colordiffuse>77000000</colordiffuse>
					<texture background="true">tajo/cdart_diffuse.png</texture>
				</control>
				<control type="image">
					<visible>!System.IdleTime(7)</visible>
					<colordiffuse>45FFFFFF</colordiffuse>
					<aspectratio scalediffuse="false" aligny="top">scale</aspectratio>
					<texture flipy="true" background="true">$INFO[ListItem.Art(discart)]</texture>
				</control>
			</control>
			<control type="group">
				<!--Trasera caja-->
				<top>12</top>
				<left>-10</left>
				<visible>System.IdleTime(4) + !System.IdleTime(12) + !ListItem.IsCollection + Control.HasFocus(595) + Container.HasFiles</visible>
				<animation type="Visible" reversible="false">
					<effect type="slide" delay="1600" start="700,0" end="0,0" time="1300" tween="sine" easing="inout" />
				</animation>
				<animation type="Conditional" condition="System.IdleTime(11) + !ListItem.IsCollection" reversible="false">
					<effect type="rotatey" center="189" start="0" end="-180" time="1600" tween="quadratic" easing="out" />
					<effect type="fade" delay="400" start="100" end="0" time="50" />
				</animation>
				<control type="group">
					<visible>String.IsEmpty(ListItem.Art(back))</visible>
					<control type="group">
						<left>8</left>
						<top>73</top>
						<control type="image">
							<!-- Poster back    -->
							<width>354</width>
							<height>476</height>
							<texture diffuse="tajo/mask_cover3.png" background="true">tajo/shelf/back.png</texture>
							<aspectratio scalediffuse="false">stretch</aspectratio>
						</control>
						<control type="image">
							<!-- Fanart -->
							<top>-15</top>
							<height>225</height>
							<width>354</width>
							<aspectratio align="center" aligny="top">keep</aspectratio>
							<texture diffuse="tajo/mask_cover3.png" background="true">$INFO[ListItem.Art(fanart)]</texture>
						</control>
						<control type="image">
							<!-- thumb 1 -->
							<left>224</left>
							<top>124</top>
							<width>141</width>
							<height>82</height>
							<aspectratio align="center" aligny="center">scale</aspectratio>
							<texture diffuse="tajo/mask_cover3.png" background="true">$INFO[ListItem.Art(fanart1)]</texture>
						</control>
						<control type="image">
							<!-- thumb 2 -->
							<left>10</left>
							<top>192</top>
							<width>160</width>
							<height>70</height>
							<aspectratio align="center" aligny="center">scale</aspectratio>
							<texture diffuse="tajo/mask_cover3.png" fallback="tajo/shelf/thumbfall.png" background="true">$INFO[ListItem.Art(fanart2)]</texture>
						</control>
						<control type="image">
							<left>6</left>
							<top>266</top>
							<height>120</height>
							<width>334</width>
							<colordiffuse>C9FFFFFF</colordiffuse>
							<aspectratio align="left" aligny="top">keep</aspectratio>
							<texture diffuse="tajo/mask_cover3.png" fallback="tajo/shelf/fallban.png" background="true">$INFO[ListItem.Art(banner)]</texture>
						</control>
						<control type="image">
							<!-- Poster back    -->
							<width>354</width>
							<height>476</height>
							<visible>String.Contains(ListItem.DBTYPE,movie)</visible>
							<texture diffuse="tajo/mask_cover3.png" background="true">tajo/shelf/back_black.png</texture>
							<aspectratio scalediffuse="false">stretch</aspectratio>
						</control>
						<control type="image">
							<!-- Poster back    -->
							<width>354</width>
							<height>476</height>
							<visible>!String.Contains(ListItem.DBTYPE,movie)</visible>
							<texture background="true">tajo/shelf/back_black2.png</texture>
							<aspectratio scalediffuse="false">stretch</aspectratio>
						</control>
						<control type="textbox">
							<left>8</left>
							<top>127</top>
							<width>217</width>
							<height>63</height>
							<align>justify</align>
							<aligny>center</aligny>
							<visible>String.Contains(ListItem.DBTYPE,movie)</visible>
							<font>Backplot</font>
							<label>$INFO[ListItem.Plot]</label>
							<textcolor>white</textcolor>
						</control>
						<control type="image">
							<!-- clearart -->
							<left>195</left>
							<top>195</top>
							<width>142</width>
							<height>64</height>
							<aspectratio align="left" aligny="top">keep</aspectratio>
							<colordiffuse>C9FFFFFF</colordiffuse>
							<texture diffuse="tajo/mask_cover3.png" background="true">$INFO[ListItem.Art(clearart)]</texture>
						</control>
						<control type="image">
							<!-- clearlogo -->
							<left>195</left>
							<top>195</top>
							<width>142</width>
							<height>64</height>
							<visible>String.IsEmpty(ListItem.Art(clearart))</visible>
							<aspectratio align="left" aligny="top">keep</aspectratio>
							<colordiffuse>C9FFFFFF</colordiffuse>
							<texture diffuse="tajo/mask_cover3.png" fallback="tajo/shelf/falllog.png" background="true">$INFO[ListItem.Art(clearlogo)]</texture>
						</control>
					</control>
					<control type="image">
						<left>14</left>
						<top>502</top>
						<texture fallback="flags/studios/default-studio.png">resource://resource.images.studios.white/$INFO[ListItem.Studio,,.png]</texture>
						<colordiffuse>C9FFFFFF</colordiffuse>
						<width>46</width>
						<height>46</height>
						<aspectratio>keep</aspectratio>
					</control>
					<control type="image">
						<left>72</left>
						<top>504</top>
						<width>50</width>
						<height>50</height>
						<aspectratio>keep</aspectratio>
						<colordiffuse>C9FFFFFF</colordiffuse>
						<texture fallback="flags/flag_default.png">$VAR[mediaicons_path]videoresolution/$INFO[ListItem.VideoResolution,,.png]</texture>
					</control>
					<control type="image">
						<left>99</left>
						<top>512</top>
						<width>120</width>
						<height>30</height>
						<aspectratio>keep</aspectratio>
						<colordiffuse>C9FFFFFF</colordiffuse>
						<texture fallback="flags/flag_default.png">$VAR[mpaa]</texture>
					</control>
					<control type="image">
						<left>280</left>
						<top>507</top>
						<width>40</width>
						<height>40</height>
						<aspectratio>keep</aspectratio>
						<colordiffuse>C9FFFFFF</colordiffuse>
						<texture fallback="flags/flag_default.png">$VAR[videocodec]</texture>
					</control>
				</control>
				<control type="image">
					<left>8</left>
					<top>73</top>
					<width>354</width>
					<height>476</height>
					<texture diffuse="tajo/mask_cover3.png" background="true">$INFO[ListItem.Art(back)]</texture>
					<aspectratio scalediffuse="false">stretch</aspectratio>
				</control>
				<control type="image">
					<visible>!String.IsEmpty(ListItem.Art(back))</visible>
					<animation effect="fade" end="30" condition="true">Conditional</animation>
					<left>8</left>
					<top>73</top>
					<width>354</width>
					<height>476</height>
					<aspectratio scalediffuse="false">stretch</aspectratio>
					<texture flipx="true" background="true">tajo/side_fade.png</texture>
				</control>
				<control type="image">
					<!-- Estuche back -->
					<left>1</left>
					<top>20</top>
					<width>380</width>
					<height>538</height>
					<texture background="true">tajo/shelf/b$VAR[GlobalCaseVarTajo]</texture>
					<aspectratio>stretch</aspectratio>
				</control>
				<control type="label">
					<visible>String.IsEmpty(ListItem.Art(spine))</visible>
					<left>212</left>
					<top>294</top>
					<width>310</width>
					<height>14</height>
					<align>center</align>
					<aligny>top</aligny>
					<scrollspeed>1</scrollspeed>
					<animation effect="rotate" delay="5000" center="auto" start="90" end="90" time="800" condition="true">Conditional</animation>
					<font>spiner</font>
					<label>$VAR[value_videotitle]</label>
					<textcolor>white</textcolor>
				</control>
				<control type="image">
					<animation effect="rotatey" center="366,0" start="-45" end="-45" condition="true">Conditional</animation>
					<left>349</left>
					<top>76</top>
					<width>33</width>
					<height>467</height>
					<texture diffuse="tajo/mask_cover3.png" background="true">$INFO[ListItem.Art(spine)]</texture>
					<aspectratio scalediffuse="false">stretch</aspectratio>
				</control>
			</control>
			<control type="group">
				<top>-4</top>
				<left>-10</left>
				<!--Trasera caja reflejo-->
				<visible>System.IdleTime(4) + !System.IdleTime(12) + !ListItem.IsCollection + Control.HasFocus(595) + Container.HasFiles</visible>
				<animation type="Visible" reversible="false">
					<effect type="slide" delay="1600" start="700,0" end="0,0" time="1300" tween="sine" easing="inout" />
				</animation>
				<animation type="Conditional" condition="System.IdleTime(11) + !ListItem.IsCollection" reversible="false">
					<effect type="rotatey" center="189" start="0" end="-180" time="1600" tween="quadratic" easing="out" />
					<effect type="fade" delay="400" start="100" end="0" time="50" />
				</animation>
				<control type="group">
					<left>8</left>
					<top>567</top>
					<control type="image">
						<!-- Poster back    -->
						<visible>String.IsEmpty(ListItem.Art(back))</visible>
						<top>3</top>
						<width>354</width>
						<height>476</height>
						<colordiffuse>75FFFFFF</colordiffuse>
						<texture diffuse="tajo/shelf/diffuse_box.png" background="true">tajo/shelf/back_blackf.png</texture>
						<aspectratio scalediffuse="false">stretch</aspectratio>
					</control>
				</control>
				<control type="group">
					<visible>String.IsEmpty(ListItem.Art(back))</visible>
					<control type="image">
						<left>14</left>
						<top>566</top>
						<texture flipy="true" fallback="flags/studios/default-studio.png">resource://resource.images.studios.white/$INFO[ListItem.Studio,,.png]</texture>
						<colordiffuse>25FFFFFF</colordiffuse>
						<width>46</width>
						<height>46</height>
						<aspectratio>keep</aspectratio>
					</control>
					<control type="image">
						<left>72</left>
						<top>561</top>
						<width>50</width>
						<height>50</height>
						<aspectratio>keep</aspectratio>
						<colordiffuse>25FFFFFF</colordiffuse>
						<texture flipy="true" fallback="flags/flag_default.png">$VAR[mediaicons_path]videoresolution/$INFO[ListItem.VideoResolution,,.png]</texture>
					</control>
					<control type="image">
						<left>99</left>
						<top>573</top>
						<width>120</width>
						<height>30</height>
						<aspectratio>keep</aspectratio>
						<colordiffuse>25FFFFFF</colordiffuse>
						<texture flipy="true" fallback="flags/flag_default.png">$VAR[mpaa]</texture>
					</control>
					<control type="image">
						<left>280</left>
						<top>568</top>
						<width>40</width>
						<height>40</height>
						<aspectratio>keep</aspectratio>
						<colordiffuse>25FFFFFF</colordiffuse>
						<texture flipy="true" fallback="flags/flag_default.png">$VAR[videocodec]</texture>
					</control>
				</control>
				<control type="image">
					<left>7</left>
					<top>568</top>
					<width>354</width>
					<height>476</height>
					<colordiffuse>30FFFFFF</colordiffuse>
					<texture flipy="true" diffuse="tajo/mask_cover3.png" background="true">$INFO[ListItem.Art(back)]</texture>
					<aspectratio scalediffuse="false">stretch</aspectratio>
				</control>
				<control type="image">
					<!-- Estuche back -->
					<left>1</left>
					<top>561</top>
					<width>380</width>
					<height>524</height>
					<colordiffuse>89FFFFFF</colordiffuse>
					<texture flipy="true" background="true">tajo/shelf/rb$VAR[GlobalCaseVarTajo]</texture>
					<aspectratio>stretch</aspectratio>
				</control>
				<control type="image">
					<top>568</top>
					<left>352</left>
					<animation effect="rotatey" center="366,0" start="-45" end="-45" condition="true">Conditional</animation>
					<animation effect="rotate" end="180" center="auto" condition="true">Conditional</animation>
					<width>33</width>
					<height>466</height>
					<colordiffuse>22FFFFFF</colordiffuse>
					<texture flipy="true" background="true">$INFO[ListItem.Art(spine)]</texture>
					<aspectratio scalediffuse="false">stretch</aspectratio>
				</control>
			</control>
			<!--Disco-->
			<control type="group">
				<animation effect="rotatey" center="50" start="3" end="3" time="0" condition="true">Conditional</animation>
				<left>30</left>
				<top>40</top>
				<width>320</width>
				<height>320</height>
				<visible>!ListItem.IsCollection + Control.HasFocus(595) + System.IdleTime(6)</visible>
				<animation type="Conditional" condition="System.IdleTime(6)" reversible="false">
					<effect type="slide" end="0,200" time="1500" tween="bounce" easing="out" />
					<effect type="slide" end="-600,20" time="2000" tween="sine" easing="out" />
					<effect type="rotate" start="120" center="auto" end="360" time="2000" tween="quadratic" easing="out" />
				</animation>
				<animation type="Conditional" condition="System.IdleTime(6)" reversible="false">
					<effect type="slide" start="0,0" end="770,-20" time="2750" delay="2000" tween="cubic" easing="inout" />
					<effect type="rotate" start="240" center="auto" end="0" delay="2000" time="2750" tween="cubic" easing="inout" />
				</animation>
				<animation type="Conditional" condition="System.IdleTime(6)" reversible="false">
					<effect type="slide" start="0,0" end="700,0" time="2000" delay="7050" tween="cubic" easing="out" />
					<effect type="rotate" start="-360" center="auto" end="-540" delay="7050" time="2000" tween="cubic" easing="out" />
				</animation>
				<control type="image">
					<visible>System.IdleTime(7)</visible>
					<aspectratio scalediffuse="false" aligny="top">scale</aspectratio>
					<texture background="true">$INFO[ListItem.Art(discart)]</texture>
				</control>
			</control>
			<control type="group">
				<animation effect="rotatey" center="50" start="3" end="3" time="0" condition="true">Conditional</animation>
				<left>30</left>
				<top>758</top>
				<width>320</width>
				<height>320</height>
				<visible>!ListItem.IsCollection + Control.HasFocus(595) + System.IdleTime(6)</visible>
				<animation type="Conditional" condition="System.IdleTime(6)" reversible="false">
					<effect type="slide" end="0,-200" time="1500" tween="bounce" easing="out" />
					<effect type="slide" end="-600,20" time="2000" tween="sine" easing="out" />
					<effect type="rotate" start="-120" center="auto" end="-360" time="2000" tween="quadratic" easing="out" />
				</animation>
				<animation type="Conditional" condition="System.IdleTime(6)" reversible="false">
					<effect type="slide" start="0,0" end="770,-20" time="2750" delay="2000" tween="cubic" easing="inout" />
					<effect type="rotate" start="-240" center="auto" end="0" delay="2000" time="2750" tween="cubic" easing="inout" />
				</animation>
				<animation type="Conditional" condition="System.IdleTime(6)" reversible="false">
					<effect type="slide" start="0,0" end="700,0" time="2000" delay="7050" tween="cubic" easing="out" />
					<effect type="rotate" start="360" center="auto" end="540" delay="7050" time="2000" tween="cubic" easing="out" />
				</animation>
				<control type="image">
					<visible>System.IdleTime(7) + !String.IsEmpty(ListItem.Art(discart))</visible>
					<aspectratio scalediffuse="false" aligny="top">scale</aspectratio>
					<colordiffuse>77000000</colordiffuse>
					<texture background="true">tajo/cdart_diffuse.png</texture>
				</control>
				<control type="image">
					<visible>System.IdleTime(7)</visible>
					<colordiffuse>45FFFFFF</colordiffuse>
					<aspectratio scalediffuse="false" aligny="top">scale</aspectratio>
					<texture flipy="true" background="true">$INFO[ListItem.Art(discart)]</texture>
				</control>
			</control>
		</focusedlayout>
	</include>
</includes>
