<template>
	<submenu include="submenu">
		<controls>
			<control type="fixedlist" id="9901">
				<skinshortcuts>visibility</skinshortcuts>
				<left>285</left>
				<top>107</top>
				<width>1350</width>
				<height>60</height>
				<onup>9000</onup>
				<ondown>9002</ondown>
				<itemgap>0</itemgap>
				<focusposition>2</focusposition>
				<movement>2</movement>
				<orientation>Horizontal</orientation>
				<animation effect="slide" start="0,0" end="0,-97" time="200" tween="quadratic" easing="out">Hidden</animation>
				<animation effect="slide" start="0,0" end="-135,0" time="0" condition="String.IsEqual(Container(9901).NumItems,2) | String.IsEqual(Container(9901).NumItems,4)">conditional</animation>
				<animation effect="slide" start="0,-97" end="0,0" delay="250" time="200" tween="quadratic">Visible</animation>
				<itemlayout width="270" height="60">
					<control type="image">
						<height>60</height>
						<width>270</width>
						<texture colordiffuse="tertiary">backgrounds/white.png</texture>
					</control>
					<control type="label">
						<height>60</height>
						<width>270</width>
						<align>center</align>
						<aligny>center</aligny>
						<font>button</font>
						<textcolor>text.primary</textcolor>
						<info>ListItem.Label</info>
					</control>
				</itemlayout>
				<focusedlayout width="270" height="60">
					<control type="image">
						<height>60</height>
						<width>270</width>
						<texture colordiffuse="$VAR[Colour.500]">backgrounds/white.png</texture>
						<visible>Control.HasFocus(9901)</visible>
					</control>
					<control type="label">
						<height>60</height>
						<width>270</width>
						<align>center</align>
						<aligny>center</aligny>
						<font>button</font>
						<textcolor>white</textcolor>
						<info>ListItem.Label</info>
						<visible>Control.HasFocus(9901)</visible>
					</control>
					<control type="image">
						<height>60</height>
						<width>270</width>
						<texture colordiffuse="tertiary">backgrounds/white.png</texture>
						<visible>!Control.HasFocus(9901)</visible>
					</control>
					<control type="label">
						<height>60</height>
						<width>270</width>
						<align>center</align>
						<aligny>center</aligny>
						<font>button</font>
						<textcolor>text.primary</textcolor>
						<info>ListItem.Label</info>
						<visible>!Control.HasFocus(9901)</visible>
					</control>
				</focusedlayout>
				<content>
					<skinshortcuts>items</skinshortcuts>
				</content>
			</control>
			<control type="group">
				<skinshortcuts>visibility</skinshortcuts>
				<animation effect="slide" start="0,-97" end="0,0" delay="250" time="200" tween="quadratic">Visible</animation>
				<animation effect="slide" start="0,0" end="0,-97" time="200" tween="quadratic" easing="out">Hidden</animation>
				<include>HomeSubMenuArrows</include>
			</control>
		</controls>
	</submenu>
	<other include="widget">
		<condition tag="property" attribute="name|widgetPath" />
		<condition tag="property" attribute="name|widgetLayout">Poster</condition>
		<property name="content" tag="property" attribute="name|widgetPath" />
		<property name="target" tag="property" attribute="name|widgetTarget" />
		<property name="contentInclude" tag="property" attribute="name|widgetTarget" value="include">WidgetContentInclude</property>
		<property name="contentInclude">WidgetContent</property>
		<property name="id" tag="mainmenuid" />
		<property name="artwork">$VAR[HomeWidgetPosterVar]</property>
		<controls>
			<control type="group">
				<skinshortcuts>visibility</skinshortcuts>
				<include content="PosterWidget">
					<param name="content" value="$SKINSHORTCUTS[content]" />
					<param name="target" value="$SKINSHORTCUTS[target]" />
					<param name="contentInclude" value="$SKINSHORTCUTS[contentInclude]" />
					<param name="list_id" value="8011$SKINSHORTCUTS[id]" />
					<param name="artwork" value="$SKINSHORTCUTS[artwork]" />
				</include>
			</control>
		</controls>
	</other>
	<other include="widget">
		<condition tag="property" attribute="name|widgetPath" />
		<condition tag="property" attribute="name|widgetLayout">Wide</condition>
		<property name="content" tag="property" attribute="name|widgetPath" />
		<property name="target" tag="property" attribute="name|widgetTarget" />
		<property name="contentInclude" tag="property" attribute="name|widgetTarget" value="include">WidgetContentInclude</property>
		<property name="contentInclude">WidgetContent</property>
		<property name="id" tag="mainmenuid" />
		<property name="artwork">$VAR[HomeWidgetBannerVar]</property>
		<controls>
			<control type="group">
				<skinshortcuts>visibility</skinshortcuts>
				<include content="WideWidget">
					<param name="content" value="$SKINSHORTCUTS[content]" />
					<param name="target" value="$SKINSHORTCUTS[target]" />
					<param name="contentInclude" value="$SKINSHORTCUTS[contentInclude]" />
					<param name="list_id" value="8011$SKINSHORTCUTS[id]" />
					<param name="artwork" value="$SKINSHORTCUTS[artwork]" />
				</include>
			</control>
		</controls>
	</other>
	<other include="widget">
		<condition tag="property" attribute="name|widgetPath" />
		<condition tag="property" attribute="name|widgetLayout">Square</condition>
		<property name="content" tag="property" attribute="name|widgetPath" />
		<property name="target" tag="property" attribute="name|widgetTarget" />
		<property name="contentInclude" tag="property" attribute="name|widgetTarget" value="include">WidgetContentInclude</property>
		<property name="contentInclude">WidgetContent</property>
		<property name="id" tag="mainmenuid" />
		<property name="artwork">$VAR[HomeWidgetPosterVar]</property>
		<controls>
			<control type="group">
				<skinshortcuts>visibility</skinshortcuts>
				<include content="SquareWidget">
					<param name="content" value="$SKINSHORTCUTS[content]" />
					<param name="target" value="$SKINSHORTCUTS[target]" />
					<param name="contentInclude" value="$SKINSHORTCUTS[contentInclude]" />
					<param name="list_id" value="8011$SKINSHORTCUTS[id]" />
					<param name="artwork" value="$SKINSHORTCUTS[artwork]" />
				</include>
			</control>
		</controls>
	</other>
	<other include="widget">
		<condition tag="property" attribute="name|widgetPath" />
		<condition tag="property" attribute="name|widgetLayout">Weather</condition>
		<property name="id" tag="mainmenuid" />
		<controls>
			<control type="group">
				<skinshortcuts>visibility</skinshortcuts>
				<include content="WeatherWidget">
					<param name="list_id" value="8011$SKINSHORTCUTS[id]" />
				</include>
			</control>
		</controls>
	</other>
</template>