<?xml version="1.0" encoding="UTF-8"?>
<window>
	<defaultcontrol>-</defaultcontrol>
	<onload condition="System.HasAddon(script.artistslideshow) + !Skin.HasSetting(DisableArtistSlideshow)">RunScript(script.artistslideshow)</onload>
	<controls>
		<control type="visualisation" id="2">
			<description>visualisation</description>
			<left>0</left>
			<top>0</top>
			<width>100%</width>
			<height>100%</height>
			<visible>!String.IsEmpty(Visualisation.Name)</visible>
		</control>
		<control type="multiimage">
			<animation effect="fade" start="0" end="100" time="300">VisibleChange</animation>
			<animation effect="fade" start="100" end="75" condition="Control.IsVisible(2)">Conditional</animation>
			<left>0</left>
			<top>0</top>
			<width>100%</width>
			<height>100%</height>
			<imagepath background="true">$INFO[Window(Visualisation).Property(ArtistSlideshow)]</imagepath>
			<aspectratio>scale</aspectratio>
			<timeperimage>10000</timeperimage>
			<fadetime>2000</fadetime>
			<randomize>true</randomize>
			<visible>!String.IsEmpty(Window(Visualisation).Property(ArtistSlideshow.ArtworkReady)) + !Skin.HasSetting(HideVisualizationFanart) + !Skin.HasSetting(DisableArtistSlideshow)</visible>
		</control>
		<control type="image">
			<description>Fanart Image for Artist</description>
			<animation effect="fade" start="0" end="100" time="300">VisibleChange</animation>
			<animation effect="fade" start="100" end="75" condition="Control.IsVisible(2)">Conditional</animation>
			<left>0</left>
			<top>0</top>
			<width>100%</width>
			<height>100%</height>
			<texture background="true">$INFO[MusicPlayer.Property(Fanart_Image)]</texture>
			<aspectratio>scale</aspectratio>
			<colordiffuse>AAFFFFFF</colordiffuse>
			<visible>String.IsEmpty(Window(Visualisation).Property(ArtistSlideshow.ArtworkReady)) + !String.IsEmpty(MusicPlayer.Property(Fanart_Image)) + !Skin.HasSetting(HideVisualizationFanart)</visible>
			<fadetime>600</fadetime>
		</control>
		<!-- media infos -->
		<control type="group">
			<animation effect="fade" time="200">VisibleChange</animation>
			<visible>[Player.ShowInfo | Window.IsActive(MusicOSD)] + ![Window.IsVisible(AddonSettings) | Window.IsVisible(SelectDialog) | Window.IsVisible(VisualisationPresetList) | Window.IsVisible(PVROSDChannels) | Window.IsVisible(PVROSDGuide) | Window.IsVisible(PVRRadioRDSInfo) | Window.IsVisible(OSDAudioDSPSettings) | Window.IsVisible(Addon)]</visible>
			<!--breadcrumbs-->
			<include content="DynamicLeftBreadcrumb">
				<param name="breadcrumb1-label" value="$LOCALIZE[589]" />
				<param name="breadcrumb1-visible" value="MusicPartyMode.Enabled" />
				<param name="breadcrumb3-label" value="$INFO[musicplayer.Playlistposition,$LOCALIZE[554]: ]$INFO[musicplayer.Playlistlength, / ]" />
				<param name="breadcrumb3-visible" value="!MusicPartyMode.Enabled" />
			</include>
			<!--time-->
			<control type="group">
				<animation effect="slide" start="0,0" end="-51,0" time="100" condition="Player.Muted">conditional</animation>
				<include content="DynamicRightBreadcrumb">
					<param name="breadcrumb1-label" value="$INFO[System.Time(hh:mm)]$INFO[System.Time(xx), ,]" />
				</include>
			</control>
			<control type="group">
				<centerleft>50%</centerleft>
				<top>283r</top>
				<width>1140</width>
				<control type="image">
					<description>cover image</description>
					<left>-250</left>
					<top>-2</top>
					<width>263</width>
					<height>263</height>
					<texture fallback="DefaultAlbumCover.png">$INFO[Player.Art(thumb)]</texture>
					<aspectratio aligny="bottom">keep</aspectratio>
					<bordertexture border="8">ThumbShadow.png</bordertexture>
					<bordersize>8</bordersize>
				</control>
				<!--background-->
				<control type="image">
					<width>1140</width>
					<height>190</height>
					<texture colordiffuse="tertiary">backgrounds/np info bg.png</texture>
				</control>
				<!--title bg-->
				<control type="image">
					<left>10</left>
					<top>6</top>
					<width>1120</width>
					<height>70</height>
					<texture colordiffuse="$VAR[Colour.500]">backgrounds/white.png</texture>
				</control>
				<!--title shadow-->
				<control type="image">
					<left>10</left>
					<top>76</top>
					<width>1120</width>
					<height>10</height>
					<texture>homeshadow.png</texture>
					<animation effect="fade" start="100" end="75" time="0" condition="true">Conditional</animation>
				</control>
				<control type="group">
					<left>10</left>
					<top>1</top>
					<control type="label" id="1">
						<description>header label</description>
						<left>15</left>
						<top>8</top>
						<width>1090</width>
						<height>60</height>
						<font>menu.title</font>
						<align>left</align>
						<aligny>center</aligny>
						<label>$INFO[Player.Title]$INFO[MusicPlayer.Artist, - ]</label>
						<textcolor>white</textcolor>
					</control>
					<control type="grouplist">
						<left>15</left>
						<top>75</top>
						<width>1365</width>
						<height>52</height>
						<itemgap>8</itemgap>
						<orientation>horizontal</orientation>
						<control type="label">
							<width>800</width>
							<height>45</height>
							<font>font12</font>
							<align>left</align>
							<aligny>center</aligny>
							<label>$INFO[MusicPlayer.Album]</label>
							<scroll>true</scroll>
						</control>
						<control type="group">
							<width>120</width>
							<height>52</height>
							<control type="image">
								<description>Audio Codec Image</description>
								<top>11</top>
								<width>120</width>
								<height>30</height>
								<aspectratio align="right">keep</aspectratio>
								<texture colordiffuse="$VAR[Colour.500]">$INFO[MusicPlayer.Codec,flags/audio/,.png]</texture>
							</control>
						</control>
						<control type="image">
							<description>Rating</description>
							<width>150</width>
							<height>52</height>
							<aspectratio align="center">keep</aspectratio>
							<texture fallback="ratings/0.png" colordiffuse="$VAR[Colour.500]">$INFO[MusicPlayer.UserRating,ratings/,.png]</texture>
						</control>
					</control>
					<control type="label">
						<left>165</left>
						<top>130</top>
						<width>790</width>
						<height>60</height>
						<label>$LOCALIZE[19031]: $INFO[MusicPlayer.offset(1).Artist,, - ]$INFO[MusicPlayer.offset(1).Title]</label>
						<align>center</align>
						<aligny>center</aligny>
						<font>secondary.info.small</font>
						<scroll>true</scroll>
					</control>
				</control>
				<!--progress-->
				<control type="group">
					<top>155r</top>
					<!--progress-->
					<control type="progress">
						<left>25</left>
						<top>0</top>
						<width>1090</width>
						<height>7</height>
						<info>Player.Progress</info>
					</control>
					<!--current time-->
					<control type="label">
						<left>25</left>
						<top>-8</top>
						<width>150</width>
						<height>60</height>
						<font>breadcrumb.secondary</font>
						<align>left</align>
						<aligny>center</aligny>
						<label>$INFO[Player.Time(hh:mm:ss)]</label>
					</control>
					<!--end time-->
					<control type="label">
						<left>965</left>
						<top>-8</top>
						<width>150</width>
						<height>60</height>
						<font>breadcrumb.secondary</font>
						<align>right</align>
						<aligny>center</aligny>
						<label>$INFO[Player.Duration(hh:mm:ss)]</label>
					</control>
				</control>
			</control>
		</control>
	</controls>
</window>