<?xml version="1.0" encoding="UTF-8"?>
<window>
	<defaultcontrol always="true">570</defaultcontrol>
	<menucontrol>9000</menucontrol>
	<views>570,571</views>
	<controls>
		<!--all content-->
		<control type="group">
			<!--backgrounds (e.g. fanart-->
			<control type="group">
				<include>CommonBackground</include>
			</control>
			<!--views-->
			<control type="group">
				<include>Window_OpenClose_Animation</include>
				<include>EventListView</include>
				<!-- view id = 570 -->
				<include>EventBigListView</include>
				<!-- view id = 571 -->
			</control>
			<!--general window furniture-->
			<control type="group">
				<include>Clock</include>
				<include>CommonPageCount</include>
				<include>CommonNowPlaying</include>
				<include>ScrollOffsetLabel</include>
			</control>
			<!--breadcrumbs-->
			<include content="DynamicLeftBreadcrumb">
				<param name="breadcrumb1-label" value="$LOCALIZE[14111]" />
			</include>
			<include content="DynamicLeftBreadcrumb">
				<param name="breadcrumb-top" value="110" />
				<param name="breadcrumb-height" value="34" />
				<param name="breadcrumb-font" value="breadcrumb.secondary" />
				<param name="breadcrumb1-label" value="$LOCALIZE[31062]" />
				<param name="breadcrumb2-label" value="$INFO[Container.SortMethod]" />
				<param name="breadcrumb2-visible" value="true" />
			</include>
			<!--dialog fade-->
			<include>BehindDialogFadeOut</include>
			<!--view options-->
			<control type="group">
				<left>-375</left>
				<include>SideBladeLeft</include>
				<control type="group">
					<top>100</top>
					<bottom>0</bottom>
					<!--buttons grouplist-->
					<control type="grouplist" id="9000">
						<left>10</left>
						<width>375</width>
						<height>100%</height>
						<onleft>9000</onleft>
						<onright>570</onright>
						<onup>9000</onup>
						<ondown>9000</ondown>
						<onback>570</onback>
						<itemgap>0</itemgap>
						<!--view as-->
						<control type="button" id="2">
							<textwidth>352</textwidth>
							<include>ButtonCommonValues</include>
							<label>-</label>
						</control>
						<!--ascending/descending-->
						<control type="togglebutton" id="4">
							<include>ButtonCommonValues</include>
							<label>31051</label>
							<altlabel>31050</altlabel>
							<usealttexture>Container.SortDirection(Ascending)</usealttexture>
						</control>
						<!--level button-->
						<control type="button" id="21">
							<textwidth>255</textwidth>
							<include>ButtonCommonValues</include>
							<label>-</label>
						</control>
						<!--current level only-->
						<control type="radiobutton" id="22">
							<label>-</label>
							<include>ButtonCommonValues</include>
						</control>
						<!--clear button-->
						<control type="button" id="20">
							<include>ButtonCommonValues</include>
							<label>192</label>
						</control>
						<!--settings button-->
						<control type="button" id="501">
							<include>ButtonCommonValues</include>
							<label>5</label>
							<onclick>ActivateWindow(systemsettings,logging)</onclick>
						</control>
						<!--choose colour-->
						<control type="button" id="32">
							<label>$LOCALIZE[31919]</label>
							<include>ButtonCommonValues</include>
							<onclick>SetFocus(50)</onclick>
							<onclick>ActivateWindow(1100)</onclick>
						</control>
						<!--now playing controls-->
						<include>CommonNowPlaying_Controls</include>
					</control>
				</control>
			</control>
		</control>
	</controls>
</window>