<?xml version="1.0" encoding="UTF-8"?>
<window>
	<defaultcontrol always="true">602</defaultcontrol>
	<controls>
		<!--all content-->
		<control type="group">
			<centerleft>50%</centerleft>
			<top>105r</top>
			<width>1140</width>
			<!--background-->
			<control type="image" id="1">
				<width>1140</width>
				<height>85</height>
				<texture colordiffuse="tertiary">backgrounds/osd bg.png</texture>
				<visible>![Window.IsVisible(AddonSettings) | Window.IsVisible(SelectDialog) | Window.IsVisible(VisualisationPresetList) | Window.IsVisible(PVROSDChannels) | Window.IsVisible(PVROSDGuide) | Window.IsVisible(PVRRadioRDSInfo) | Window.IsVisible(OSDAudioDSPSettings) | Window.IsVisible(Addon)]</visible>
			</control>
			<control type="slider" id="87">
				<description>Seek Slider</description>
				<left>25</left>
				<top>-50</top>
				<width>1090</width>
				<height>7</height>
				<onup>702</onup>
				<ondown>26</ondown>
				<action>seek</action>
				<animation effect="fade" time="200">VisibleChange</animation>
				<visible>![Window.IsVisible(AddonSettings) | Window.IsVisible(SelectDialog) | Window.IsVisible(VisualisationPresetList) | Window.IsVisible(PVROSDChannels) | Window.IsVisible(PVROSDGuide) | Window.IsVisible(PVRRadioRDSInfo) | Window.IsVisible(OSDAudioDSPSettings) | Window.IsVisible(Addon)]</visible>
			</control>
			<control type="grouplist" id="100">
				<left>30</left>
				<top>23</top>
				<onup>1000</onup>
				<ondown>1000</ondown>
				<onleft>704</onleft>
				<onright>705</onright>
				<orientation>horizontal</orientation>
				<itemgap>25</itemgap>
				<animation effect="fade" time="200">VisibleChange</animation>
				<visible>![Window.IsVisible(AddonSettings) | Window.IsVisible(SelectDialog) | Window.IsVisible(VisualisationPresetList) | Window.IsVisible(PVROSDChannels) | Window.IsVisible(PVROSDGuide) | Window.IsVisible(PVRRadioRDSInfo) | Window.IsVisible(OSDAudioDSPSettings) | Window.IsVisible(Addon)]</visible>
				<control type="button" id="300">
					<width>40</width>
					<height>40</height>
					<label>210</label>
					<font>-</font>
					<texturefocus colordiffuse="$VAR[Colour.500]">OSDChannelUPNF.png</texturefocus>
					<texturenofocus colordiffuse="text.primary">OSDChannelUPNF.png</texturenofocus>
					<onclick>PlayerControl(Previous)</onclick>
					<visible>MusicPlayer.Content(LiveTV)</visible>
				</control>
				<control type="button" id="301">
					<width>40</width>
					<height>40</height>
					<label>31354</label>
					<font>-</font>
					<texturefocus colordiffuse="$VAR[Colour.500]">OSDChannelDownNF.png</texturefocus>
					<texturenofocus colordiffuse="text.primary">OSDChannelDownNF.png</texturenofocus>
					<onclick>PlayerControl(Next)</onclick>
					<visible>MusicPlayer.Content(LiveTV)</visible>
				</control>
				<control type="button" id="600">
					<width>40</width>
					<height>40</height>
					<label>210</label>
					<font>-</font>
					<texturefocus colordiffuse="$VAR[Colour.500]">OSDPrevTrackNF.png</texturefocus>
					<texturenofocus colordiffuse="text.primary">OSDPrevTrackNF.png</texturenofocus>
					<onclick>PlayerControl(Previous)</onclick>
					<visible>!MusicPlayer.Content(LiveTV)</visible>
				</control>
				<control type="button" id="601">
					<width>40</width>
					<height>40</height>
					<label>31354</label>
					<font>-</font>
					<texturefocus colordiffuse="$VAR[Colour.500]">OSDRewindNF.png</texturefocus>
					<texturenofocus colordiffuse="text.primary">OSDRewindNF.png</texturenofocus>
					<onclick>PlayerControl(Rewind)</onclick>
				</control>
				<control type="togglebutton" id="602">
					<width>40</width>
					<height>40</height>
					<label>31351</label>
					<altlabel>208</altlabel>
					<font>-</font>
					<texturefocus colordiffuse="$VAR[Colour.500]">OSDPauseNF.png</texturefocus>
					<texturenofocus colordiffuse="text.primary">OSDPauseNF.png</texturenofocus>
					<usealttexture>Player.Paused | Player.Forwarding | Player.Rewinding</usealttexture>
					<alttexturefocus colordiffuse="$VAR[Colour.500]">OSDPlayNF.png</alttexturefocus>
					<alttexturenofocus colordiffuse="text.primary">OSDPlayNF.png</alttexturenofocus>
					<onclick>PlayerControl(Play)</onclick>
				</control>
				<control type="button" id="603">
					<width>40</width>
					<height>40</height>
					<label>31352</label>
					<font>-</font>
					<texturefocus colordiffuse="$VAR[Colour.500]">OSDStopNF.png</texturefocus>
					<texturenofocus colordiffuse="text.primary">OSDStopNF.png</texturenofocus>
					<onclick>PlayerControl(Stop)</onclick>
				</control>
				<control type="button" id="604">
					<width>40</width>
					<height>40</height>
					<label>31353</label>
					<font>-</font>
					<texturefocus colordiffuse="$VAR[Colour.500]">OSDForwardNF.png</texturefocus>
					<texturenofocus colordiffuse="text.primary">OSDForwardNF.png</texturenofocus>
					<onclick>PlayerControl(Forward)</onclick>
				</control>
				<control type="button" id="605">
					<width>40</width>
					<height>40</height>
					<label>209</label>
					<font>-</font>
					<texturefocus colordiffuse="$VAR[Colour.500]">OSDNextTrackNF.png</texturefocus>
					<texturenofocus colordiffuse="text.primary">OSDNextTrackNF.png</texturenofocus>
					<onclick>PlayerControl(Next)</onclick>
					<visible>!MusicPlayer.Content(LiveTV)</visible>
				</control>
				<control type="button" id="306">
					<width>40</width>
					<height>40</height>
					<label>19019</label>
					<font>-</font>
					<texturefocus colordiffuse="$VAR[Colour.500]">OSDChannelListNF.png</texturefocus>
					<texturenofocus colordiffuse="text.primary">OSDChannelListNF.png</texturenofocus>
					<onclick>ActivateWindow(PVROSDChannels)</onclick>
					<visible>MusicPlayer.Content(LiveTV)</visible>
				</control>
				<control type="button" id="307">
					<width>40</width>
					<height>40</height>
					<label>$LOCALIZE[19029]$INFO[MusicPlayer.ChannelName, - ]</label>
					<font>-</font>
					<texturefocus colordiffuse="$VAR[Colour.500]">OSDepgNF.png</texturefocus>
					<texturenofocus colordiffuse="text.primary">OSDepgNF.png</texturenofocus>
					<onclick>ActivateWindow(PVROSDGuide)</onclick>
					<visible>MusicPlayer.Content(LiveTV) + !RDS.HasRadiotextPlus</visible>
				</control>
				<control type="button" id="308">
					<width>40</width>
					<height>40</height>
					<label>209</label>
					<font>-</font>
					<texturefocus colordiffuse="$VAR[Colour.500]">OSDRadioRDSNF.png</texturefocus>
					<texturenofocus colordiffuse="text.primary">OSDRadioRDSNF.png</texturenofocus>
					<onclick>ActivateWindow(PVRRadioRDSInfo)</onclick>
					<visible>MusicPlayer.Content(LiveTV) + RDS.HasRadiotextPlus</visible>
				</control>
				<control type="group" id="698">
					<width>50</width>
					<height>50</height>
					<visible>!MusicPlayer.Content(LiveTV)</visible>
					<control type="button" id="606">
						<left>0</left>
						<top>-5</top>
						<width>50</width>
						<height>50</height>
						<label>$LOCALIZE[486]$INFO[Playlist.Repeat, : ]</label>
						<font>-</font>
						<texturefocus>-</texturefocus>
						<texturenofocus>-</texturenofocus>
						<onclick>XBMC.PlayerControl(Repeat)</onclick>
						<onleft>605</onleft>
						<onright>607</onright>
						<onup>1000</onup>
						<ondown>1000</ondown>
					</control>
					<control type="image">
						<left>0</left>
						<top>-5</top>
						<width>50</width>
						<height>50</height>
						<texture colordiffuse="text.primary">OSDRepeatNF.png</texture>
						<visible>!Playlist.IsRepeat + !Playlist.IsRepeatOne</visible>
						<visible>!Control.HasFocus(606)</visible>
					</control>
					<control type="image">
						<left>0</left>
						<top>-5</top>
						<width>50</width>
						<height>50</height>
						<texture colordiffuse="$VAR[Colour.500]">OSDRepeatNF.png</texture>
						<visible>!Playlist.IsRepeat + !Playlist.IsRepeatOne</visible>
						<visible>Control.HasFocus(606)</visible>
					</control>
					<control type="image">
						<left>0</left>
						<top>-5</top>
						<width>50</width>
						<height>50</height>
						<texture colordiffuse="text.primary">OSDRepeatOneNF.png</texture>
						<visible>Playlist.IsRepeatOne</visible>
						<visible>!Control.HasFocus(606)</visible>
					</control>
					<control type="image">
						<left>0</left>
						<top>-5</top>
						<width>50</width>
						<height>50</height>
						<texture colordiffuse="$VAR[Colour.500]">OSDRepeatOneNF.png</texture>
						<visible>Playlist.IsRepeatOne</visible>
						<visible>Control.HasFocus(606)</visible>
					</control>
					<control type="image">
						<left>0</left>
						<top>-5</top>
						<width>50</width>
						<height>50</height>
						<texture colordiffuse="text.primary">OSDRepeatAllNF.png</texture>
						<visible>Playlist.IsRepeat</visible>
						<visible>!Control.HasFocus(606)</visible>
					</control>
					<control type="image">
						<left>0</left>
						<top>-5</top>
						<width>50</width>
						<height>50</height>
						<texture colordiffuse="$VAR[Colour.500]">OSDRepeatAllNF.png</texture>
						<visible>Playlist.IsRepeat</visible>
						<visible>Control.HasFocus(606)</visible>
					</control>
				</control>
				<control type="group" id="699">
					<width>50</width>
					<height>50</height>
					<visible>!MusicPlayer.Content(LiveTV)</visible>
					<control type="togglebutton" id="607">
						<left>0</left>
						<top>-5</top>
						<width>50</width>
						<height>50</height>
						<label>$LOCALIZE[590]$INFO[Playlist.Random, : ]</label>
						<font>-</font>
						<texturefocus colordiffuse="$VAR[Colour.500]">OSDRandomOffNF.png</texturefocus>
						<texturenofocus colordiffuse="text.primary">OSDRandomOffNF.png</texturenofocus>
						<usealttexture>Playlist.IsRandom</usealttexture>
						<alttexturefocus colordiffuse="$VAR[Colour.500]">OSDRandomOnNF.png</alttexturefocus>
						<alttexturenofocus colordiffuse="text.primary">OSDRandomOnNF.png</alttexturenofocus>
						<onclick>XBMC.PlayerControl(Random)</onclick>
						<visible>!MusicPlayer.Content(LiveTV)</visible>
						<onleft>606</onleft>
						<onright>705</onright>
						<onup>1000</onup>
						<ondown>1000</ondown>
					</control>
				</control>
			</control>
			<control type="grouplist" id="101">
				<right>30</right>
				<top>23</top>
				<onup>1000</onup>
				<ondown>1000</ondown>
				<onleft>607</onleft>
				<onright>300</onright>
				<align>right</align>
				<orientation>horizontal</orientation>
				<itemgap>25</itemgap>
				<animation effect="fade" time="200">VisibleChange</animation>
				<visible>![Window.IsVisible(AddonSettings) | Window.IsVisible(SelectDialog) | Window.IsVisible(VisualisationPresetList) | Window.IsVisible(PVROSDChannels) | Window.IsVisible(PVROSDGuide) | Window.IsVisible(PVRRadioRDSInfo) | Window.IsVisible(OSDAudioDSPSettings) | Window.IsVisible(Addon)]</visible>
				<control type="button" id="705">
					<width>40</width>
					<height>40</height>
					<label>15047</label>
					<font>-</font>
					<texturefocus colordiffuse="$VAR[Colour.500]">OSDBookmarksNF.png</texturefocus>
					<texturenofocus colordiffuse="text.primary">OSDBookmarksNF.png</texturenofocus>
					<onclick>setrating</onclick>
				</control>
				<control type="button" id="700">
					<visible>system.getbool(audiooutput.dspaddonsenabled)</visible>
					<width>40</width>
					<height>40</height>
					<label>15047</label>
					<font>-</font>
					<texturefocus colordiffuse="$VAR[Colour.500]">OSDAudioNF.png</texturefocus>
					<texturenofocus colordiffuse="text.primary">OSDAudioNF.png</texturenofocus>
					<onclick>ActivateWindow(OSDAudioDSPSettings)</onclick>
				</control>
				<control type="togglebutton" id="701">
					<width>40</width>
					<height>40</height>
					<label>31128</label>
					<font>-</font>
					<texturefocus colordiffuse="$VAR[Colour.500]">OSDLyricsNF.png</texturefocus>
					<texturenofocus colordiffuse="text.primary">OSDLyricsNF.png</texturenofocus>
					<alttexturefocus colordiffuse="$VAR[Colour.500]">OSDLyricsNF.png</alttexturefocus>
					<alttexturenofocus colordiffuse="text.primary">OSDLyricsNF.png</alttexturenofocus>
					<onclick>Close</onclick>
					<onclick>XBMC.RunScript($INFO[Skin.String(LyricScript_Path)])</onclick>
					<altclick>Skin.SetAddon(LyricScript_Path,xbmc.python.lyrics)</altclick>
					<altclick>Close</altclick>
					<altclick>XBMC.RunScript($INFO[Skin.String(LyricScript_Path)])</altclick>
					<usealttexture>String.IsEmpty(Skin.String(LyricScript_Path))</usealttexture>
					<visible>!MusicPlayer.Content(LiveTV)</visible>
				</control>
				<control type="button" id="500">
					<width>40</width>
					<height>40</height>
					<label>12006</label>
					<font>-</font>
					<texturefocus colordiffuse="$VAR[Colour.500]">OSDVizNF.png</texturefocus>
					<texturenofocus colordiffuse="text.primary">OSDVizNF.png</texturenofocus>
				</control>
				<control type="button" id="702">
					<width>40</width>
					<height>40</height>
					<label>$LOCALIZE[250] $LOCALIZE[21417]</label>
					<font>-</font>
					<texturefocus colordiffuse="$VAR[Colour.500]">OSDPresetSettingsNF.png</texturefocus>
					<texturenofocus colordiffuse="text.primary">OSDPresetSettingsNF.png</texturenofocus>
					<onclick>Addon.Default.OpenSettings(xbmc.player.musicviz)</onclick>
				</control>
				<control type="button" id="703">
					<width>40</width>
					<height>40</height>
					<label>31048</label>
					<font>-</font>
					<texturefocus colordiffuse="$VAR[Colour.500]">OSDPreNF.png</texturefocus>
					<texturenofocus colordiffuse="text.primary">OSDPreNF.png</texturenofocus>
					<onclick>ActivateWindow(122)</onclick>
					<enable>Visualisation.HasPresets</enable>
					<animation effect="fade" start="100" end="50" time="100" condition="!Visualisation.HasPresets">Conditional</animation>
				</control>
				<control type="button" id="704">
					<width>40</width>
					<height>40</height>
					<label>264</label>
					<font>-</font>
					<texturefocus colordiffuse="$VAR[Colour.500]">OSDRecordOffNF.png</texturefocus>
					<texturenofocus colordiffuse="text.primary">OSDRecordOffNF.png</texturenofocus>
					<onclick>XBMC.PlayerControl(record)</onclick>
					<visible>Player.CanRecord</visible>
					<animation effect="fade" start="100" end="50" time="100" condition="!Player.CanRecord">Conditional</animation>
				</control>
			</control>
		</control>
	</controls>
</window>