<?xml version="1.0" encoding="UTF-8"?>
<window>
	<defaultcontrol always="true">50</defaultcontrol>
	<menucontrol>9000</menucontrol>
	<views>50,51,506</views>
	<controls>
		<include>CommonBackground</include>
		<control type="group">
			<include>Window_OpenClose_Animation</include>
			<include>CommonRootView</include>
			<!-- view id = 50 -->
			<include>FullWidthList</include>
			<!-- view id = 51 -->
			<include>MusicInfoListView</include>
			<!-- view id = 506 -->
		</control>
		<include>Clock</include>
		<include>CommonPageCount</include>
		<include>CommonNowPlaying</include>
		<include>BehindDialogFadeOut</include>
		<include>ScrollOffsetLabel</include>
		<!--breadcrumbs-->
		<include content="DynamicLeftBreadcrumb">
			<param name="breadcrumb1-label" value="$LOCALIZE[10517]" />
			<param name="breadcrumb1-visible" value="Window.IsActive(musicplaylist)" />
			<param name="breadcrumb3-label" value="$LOCALIZE[10522]" />
			<param name="breadcrumb3-visible" value="Window.IsActive(videoplaylist)" />
			<param name="breadcrumb4-label" value="[LOWERCASE]$INFO[Container.FolderName][/LOWERCASE]" />
			<param name="breadcrumb4-visible" value="!String.IsEmpty(Container.FolderName)" />
		</include>
		<control type="group">
			<left>-375</left>
			<include>SideBladeLeft</include>
			<control type="group">
				<top>100</top>
				<bottom>0</bottom>
				<control type="grouplist" id="9000">
					<left>10</left>
					<width>375</width>
					<height>100%</height>
					<onleft>9000</onleft>
					<onright>50</onright>
					<onup>9000</onup>
					<ondown>9000</ondown>
					<onback>50</onback>
					<itemgap>0</itemgap>
					<!--<control type="label" id="200">
						<width>375</width>
						<height>52</height>
						<font>font12</font>
						<label>31006</label>
						<textcolor>blue</textcolor>
						<align>center</align>
						<aligny>center</aligny>
					</control>-->
					<!--view as-->
					<control type="button" id="2">
						<textwidth>352</textwidth>
						<include>ButtonCommonValues</include>
						<label>-</label>
					</control>
					<!--choose colour-->
					<control type="button" id="33">
						<label>$LOCALIZE[31919]</label>
						<include>ButtonCommonValues</include>
						<onclick>SetFocus(50)</onclick>
						<onclick>ActivateWindow(1100)</onclick>
					</control>
					<!--<control type="label" id="201">
						<width>375</width>
						<height>52</height>
						<font>font12</font>
						<label>31026</label>
						<textcolor>blue</textcolor>
						<align>center</align>
						<aligny>center</aligny>
					</control>-->
					<!--shuffle-->
					<control type="radiobutton" id="20">
						<include>ButtonCommonValues</include>
						<label>191</label>
					</control>
					<!--repeat-->
					<control type="button" id="26">
						<textwidth>352</textwidth>
						<include>ButtonCommonValues</include>
						<label>-</label>
					</control>
					<!--save-->
					<control type="button" id="21">
						<label>190</label>
						<textwidth>352</textwidth>
						<include>ButtonCommonValues</include>
					</control>
					<!--clear-->
					<control type="button" id="22">
						<label>192</label>
						<textwidth>352</textwidth>
						<include>ButtonCommonValues</include>
						<onclick condition="Window.IsActive(musicplaylist)">ReplaceWindow(Music)</onclick>
						<onclick condition="Window.IsActive(videoplaylist)">ReplaceWindow(Videos)</onclick>
					</control>
					<include>CommonNowPlaying_Controls</include>
				</control>
			</control>
		</control>
	</controls>
</window>