<?xml version="1.0" encoding="UTF-8"?>
<window>
	<defaultcontrol always="true">95</defaultcontrol>
	<controls>
		<include>CommonBackground</include>
		<include>Clock</include>
		<include>CommonNowPlaying</include>
		<!--breadcrumbs-->
		<include content="DynamicLeftBreadcrumb">
			<param name="breadcrumb1-label" value="$LOCALIZE[130]" />
		</include>
		<!--main content-->
		<control type="group">
			<centerleft>50%</centerleft>
			<centertop>50%</centertop>
			<width>1390</width>
			<height>783</height>
			<animation effect="slide" start="0,1512" end="0,0" time="400" tween="quadratic" easing="out" condition="!Window.Previous(SettingsCategory.xml)">WindowOpen</animation>
			<animation effect="slide" start="0,0" end="0,1512" time="400" tween="quadratic" easing="out" condition="!Window.Next(SettingsCategory.xml)">WindowClose</animation>
			<animation effect="slide" start="-2015,0" end="0,0" time="400" tween="quadratic" easing="out" condition="Window.Previous(SettingsCategory.xml)">WindowOpen</animation>
			<animation effect="slide" start="0,0" end="-2015,0" time="400" tween="quadratic" easing="out" condition="Window.Next(SettingsCategory.xml)">WindowClose</animation>
			<!--title bars and backgrounds-->
			<include content="DynamicDialogBackground">
				<param name="dialog-width" value="1390" />
				<param name="dialog-height" value="783" />
				<param name="glow-width" value="1470" />
				<param name="glow-height" value="863" />
				<param name="sidebar-visible" value="true" />
			</include>
			<!--close window button-->
			<control type="button">
				<left>5</left>
				<width>50</width>
				<height>25</height>
				<label>-</label>
				<font>-</font>
				<onclick>PreviousMenu</onclick>
				<texturefocus>DialogCloseButton-focus.png</texturefocus>
				<texturenofocus>DialogCloseButton.png</texturenofocus>
				<onleft>9000</onleft>
				<onright>9000</onright>
				<onup>9000</onup>
				<ondown>9000</ondown>
				<visible>system.getbool(input.enablemouse)</visible>
			</control>
			<!--title-->
			<control type="label" id="40">
				<left>45</left>
				<top>25</top>
				<width>1545</width>
				<height>60</height>
				<font>info.title</font>
				<align>left</align>
				<aligny>center</aligny>
				<textcolor>white</textcolor>
				<label>-</label>
			</control>
			<control type="grouplist" id="9000">
				<left>10</left>
				<top>120</top>
				<width>390</width>
				<height>650</height>
				<itemgap>0</itemgap>
				<onup>9000</onup>
				<ondown>9000</ondown>
				<onleft>60</onleft>
				<onright>60</onright>
				<control type="button" id="95">
					<description>Button Summary Values</description>
					<include>ButtonSettingCommonValues</include>
					<label>20037</label>
				</control>
				<control type="button" id="94">
					<description>Button Storage</description>
					<include>ButtonSettingCommonValues</include>
					<label>13277</label>
				</control>
				<control type="button" id="96">
					<description>Button Network</description>
					<include>ButtonSettingCommonValues</include>
					<label>13279</label>
				</control>
				<control type="button" id="97">
					<description>Button Video</description>
					<include>ButtonSettingCommonValues</include>
					<label>13280</label>
				</control>
				<control type="button" id="98">
					<description>Button Hardware</description>
					<include>ButtonSettingCommonValues</include>
					<label>13281</label>
				</control>
				<control type="button" id="99">
					<description>Button PVR</description>
					<include>ButtonSettingCommonValues</include>
					<label>19191</label>
				</control>
				<control type="button" id="100">
					<description>Button PVR</description>
					<include>ButtonSettingCommonValues</include>
					<label>12389</label>
				</control>
			</control>
			<control type="textbox" id="30">
				<left>400</left>
				<top>125</top>
				<height>435</height>
				<width>965</width>
				<pagecontrol>60</pagecontrol>
				<autoscroll delay="5000" repeat="7500" time="5000">true</autoscroll>
			</control>
			<!--scrollbar-->
			<control type="scrollbar" id="60">
				<left>1395</left>
				<top>110</top>
				<height>450</height>
				<onleft>9000</onleft>
				<onright>9000</onright>
				<visible>Control.IsVisible(30)</visible>
			</control>
			<control type="grouplist" id="9001">
				<left>400</left>
				<top>125</top>
				<width>965</width>
				<height>640</height>
				<itemgap>5</itemgap>
				<onleft>9000</onleft>
				<onright>9000</onright>
				<onup>9001</onup>
				<ondown>9001</ondown>
				<control type="label" id="2">
					<description>Label 2</description>
					<width>965</width>
					<height>40</height>
					<font>button.bold</font>
					<label>-</label>
				</control>
				<control type="label" id="3">
					<description>Label 3</description>
					<width>965</width>
					<height>40</height>
					<font>button.bold</font>
					<label>-</label>
				</control>
				<control type="label" id="4">
					<description>Label 4</description>
					<width>965</width>
					<height>40</height>
					<font>button.bold</font>
					<label>-</label>
				</control>
				<control type="label" id="5">
					<description>Label 5</description>
					<width>965</width>
					<height>40</height>
					<font>button.bold</font>
					<label>-</label>
				</control>
				<control type="label" id="6">
					<description>Label 6</description>
					<width>965</width>
					<height>40</height>
					<font>button.bold</font>
					<label>-</label>
				</control>
				<control type="label" id="7">
					<description>Label 7</description>
					<width>965</width>
					<height>40</height>
					<font>button.bold</font>
					<label>-</label>
				</control>
				<control type="label" id="8">
					<description>Label 8</description>
					<width>965</width>
					<height>40</height>
					<font>button.bold</font>
					<label>-</label>
				</control>
				<control type="label" id="9">
					<description>Label 9</description>
					<width>965</width>
					<height>40</height>
					<font>button.bold</font>
					<label>-</label>
				</control>
				<control type="label" id="10">
					<description>Label 10</description>
					<width>965</width>
					<height>40</height>
					<font>button.bold</font>
					<label>-</label>
				</control>
				<control type="label" id="11">
					<description>Label 11</description>
					<width>965</width>
					<height>40</height>
					<font>button.bold</font>
					<label>-</label>
				</control>
				<control type="label" id="52">
					<description>Kodi Build Version</description>
					<width>965</width>
					<height>40</height>
					<label>144</label>
					<align>right</align>
					<textcolor>$VAR[Colour.500]</textcolor>
					<font>button.bold</font>
				</control>
				<control type="label">
					<description>CPU Text</description>
					<width>965</width>
					<height>35</height>
					<label>$LOCALIZE[13271] $INFO[System.CPUUsage]</label>
					<align>right</align>
					<font>button.bold</font>
				</control>
				<control type="progress">
					<description>CPU BAR</description>
					<width>965</width>
					<height>24</height>
					<info>System.CPUUsage</info>
				</control>
				<control type="label">
					<description>Memory Text</description>
					<width>965</width>
					<height>35</height>
					<label>$LOCALIZE[31309] $INFO[system.memory(used.percent)]</label>
					<align>right</align>
					<font>button.bold</font>
				</control>
				<control type="progress">
					<description>Memory BAR</description>
					<width>965</width>
					<height>24</height>
					<info>system.memory(used)</info>
				</control>
			</control>
		</control>
	</controls>
</window>