﻿<?xml version="1.0" encoding="UTF-8"?>
<addon id="script.module.t2ks" name="Sports TV" version="1.0.0" provider-name="T2K">
	<requires>
		<import addon="xbmc.python" version="2.14.0"/>
		<import addon="script.module.beautifulsoup4" version="4.3.2"/>
	</requires>
	<extension point="xbmc.python.pluginsource" library="default.py">
		<provides>all</provides>
	</extension>
	<extension point="xbmc.addon.metadata">
		<platform>all</platform>
		<summary lang="en"></summary>
		<description lang="en">Sports streams from laola1.tv</description>
		<license>GNU General Public License, v2</license>
	</extension>
</addon>
