<?xml version="1.0" encoding="UTF-8" standalone="yes"?>
<addon id="plugin.program.t2kadvancedfix"
       name="t2k Adanced Fix"
       version="1.0.0"
       provider-name="t2k">
    <requires>
        <import addon="xbmc.python" version="2.1.0"/>
    </requires>
    <extension point="xbmc.python.pluginsource"
               	library="default.py">
        <provides>executable</provides>
    </extension>
    <extension point="xbmc.addon.metadata">
        <platform>all</platform>
        <summary>Create, view, edit and delete your advancedsettings.xml ine an easy to use gui</summary>
        <description>All settings follow the xbmc.org wiki[CR][CR]With this tool you can create your advanced settings directly from XBMC[CR][CR]If your not sure what a setting does, don't enable it simples!</description>
        <platform>all</platform>
        <language>en</language>
        <license>GNU GENERAL PUBLIC LICENSE</license>
        <forum></forum>
        <website></website>
        <source></source>
        <email></email>
    </extension>
	
</addon>
