<?xml version="1.0" encoding="UTF-8"?>
<window>
	<defaultcontrol>20</defaultcontrol>
	<controls>
		<include>CommonBackground</include>
		<control type="image">
			<left>0</left>
			<top>100r</top>
			<width>1280</width>
			<height>100</height>
			<texture>floor.png</texture>
			<animation effect="slide" start="0,10" end="0,0" time="150" condition="Window.Previous(Home)">WindowOpen</animation>
			<animation effect="slide" start="0,0" end="0,10" time="150" condition="Window.Next(Home)">WindowClose</animation>
		</control>
		<control type="group">
			<centerleft>26%</centerleft>
			<centertop>54%</centertop>
			<width>890</width>
			<height>790</height>
			<animation effect="slide" start="-1350,0" end="0,0" time="400" tween="quadratic" easing="out">WindowOpen</animation>
			<animation effect="slide" start="0,0" end="-1350,0" time="400" tween="quadratic" easing="out">WindowClose</animation>
			<animation effect="slide" start="0,0" end="0,-50" time="0" condition="Player.HasMedia + String.IsEmpty(Window(Videos).Property(PlayingBackgroundMedia))">Conditional</animation>
			<!--title bars and backgrounds-->
			<include content="DynamicDialogBackground">
				<param name="dialog-width" value="890" />
				<param name="dialog-height" value="790" />
				<param name="glow-width" value="970" />
				<param name="glow-height" value="870" />
				<param name="title-height" value="90" />
				<param name="subtitle-visible" value="true" />
				<param name="subtitle-height" value="50" />
			</include>
			<!--title-->
			<control type="label">
				<left>15</left>
				<top>0</top>
				<width>860</width>
				<height>90</height>
				<font>info.title</font>
				<align>left</align>
				<aligny>center</aligny>
				<textcolor>white</textcolor>
				<label>A</label>
			</control>
			<!--secondary title-->
			<control type="label" id="101">
				<left>15</left>
				<top>90</top>
				<width>650</width>
				<height>50</height>
				<font>kai.secondary</font>
				<align>left</align>
				<aligny>center</aligny>
				<textcolor>white</textcolor>
				<scroll>true</scroll>
			</control>
			<!--page info-->
			<control type="label">
				<left>675</left>
				<top>90</top>
				<width>200</width>
				<height>50</height>
				<font>kai.secondary</font>
				<align>right</align>
				<aligny>center</aligny>
				<textcolor>white</textcolor>
				<label>$INFO[Container(20).NumItems] $LOCALIZE[31025] ($LOCALIZE[31024] $INFO[Container(20).CurrentPage]/$INFO[Container(20).NumPages])</label>
			</control>
			<control type="list" id="20">
				<left>10</left>
				<top>150</top>
				<width>870</width>
				<height>630</height>
				<onleft>30</onleft>
				<onright>21</onright>
				<onup>20</onup>
				<ondown>20</ondown>
				<pagecontrol>30</pagecontrol>
				<scrolltime>200</scrolltime>
				<itemlayout height="45" width="870">
					<control type="label">
						<left>60</left>
						<top>0</top>
						<width>590</width>
						<font>button</font>
						<aligny>center</aligny>
						<selectedcolor>selected</selectedcolor>
						<info>ListItem.Label</info>
					</control>
					<control type="label">
						<left>660</left>
						<top>0</top>
						<width>195</width>
						<font>button</font>
						<aligny>center</aligny>
						<selectedcolor>selected</selectedcolor>
						<align>right</align>
						<info>ListItem.Label2</info>
					</control>
					<control type="image">
						<left>6</left>
						<top>2</top>
						<width>41</width>
						<height>41</height>
						<texture colordiffuse="$VAR[Colour.500]">$INFO[ListItem.Icon]</texture>
						<aspectratio align="center" aligny="center">keep</aspectratio>
					</control>
				</itemlayout>
				<focusedlayout height="45" width="870">
					<!--background-->
					<control type="image">
						<left>0</left>
						<top>0</top>
						<width>870</width>
						<height>45</height>
						<texture colordiffuse="$VAR[Colour.500]">backgrounds/white.png</texture>
						<animation effect="fade" start="100" end="30" time="100" condition="!Control.HasFocus(20)">Conditional</animation>
					</control>
					<control type="label">
						<left>60</left>
						<top>0</top>
						<width>590</width>
						<font>button</font>
						<aligny>center</aligny>
						<textcolor>white</textcolor>
						<selectedcolor>selected</selectedcolor>
						<info>ListItem.Label</info>
					</control>
					<control type="label">
						<left>660</left>
						<top>0</top>
						<width>195</width>
						<font>button</font>
						<aligny>center</aligny>
						<textcolor>white</textcolor>
						<selectedcolor>selected</selectedcolor>
						<align>right</align>
						<info>ListItem.Label2</info>
					</control>
					<control type="image">
						<left>6</left>
						<top>2</top>
						<width>41</width>
						<height>41</height>
						<texture colordiffuse="white">$INFO[ListItem.Icon]</texture>
						<aspectratio align="center" aligny="center">keep</aspectratio>
					</control>
				</focusedlayout>
			</control>
			<control type="scrollbar" id="30">
				<left>-15</left>
				<top>150</top>
				<height>630</height>
				<onleft>31</onleft>
				<onright>20</onright>
				<ondown>20</ondown>
				<onup>20</onup>
				<orientation>vertical</orientation>
			</control>
		</control>
		<control type="group">
			<centerright>26%</centerright>
			<centertop>54%</centertop>
			<width>890</width>
			<height>790</height>
			<animation effect="slide" start="1350,0" end="0,0" time="400" tween="quadratic" easing="out">WindowOpen</animation>
			<animation effect="slide" start="0,0" end="1350,0" time="400" tween="quadratic" easing="out">WindowClose</animation>
			<animation effect="slide" start="0,0" end="0,-50" time="0" condition="Player.HasMedia + String.IsEmpty(Window(Videos).Property(PlayingBackgroundMedia))">Conditional</animation>
			<!--title bars and backgrounds-->
			<include content="DynamicDialogBackground">
				<param name="dialog-width" value="890" />
				<param name="dialog-height" value="790" />
				<param name="glow-width" value="970" />
				<param name="glow-height" value="870" />
				<param name="title-height" value="90" />
				<param name="subtitle-visible" value="true" />
				<param name="subtitle-height" value="50" />
			</include>
			<!--title-->
			<control type="label">
				<left>15</left>
				<top>0</top>
				<width>860</width>
				<height>90</height>
				<font>info.title</font>
				<align>left</align>
				<aligny>center</aligny>
				<textcolor>white</textcolor>
				<label>B</label>
			</control>
			<!--secondary title-->
			<control type="label" id="102">
				<left>15</left>
				<top>90</top>
				<width>650</width>
				<height>50</height>
				<font>kai.secondary</font>
				<align>left</align>
				<aligny>center</aligny>
				<textcolor>white</textcolor>
				<scroll>true</scroll>
			</control>
			<!--page info-->
			<control type="label">
				<left>675</left>
				<top>90</top>
				<width>200</width>
				<height>50</height>
				<font>kai.secondary</font>
				<align>right</align>
				<aligny>center</aligny>
				<textcolor>white</textcolor>
				<label>$INFO[Container(21).NumItems] $LOCALIZE[31025] ($LOCALIZE[31024] $INFO[Container(21).CurrentPage]/$INFO[Container(21).NumPages])</label>
			</control>
			<control type="list" id="21">
				<left>10</left>
				<top>150</top>
				<width>870</width>
				<height>630</height>
				<onleft>20</onleft>
				<onright>31</onright>
				<onup>21</onup>
				<ondown>21</ondown>
				<pagecontrol>31</pagecontrol>
				<scrolltime>200</scrolltime>
				<itemlayout height="45" width="870">
					<control type="label">
						<left>60</left>
						<top>0</top>
						<width>590</width>
						<font>button</font>
						<aligny>center</aligny>
						<selectedcolor>selected</selectedcolor>
						<info>ListItem.Label</info>
					</control>
					<control type="label">
						<left>660</left>
						<top>0</top>
						<width>195</width>
						<font>button</font>
						<aligny>center</aligny>
						<selectedcolor>selected</selectedcolor>
						<align>right</align>
						<info>ListItem.Label2</info>
					</control>
					<control type="image">
						<left>6</left>
						<top>2</top>
						<width>41</width>
						<height>41</height>
						<texture colordiffuse="$VAR[Colour.500]">$INFO[ListItem.Icon]</texture>
						<aspectratio align="center" aligny="center">keep</aspectratio>
					</control>
				</itemlayout>
				<focusedlayout height="45" width="870">
					<!--background-->
					<control type="image">
						<left>0</left>
						<top>0</top>
						<width>870</width>
						<height>45</height>
						<texture colordiffuse="$VAR[Colour.500]">backgrounds/white.png</texture>
						<animation effect="fade" start="100" end="30" time="100" condition="!Control.HasFocus(21)">Conditional</animation>
					</control>
					<control type="label">
						<left>60</left>
						<top>0</top>
						<width>590</width>
						<font>button</font>
						<aligny>center</aligny>
						<textcolor>white</textcolor>
						<selectedcolor>selected</selectedcolor>
						<info>ListItem.Label</info>
					</control>
					<control type="label">
						<left>660</left>
						<top>0</top>
						<width>195</width>
						<font>button</font>
						<aligny>center</aligny>
						<textcolor>white</textcolor>
						<selectedcolor>selected</selectedcolor>
						<align>right</align>
						<info>ListItem.Label2</info>
					</control>
					<control type="image">
						<left>6</left>
						<top>2</top>
						<width>41</width>
						<height>41</height>
						<texture colordiffuse="white">$INFO[ListItem.Icon]</texture>
						<aspectratio align="center" aligny="center">keep</aspectratio>
					</control>
				</focusedlayout>
			</control>
			<control type="scrollbar" id="31">
				<left>898</left>
				<top>150</top>
				<height>630</height>
				<onleft>21</onleft>
				<onright>30</onright>
				<ondown>21</ondown>
				<onup>21</onup>
				<orientation>vertical</orientation>
			</control>
		</control>
		<include>BehindDialogFadeOut</include>
	</controls>
</window>
