<?xml version="1.0" encoding="UTF-8"?>
<window>
	<defaultcontrol always="true">50</defaultcontrol>
	<menucontrol>9000</menucontrol>
	<controls>
		<include>CommonBackground</include>
		<include>Clock</include>
		<include>CommonNowPlaying</include>
		<!--breadcrumbs-->
		<include content="DynamicLeftBreadcrumb">
			<param name="breadcrumb1-label" value="$LOCALIZE[10503]" />
			<param name="breadcrumb2-label" value="[LOWERCASE]$INFO[Container.FolderName][/LOWERCASE]" />
			<param name="breadcrumb2-visible" value="!String.IsEmpty(Container.FolderName)" />
		</include>
		<include content="DynamicLeftBreadcrumb">
			<param name="breadcrumb-top" value="110" />
			<param name="breadcrumb-height" value="34" />
			<param name="breadcrumb-font" value="breadcrumb.secondary" />
			<param name="breadcrumb1-label" value="$LOCALIZE[31062]" />
			<param name="breadcrumb2-label" value="$INFO[Container.SortMethod]" />
			<param name="breadcrumb2-visible" value="true" />
		</include>
		<control type="group">
			<left>60</left>
			<top>205</top>
			<animation effect="slide" start="-1200,0" end="0,0" time="400" tween="quadratic" easing="out">WindowOpen</animation>
			<animation effect="slide" start="0,0" end="-1200,0" time="400" tween="quadratic" easing="out">WindowClose</animation>
			<animation effect="slide" start="0,0" end="0,-50" time="0" condition="Player.HasMedia + String.IsEmpty(Window(Videos).Property(PlayingBackgroundMedia))">Conditional</animation>
			<!--background-->
			<control type="image">
				<left>-20</left>
				<top>-20</top>
				<width>930</width>
				<height>823</height>
				<texture border="20" colordiffuse="tertiary">backgrounds/info bg.png</texture>
			</control>
			<!--title background-->
			<control type="image">
				<left>0</left>
				<top>0</top>
				<width>890</width>
				<height>90</height>
				<texture background="true" colordiffuse="$VAR[Colour.500]">backgrounds/white.png</texture>
			</control>
			<!--sub title background-->
			<control type="image">
				<left>0</left>
				<top>90</top>
				<width>890</width>
				<height>50</height>
				<texture background="true" colordiffuse="$VAR[Colour.900]">backgrounds/white.png</texture>
			</control>
			<!--title shadow-->
			<control type="image">
				<left>0</left>
				<top>90</top>
				<width>890</width>
				<height>20</height>
				<texture>homeshadow.png</texture>
				<animation effect="fade" start="100" end="75" time="0" condition="true">Conditional</animation>
			</control>
			<!--sub title shadow-->
			<control type="image">
				<left>0</left>
				<top>140</top>
				<width>890</width>
				<height>10</height>
				<texture>homeshadow.png</texture>
				<animation effect="fade" start="100" end="75" time="0" condition="true">Conditional</animation>
			</control>
			<!--title-->
			<control type="label">
				<left>15</left>
				<top>0</top>
				<width>860</width>
				<height>90</height>
				<font>info.title</font>
				<align>left</align>
				<aligny>center</aligny>
				<textcolor>white</textcolor>
				<label>31058</label>
			</control>
			<!--page info-->
			<control type="label">
				<left>675</left>
				<top>90</top>
				<width>200</width>
				<height>50</height>
				<font>kai.secondary</font>
				<align>right</align>
				<aligny>center</aligny>
				<textcolor>white</textcolor>
				<label>$INFO[Container(50).NumItems] $LOCALIZE[31025] ($LOCALIZE[31024] $INFO[Container(50).CurrentPage]/$INFO[Container(50).NumPages])</label>
			</control>
			<control type="list" id="50">
				<left>10</left>
				<top>147</top>
				<width>870</width>
				<height>630</height>
				<onleft>30</onleft>
				<onright>100</onright>
				<onup>50</onup>
				<ondown>50</ondown>
				<pagecontrol>30</pagecontrol>
				<scrolltime>200</scrolltime>
				<itemlayout height="45" width="870">
					<control type="label">
						<left>60</left>
						<top>0</top>
						<width>590</width>
						<font>button</font>
						<aligny>center</aligny>
						<selectedcolor>selected</selectedcolor>
						<info>ListItem.Label</info>
					</control>
					<control type="label">
						<left>660</left>
						<top>0</top>
						<width>195</width>
						<font>button</font>
						<aligny>center</aligny>
						<selectedcolor>selected</selectedcolor>
						<align>right</align>
						<info>ListItem.Label2</info>
					</control>
					<control type="image">
						<left>6</left>
						<top>2</top>
						<width>41</width>
						<height>41</height>
						<texture colordiffuse="$VAR[Colour.500]">$INFO[ListItem.Icon]</texture>
						<aspectratio align="center" aligny="center">keep</aspectratio>
					</control>
				</itemlayout>
				<focusedlayout height="45" width="870">
					<!--background-->
					<control type="image">
						<left>0</left>
						<top>0</top>
						<width>870</width>
						<height>45</height>
						<texture colordiffuse="$VAR[Colour.500]">backgrounds/white.png</texture>
						<animation effect="fade" start="100" end="30" time="100" condition="!Control.HasFocus(50)">Conditional</animation>
					</control>
					<control type="label">
						<left>60</left>
						<top>0</top>
						<width>590</width>
						<font>button</font>
						<aligny>center</aligny>
						<textcolor>white</textcolor>
						<selectedcolor>selected</selectedcolor>
						<info>ListItem.Label</info>
					</control>
					<control type="label">
						<left>660</left>
						<top>0</top>
						<width>195</width>
						<font>button</font>
						<aligny>center</aligny>
						<textcolor>white</textcolor>
						<selectedcolor>selected</selectedcolor>
						<align>right</align>
						<info>ListItem.Label2</info>
					</control>
					<control type="image">
						<left>6</left>
						<top>2</top>
						<width>41</width>
						<height>41</height>
						<texture colordiffuse="white">$INFO[ListItem.Icon]</texture>
						<aspectratio align="center" aligny="center">keep</aspectratio>
					</control>
				</focusedlayout>
			</control>
			<control type="scrollbar" id="30">
				<left>-15</left>
				<top>145</top>
				<height>638</height>
				<onleft>9000</onleft>
				<onright>50</onright>
				<orientation>vertical</orientation>
			</control>
		</control>
		<control type="group">
			<left>970</left>
			<top>205</top>
			<animation effect="slide" start="1200,0" end="0,0" time="400" tween="quadratic" easing="out">WindowOpen</animation>
			<animation effect="slide" start="0,0" end="1200,0" time="400" tween="quadratic" easing="out">WindowClose</animation>
			<animation effect="slide" start="0,0" end="0,-50" time="0" condition="Player.HasMedia + String.IsEmpty(Window(Videos).Property(PlayingBackgroundMedia))">Conditional</animation>
			<!--background-->
			<control type="image">
				<left>-20</left>
				<top>-20</top>
				<width>930</width>
				<height>823</height>
				<texture border="20" colordiffuse="tertiary">backgrounds/info bg.png</texture>
			</control>
			<!--title background-->
			<control type="image">
				<left>0</left>
				<top>0</top>
				<width>890</width>
				<height>90</height>
				<texture background="true" colordiffuse="$VAR[Colour.500]">backgrounds/white.png</texture>
			</control>
			<!--sub title background-->
			<control type="image">
				<left>0</left>
				<top>90</top>
				<width>890</width>
				<height>50</height>
				<texture background="true" colordiffuse="$VAR[Colour.900]">backgrounds/white.png</texture>
			</control>
			<!--title shadow-->
			<control type="image">
				<left>0</left>
				<top>90</top>
				<width>890</width>
				<height>20</height>
				<texture>homeshadow.png</texture>
				<animation effect="fade" start="100" end="75" time="0" condition="true">Conditional</animation>
			</control>
			<!--sub title shadow-->
			<control type="image">
				<left>0</left>
				<top>140</top>
				<width>890</width>
				<height>10</height>
				<texture>homeshadow.png</texture>
				<animation effect="fade" start="100" end="75" time="0" condition="true">Conditional</animation>
			</control>
			<!--title-->
			<control type="label">
				<left>15</left>
				<top>0</top>
				<width>860</width>
				<height>90</height>
				<font>info.title</font>
				<align>left</align>
				<aligny>center</aligny>
				<textcolor>white</textcolor>
				<label>31059</label>
			</control>
			<!--page info-->
			<control type="label">
				<left>675</left>
				<top>90</top>
				<width>200</width>
				<height>50</height>
				<font>kai.secondary</font>
				<align>right</align>
				<aligny>center</aligny>
				<textcolor>white</textcolor>
				<label>$INFO[Container(100).NumItems] $LOCALIZE[31025] ($LOCALIZE[31024] $INFO[Container(100).CurrentPage]/$INFO[Container(100).NumPages])</label>
			</control>
			<control type="list" id="100">
				<left>10</left>
				<top>147</top>
				<width>870</width>
				<height>630</height>
				<onleft>50</onleft>
				<onright>31</onright>
				<onup>100</onup>
				<ondown>100</ondown>
				<pagecontrol>31</pagecontrol>
				<scrolltime>200</scrolltime>
				<itemlayout height="45" width="870">
					<control type="label">
						<left>60</left>
						<top>0</top>
						<width>590</width>
						<font>button</font>
						<aligny>center</aligny>
						<selectedcolor>selected</selectedcolor>
						<info>ListItem.Label</info>
					</control>
					<control type="label">
						<left>660</left>
						<top>0</top>
						<width>195</width>
						<font>button</font>
						<aligny>center</aligny>
						<selectedcolor>selected</selectedcolor>
						<align>right</align>
						<info>ListItem.Label2</info>
					</control>
					<control type="image">
						<left>6</left>
						<top>2</top>
						<width>41</width>
						<height>41</height>
						<texture colordiffuse="$VAR[Colour.500]">$INFO[ListItem.Icon]</texture>
						<aspectratio align="center" aligny="center">keep</aspectratio>
					</control>
				</itemlayout>
				<focusedlayout height="45" width="870">
					<!--background-->
					<control type="image">
						<left>0</left>
						<top>0</top>
						<width>870</width>
						<height>45</height>
						<texture colordiffuse="$VAR[Colour.500]">backgrounds/white.png</texture>
						<animation effect="fade" start="100" end="30" time="100" condition="!Control.HasFocus(100)">Conditional</animation>
					</control>
					<control type="label">
						<left>60</left>
						<top>0</top>
						<width>590</width>
						<font>button</font>
						<aligny>center</aligny>
						<textcolor>white</textcolor>
						<selectedcolor>selected</selectedcolor>
						<info>ListItem.Label</info>
					</control>
					<control type="label">
						<left>660</left>
						<top>0</top>
						<width>195</width>
						<font>button</font>
						<aligny>center</aligny>
						<textcolor>white</textcolor>
						<selectedcolor>selected</selectedcolor>
						<align>right</align>
						<info>ListItem.Label2</info>
					</control>
					<control type="image">
						<left>6</left>
						<top>2</top>
						<width>41</width>
						<height>41</height>
						<texture colordiffuse="white">$INFO[ListItem.Icon]</texture>
						<aspectratio align="center" aligny="center">keep</aspectratio>
					</control>
				</focusedlayout>
			</control>
			<control type="scrollbar" id="31">
				<left>898</left>
				<top>145</top>
				<height>638</height>
				<onleft>100</onleft>
				<onright>30</onright>
				<orientation>vertical</orientation>
			</control>
		</control>
		<!--dialog fade-->
		<include>BehindDialogFadeOut</include>
		<!--view options-->
		<control type="group">
			<left>-375</left>
			<include>SideBladeLeft</include>
			<control type="group">
				<top>100</top>
				<bottom>0</bottom>
				<!--buttons grouplist-->
				<control type="grouplist" id="9000">
					<left>10</left>
					<width>375</width>
					<height>100%</height>
					<onleft>9000</onleft>
					<onright>30</onright>
					<onup>9000</onup>
					<ondown>9000</ondown>
					<onback>30</onback>
					<itemgap>0</itemgap>
					<!--sort by-->
					<control type="button" id="3">
						<include>ButtonCommonValues</include>
						<label>103</label>
					</control>
					<!--ascending/descending-->
					<control type="togglebutton" id="4">
						<include>ButtonCommonValues</include>
						<label>31051</label>
						<altlabel>31050</altlabel>
						<usealttexture>Container.SortDirection(Ascending)</usealttexture>
					</control>
					<!--choose colour-->
					<control type="button" id="33">
						<label>$LOCALIZE[31919]</label>
						<include>ButtonCommonValues</include>
						<onclick>SetFocus(50)</onclick>
						<onclick>ActivateWindow(1100)</onclick>
					</control>
					<control type="button" id="6">
						<description>Open Button</description>
						<label>31055</label>
						<include>ButtonCommonValues</include>
					</control>
					<control type="button" id="7">
						<description>Save Button</description>
						<label>31056</label>
						<include>ButtonCommonValues</include>
					</control>
					<control type="button" id="8">
						<description>Clear button</description>
						<label>31057</label>
						<include>ButtonCommonValues</include>
					</control>
					<!--now playing controls-->
					<include>CommonNowPlaying_Controls</include>
				</control>
			</control>
		</control>
	</controls>
</window>