<?xml version="1.0" encoding="UTF-8"?>
<window type="dialog" id="1100">
	<defaultcontrol always="true">100</defaultcontrol>
	<controls>
		<!--all content-->
		<control type="group">
			<centerleft>50%</centerleft>
			<width>1390</width>
			<animation effect="slide" start="2015,0" end="0,0" time="400" tween="quadratic" easing="out">WindowOpen</animation>
			<animation effect="slide" start="0,0" end="-2015,0" time="400" tween="quadratic" easing="out">WindowClose</animation>
			<animation effect="slide" start="0,0" end="-125,0" time="300" condition="Window.IsActive(ShutdownMenu) + !String.IsEqual(Skin.AspectRatio,21:9)">Conditional</animation>
			<!--title bars and backgrounds-->
			<include content="DynamicDialogBackground">
				<param name="dialog-width" value="1390" />
				<param name="glow-width" value="1470" />
				<param name="buttonbar-visible" value="true" />
			</include>
			<!--close window button-->
			<control type="button">
				<left>5</left>
				<top>0</top>
				<width>50</width>
				<height>25</height>
				<label>-</label>
				<font>-</font>
				<onclick>PreviousMenu</onclick>
				<texturefocus>DialogCloseButton-focus.png</texturefocus>
				<texturenofocus>DialogCloseButton.png</texturenofocus>
				<onleft>2</onleft>
				<onright>13</onright>
				<onup>13</onup>
				<ondown>2</ondown>
				<visible>system.getbool(input.enablemouse)</visible>
			</control>
			<!--header-->
			<control type="label">
				<left>45</left>
				<top>25</top>
				<width>1300</width>
				<height>60</height>
				<font>info.title</font>
				<align>left</align>
				<aligny>center</aligny>
				<textcolor>white</textcolor>
				<label>$LOCALIZE[31920]</label>
			</control>
			<control type="group">
				<centertop>50%</centertop>
				<height>820</height>
				<!--scrollbar-->
				<control type="scrollbar" id="61">
					<left>35</left>
					<bottom>-22</bottom>
					<width>1305</width>
					<height>7</height>
					<onup>100</onup>
					<ondown>10</ondown>
					<orientation>horizontal</orientation>
					<texturesliderbackground colordiffuse="scroll.secondary">backgrounds/white.png</texturesliderbackground>
					<texturesliderbar colordiffuse="secondary">backgrounds/white.png</texturesliderbar>
				</control>
				<!--content-->
				<control type="panel" id="100">
					<!--colours-->
					<left>30</left>
					<width>1350</width>
					<height>820</height>
					<onup>100</onup>
					<ondown>61</ondown>
					<onleft>100</onleft>
					<onright>100</onright>
					<orientation>horizontal</orientation>
					<scrolltime>200</scrolltime>
					<preloaditems>4</preloaditems>
					<pagecontrol>61</pagecontrol>
					<itemlayout height="410" width="325">
						<!--theme image-->
						<control type="image">
							<left>5</left>
							<top>5</top>
							<width>315</width>
							<height>400</height>
							<texture background="true">$INFO[ListItem.Thumb]</texture>
						</control>
						<!--label-->
						<control type="label">
							<left>20</left>
							<top>100</top>
							<font>menu.title</font>
							<textcolor>white</textcolor>
							<label>$INFO[ListItem.Label]</label>
						</control>
					</itemlayout>
					<focusedlayout height="410" width="325">
						<!--theme image-->
						<control type="image">
							<left>0</left>
							<width>325</width>
							<height>410</height>
							<texture background="true">$INFO[ListItem.Thumb]</texture>
							<bordertexture colordiffuse="text.primary">backgrounds/white.png</bordertexture>
							<bordersize>5</bordersize>
						</control>
						<!--label-->
						<control type="label">
							<left>20</left>
							<top>100</top>
							<font>menu.title</font>
							<textcolor>white</textcolor>
							<label>$INFO[ListItem.Label]</label>
						</control>
					</focusedlayout>
					<content>
						<item id="1">
							<!--Red-->
							<label>31921</label>
							<onclick>Skin.SetString(Colour.Theme,Red)</onclick>
							<thumb>colours/Red.png</thumb>
						</item>
						<item id="2">
							<!--Pink-->
							<label>31922</label>
							<onclick>Skin.SetString(Colour.Theme,Pink)</onclick>
							<thumb>colours/Pink.png</thumb>
						</item>
						<item id="3">
							<!--Purple-->
							<label>31923</label>
							<onclick>Skin.SetString(Colour.Theme,Purple)</onclick>
							<thumb>colours/Purple.png</thumb>
						</item>
						<item id="4">
							<!--Deep Purple-->
							<label>31924</label>
							<onclick>Skin.SetString(Colour.Theme,Deep Purple)</onclick>
							<thumb>colours/Deep Purple.png</thumb>
						</item>
						<item id="5">
							<!--Indigo-->
							<label>31925</label>
							<onclick>Skin.SetString(Colour.Theme,Indigo)</onclick>
							<thumb>colours/Indigo.png</thumb>
						</item>
						<item id="6">
							<!--Blue-->
							<label>31926</label>
							<onclick>Skin.SetString(Colour.Theme,Blue)</onclick>
							<thumb>colours/Blue.png</thumb>
						</item>
						<item id="7">
							<!--Light Blue-->
							<label>31927</label>
							<onclick>Skin.SetString(Colour.Theme,Light Blue)</onclick>
							<thumb>colours/Light Blue.png</thumb>
						</item>
						<item id="8">
							<!--Cyan-->
							<label>31928</label>
							<onclick>Skin.SetString(Colour.Theme,Cyan)</onclick>
							<thumb>colours/Cyan.png</thumb>
						</item>
						<item id="9">
							<!--Teal-->
							<label>31929</label>
							<onclick>Skin.SetString(Colour.Theme,Teal)</onclick>
							<thumb>colours/Teal.png</thumb>
						</item>
						<item id="10">
							<!--Green-->
							<label>31930</label>
							<onclick>Skin.SetString(Colour.Theme,Green)</onclick>
							<thumb>colours/Green.png</thumb>
						</item>
						<item id="11">
							<!--Light Green-->
							<label>31931</label>
							<onclick>Skin.SetString(Colour.Theme,Light Green)</onclick>
							<thumb>colours/Light Green.png</thumb>
						</item>
						<item id="12">
							<!--Lime-->
							<label>31932</label>
							<onclick>Skin.SetString(Colour.Theme,Lime)</onclick>
							<thumb>colours/Lime.png</thumb>
						</item>
						<item id="13">
							<!--Yellow-->
							<label>31933</label>
							<onclick>Skin.SetString(Colour.Theme,Yellow)</onclick>
							<thumb>colours/Yellow.png</thumb>
						</item>
						<item id="14">
							<!--Amber-->
							<label>31934</label>
							<onclick>Skin.SetString(Colour.Theme,Amber)</onclick>
							<thumb>colours/Amber.png</thumb>
						</item>
						<item id="15">
							<!--Orange-->
							<label>31935</label>
							<onclick>Skin.SetString(Colour.Theme,Orange)</onclick>
							<thumb>colours/Orange.png</thumb>
						</item>
						<item id="16">
							<!--Deep Orange-->
							<label>31936</label>
							<onclick>Skin.SetString(Colour.Theme,Deep Orange)</onclick>
							<thumb>colours/Deep Orange.png</thumb>
						</item>
						<item id="17">
							<!--Brown-->
							<label>31937</label>
							<onclick>Skin.SetString(Colour.Theme,Brown)</onclick>
							<thumb>colours/Brown.png</thumb>
						</item>
						<item id="18">
							<!--Blue Grey-->
							<label>31938</label>
							<onclick>Skin.SetString(Colour.Theme,Blue Grey)</onclick>
							<thumb>colours/Blue Grey.png</thumb>
						</item>
						<item id="19">
							<!--Grey-->
							<label>31939</label>
							<onclick>Skin.SetString(Colour.Theme,Grey)</onclick>
							<thumb>colours/Grey.png</thumb>
						</item>
					</content>
				</control>
				<!--right side fade-->
				<control type="image">
					<right>10</right>
					<width>50</width>
					<height>830</height>
					<texture colordiffuse="tertiary" flipx="true">SideFade.png</texture>
				</control>
			</control>
			<!--buttons-->
			<control type="group">
				<!--controls-->
				<control type="grouplist" id="9000">
					<top>65r</top>
					<width>1390</width>
					<height>60</height>
					<align>justify</align>
					<orientation>horizontal</orientation>
					<onleft>9000</onleft>
					<onright>9000</onright>
					<onup>61</onup>
					<ondown>100</ondown>
					<!--ok button-->
					<include content="AnimatedCircleButtonGroup">
						<param name="button-id" value="10" />
						<param name="button-width" value="160" />
						<param name="button-texture" value="yesbutton" />
						<param name="button-label" value="186" />
						<param name="button-onclick" value="Close" />
						<param name="button-onup" value="61" />
						<param name="button-ondown" value="100" />
						<param name="button-onleft" value="9000" />
						<param name="button-onright" value="9000" />
					</include>
				</control>
			</control>
		</control>
	</controls>
</window>