<?xml version="1.0" encoding="UTF-8"?>
<window>
	<defaultcontrol always="true">450</defaultcontrol>
	<controls>
		<!--all content-->
		<control type="group">
			<centerleft>50%</centerleft>
			<width>1390</width>
			<animation effect="slide" start="2015,0" end="0,0" time="400" tween="quadratic" easing="out">WindowOpen</animation>
			<animation effect="slide" start="0,0" end="-2015,0" time="400" tween="quadratic" easing="out">WindowClose</animation>
			<animation effect="slide" start="0,0" end="-125,0" time="300" condition="Window.IsActive(ShutdownMenu) + !String.IsEqual(Skin.AspectRatio,21:9)">Conditional</animation>
			<!--title bars and backgrounds-->
			<include content="DynamicDialogBackground">
				<param name="dialog-width" value="1390" />
				<param name="glow-width" value="1470" />
				<param name="subtitle-visible" value="true" />
				<param name="subtitle-height" value="55" />
			</include>
			<!--close window button-->
			<control type="button">
				<left>5</left>
				<top>0</top>
				<width>50</width>
				<height>25</height>
				<label>-</label>
				<font>-</font>
				<onclick>PreviousMenu</onclick>
				<texturefocus>DialogCloseButton-focus.png</texturefocus>
				<texturenofocus>DialogCloseButton.png</texturenofocus>
				<onleft>9000</onleft>
				<onright>9000</onright>
				<onup>9000</onup>
				<ondown>9000</ondown>
				<visible>system.getbool(input.enablemouse)</visible>
			</control>
			<!--main content-->
			<control type="group">
				<!--header-->
				<control type="label" id="411">
					<left>45</left>
					<top>25</top>
					<width>1545</width>
					<height>60</height>
					<font>info.title</font>
					<align>left</align>
					<aligny>center</aligny>
					<textcolor>white</textcolor>
					<label>1023</label>
				</control>
				<!--path label-->
				<control type="label" id="412">
					<left>45</left>
					<top>110</top>
					<width>825</width>
					<height>52</height>
					<font>button</font>
					<align>left</align>
					<aligny>center</aligny>
					<scroll>false</scroll>
					<textcolor>white</textcolor>
				</control>
				<!--top buttons-->
				<control type="grouplist" id="9000">
					<left>985</left>
					<top>190</top>
					<width>320</width>
					<height>300</height>
					<onleft>60</onleft>
					<onright>450</onright>
					<onup>9000</onup>
					<ondown>9000</ondown>
					<!--ok button-->
					<include content="AnimatedCircleButtonGroup">
						<param name="button-id" value="413" />
						<param name="button-width" value="130" />
						<param name="button-texture" value="yesbutton" />
						<param name="button-label" value="186" />
						<param name="button-onup" value="416" />
						<param name="button-ondown" value="414" />
						<param name="button-onleft" value="60" />
						<param name="button-onright" value="450" />
					</include>
					<!--cancel button-->
					<include content="AnimatedCircleButtonGroup">
						<param name="button-id" value="414" />
						<param name="button-width" value="160" />
						<param name="button-texture" value="nobutton" />
						<param name="button-label" value="222" />
						<param name="button-onup" value="413" />
						<param name="button-ondown" value="415" />
						<param name="button-onleft" value="60" />
						<param name="button-onright" value="450" />
					</include>
					<!--new folder button-->
					<include content="AnimatedCircleButtonGroup">
						<param name="button-id" value="415" />
						<param name="button-width" value="130" />
						<param name="button-texture" value="addbutton" />
						<param name="button-label" value="119" />
						<param name="button-onup" value="414" />
						<param name="button-ondown" value="416" />
						<param name="button-onleft" value="60" />
						<param name="button-onright" value="450" />
					</include>
					<!--mirror image button-->
					<include content="AnimatedCircleButtonGroup">
						<param name="button-id" value="416" />
						<param name="button-width" value="160" />
						<param name="button-texture" value="mirrorbutton" />
						<param name="button-label" value="749" />
						<param name="button-onup" value="415" />
						<param name="button-ondown" value="413" />
						<param name="button-onleft" value="60" />
						<param name="button-onright" value="450" />
					</include>
				</control>
				<!--big thumb-->
				<control type="group">
					<!--thumb (fallback)-->
					<control type="image">
						<left>998</left>
						<top>704</top>
						<width>350</width>
						<height>350</height>
						<aspectratio>keep</aspectratio>
						<texture background="true" colordiffuse="$VAR[Colour.500]">$INFO[ListItem.Icon]</texture>
						<visible>String.Contains(ListItem.Icon,default)</visible>
					</control>
					<!--thumb (no fallback)-->
					<control type="image">
						<left>998</left>
						<top>704</top>
						<width>350</width>
						<height>350</height>
						<aspectratio>keep</aspectratio>
						<texture background="true">$INFO[ListItem.Icon]</texture>
						<visible>!String.Contains(Control.GetLabel(416),*)</visible>
						<visible>!String.Contains(ListItem.Icon,default)</visible>
					</control>
					<!--thumb (no fallback, mirrored-->
					<control type="image">
						<left>998</left>
						<top>704</top>
						<width>350</width>
						<height>350</height>
						<aspectratio>keep</aspectratio>
						<texture background="true" flipx="true">$INFO[ListItem.Icon]</texture>
						<visible>String.Contains(Control.GetLabel(416),*)</visible>
						<visible>!String.Contains(ListItem.Icon,default)</visible>
					</control>
				</control>
				<!--content list-->
				<control type="panel" id="450">
					<left>40</left>
					<top>190</top>
					<bottom>19</bottom>
					<width>905</width>
					<onleft>9000</onleft>
					<onright>60</onright>
					<onup>450</onup>
					<ondown>450</ondown>
					<pagecontrol>60</pagecontrol>
					<scrolltime>200</scrolltime>
					<preloaditems>4</preloaditems>
					<itemlayout height="67" width="905">
						<!--icon (no fallback)-->
						<control type="image">
							<left>7</left>
							<top>7</top>
							<width>46</width>
							<height>46</height>
							<texture colordiffuse="text.primary">$INFO[ListItem.Icon,default small/,]</texture>
							<aspectratio align="center" aligny="center">keep</aspectratio>
							<visible>String.Contains(ListItem.Icon,default)</visible>
						</control>
						<!--icon (no fallback)-->
						<control type="image">
							<left>5</left>
							<top>5</top>
							<width>50</width>
							<height>50</height>
							<texture>$INFO[Listitem.Icon]</texture>
							<visible>!String.Contains(ListItem.Icon,default)</visible>
						</control>
						<!--label-->
						<control type="label">
							<left>65</left>
							<top>0</top>
							<width>875</width>
							<height>60</height>
							<font>label</font>
							<align>left</align>
							<aligny>center</aligny>
							<textcolor>text.primary</textcolor>
							<selectedcolor>$VAR[Colour.500]</selectedcolor>
							<info>ListItem.Label</info>
						</control>
					</itemlayout>
					<focusedlayout height="67" width="905">
						<!--background-->
						<control type="image">
							<left>0</left>
							<top>0</top>
							<width>905</width>
							<height>60</height>
							<texture colordiffuse="$VAR[Colour.500]">backgrounds/white.png</texture>
							<animation effect="fade" start="100" end="50" time="200" condition="!Control.HasFocus(450)">Conditional</animation>
						</control>
						<!--icon (fallback)-->
						<control type="image">
							<left>7</left>
							<top>7</top>
							<width>46</width>
							<height>46</height>
							<texture colordiffuse="white">$INFO[ListItem.Icon,default small/,]</texture>
							<aspectratio align="center" aligny="center">keep</aspectratio>
							<visible>String.Contains(ListItem.Icon,default)</visible>
						</control>
						<!--icon (no fallback)-->
						<control type="image">
							<left>5</left>
							<top>5</top>
							<width>50</width>
							<height>50</height>
							<texture>$INFO[Listitem.Icon]</texture>
							<visible>!String.Contains(ListItem.Icon,default)</visible>
						</control>
						<!--label-->
						<control type="label">
							<left>65</left>
							<top>0</top>
							<width>875</width>
							<height>60</height>
							<font>label</font>
							<align>left</align>
							<aligny>center</aligny>
							<textcolor>white</textcolor>
							<selectedcolor>$VAR[Colour.Alt]</selectedcolor>
							<info>ListItem.Label</info>
						</control>
					</focusedlayout>
				</control>
				<!--content list-->
				<control type="panel" id="451">
					<left>40</left>
					<top>190</top>
					<bottom>19</bottom>
					<width>905</width>
					<onleft>9000</onleft>
					<onright>60</onright>
					<onup>451</onup>
					<ondown>451</ondown>
					<pagecontrol>60</pagecontrol>
					<scrolltime>200</scrolltime>
					<preloaditems>4</preloaditems>
					<itemlayout height="67" width="905">
						<!--icon (no fallback)-->
						<control type="image">
							<left>5</left>
							<top>5</top>
							<width>50</width>
							<height>50</height>
							<texture colordiffuse="text.primary">$INFO[ListItem.Icon,default small/,]</texture>
							<aspectratio align="center" aligny="center">keep</aspectratio>
							<visible>String.Contains(ListItem.Icon,default)</visible>
						</control>
						<!--icon (no fallback)-->
						<control type="image">
							<left>5</left>
							<top>5</top>
							<width>50</width>
							<height>50</height>
							<texture>$INFO[Listitem.Icon]</texture>
							<visible>!String.Contains(ListItem.Icon,default)</visible>
						</control>
						<!--label-->
						<control type="label">
							<left>65</left>
							<top>0</top>
							<width>875</width>
							<height>60</height>
							<font>label</font>
							<align>left</align>
							<aligny>center</aligny>
							<textcolor>text.primary</textcolor>
							<selectedcolor>$VAR[Colour.500]</selectedcolor>
							<info>ListItem.Label</info>
						</control>
					</itemlayout>
					<focusedlayout height="67" width="905">
						<!--background-->
						<control type="image">
							<left>0</left>
							<top>0</top>
							<width>905</width>
							<height>60</height>
							<texture colordiffuse="$VAR[Colour.500]">backgrounds/white.png</texture>
							<animation effect="fade" start="100" end="50" time="200" condition="!Control.HasFocus(450)">Conditional</animation>
						</control>
						<!--icon (fallback)-->
						<control type="image">
							<left>5</left>
							<top>5</top>
							<width>50</width>
							<height>50</height>
							<texture colordiffuse="white">$INFO[ListItem.Icon,default small/,]</texture>
							<aspectratio align="center" aligny="center">keep</aspectratio>
							<visible>String.Contains(ListItem.Icon,default)</visible>
						</control>
						<!--icon (no fallback)-->
						<control type="image">
							<left>5</left>
							<top>5</top>
							<width>50</width>
							<height>50</height>
							<texture>$INFO[Listitem.Icon]</texture>
							<visible>!String.Contains(ListItem.Icon,default)</visible>
						</control>
						<!--label-->
						<control type="label">
							<left>65</left>
							<top>0</top>
							<width>875</width>
							<height>60</height>
							<font>label</font>
							<align>left</align>
							<aligny>center</aligny>
							<textcolor>white</textcolor>
							<selectedcolor>$VAR[Colour.Alt]</selectedcolor>
							<info>ListItem.Label</info>
						</control>
					</focusedlayout>
				</control>
				<!--scrollbar-->
				<control type="scrollbar" id="60">
					<left>950</left>
					<top>190</top>
					<bottom>26</bottom>
					<orientation>vertical</orientation>
					<showonepage>false</showonepage>
					<texturesliderbackground colordiffuse="scroll.secondary">backgrounds/white.png</texturesliderbackground>
					<texturesliderbar colordiffuse="secondary">backgrounds/white.png</texturesliderbar>
					<onleft>450</onleft>
					<onright>9000</onright>
				</control>
				<!--item count (450)-->
				<control type="label">
					<left>540</left>
					<top>110</top>
					<width>805</width>
					<height>52</height>
					<font>button</font>
					<align>right</align>
					<aligny>center</aligny>
					<scroll>false</scroll>
					<textcolor>white</textcolor>
					<label>$INFO[Container(450).NumItems] $LOCALIZE[31025] ($LOCALIZE[31024] $INFO[Container(450).CurrentPage]/$INFO[Container(450).NumPages])</label>
					<visible>!Control.IsVisible(451)</visible>
				</control>
				<!--item count(451)-->
				<control type="label">
					<left>540</left>
					<top>110</top>
					<width>805</width>
					<height>52</height>
					<font>button</font>
					<align>right</align>
					<aligny>center</aligny>
					<scroll>false</scroll>
					<textcolor>white</textcolor>
					<label>$INFO[Container(451).NumItems] $LOCALIZE[31025] ($LOCALIZE[31024] $INFO[Container(451).CurrentPage]/$INFO[Container(451).NumPages])</label>
					<visible>Control.IsVisible(451)</visible>
				</control>
			</control>
		</control>
	</controls>
</window>