<?xml version="1.0" encoding="UTF-8"?>
<window>
	<!-- Aeon MQ 8 -->
	<defaultcontrol>5</defaultcontrol>
	<include>animation_dialogpopup</include>
	<controls>
		<control type="group">
			<left>326</left>
			<top>159</top>
			<width>1267</width>
			<height>735</height>
			<visible>![Window.IsActive(addonsettings) | Window.IsActive(subtitlesearch)]</visible>
			<control type="image">
				<left>-45</left>
				<top>0</top>
				<width>45</width>
				<height>735</height>
				<texture flipx="true">shadow.png</texture>
				<colordiffuse>C3FFFFFF</colordiffuse>
			</control>
			<control type="image">
				<left>0</left>
				<top>0</top>
				<width>1267</width>
				<height>735</height>
				<texture>$VAR[texture_base]</texture>
				<colordiffuse>$INFO[skin.string(colortexture)]</colordiffuse>
			</control>
			<control type="image">
				<left>0</left>
				<top>0</top>
				<width>1023</width>
				<height>55</height>
				<texture>grey.png</texture>
				<animation effect="fade" end="20" condition="true">conditional</animation>
			</control>
			<control type="image">
				<left>0</left>
				<top>0</top>
				<width>1267</width>
				<height>1</height>
				<texture>grey.png</texture>
			</control>
			<control type="image">
				<left>0</left>
				<top>735</top>
				<width>1267</width>
				<height>1</height>
				<texture>grey.png</texture>
			</control>
			<!-- header -->
			<control type="label" id="2">
				<left>30</left>
				<top>0</top>
				<width>720</width>
				<height>55</height>
				<align>left</align>
				<aligny>center</aligny>
				<label></label>
				<font>font_header</font>
				<textcolor>$INFO[skin.string(colorheader)]</textcolor>
			</control>
			<!-- Content List -->
			<control type="grouplist" id="5">
				<left>0</left>
				<top>55</top>
				<width>1023</width>
				<height>680</height>
				<onup>5</onup>
				<ondown>5</ondown>
				<onleft>80</onleft>
				<onright>9000</onright>
				<itemgap>0</itemgap>
				<pagecontrol>80</pagecontrol>
			</control>
			<control type="button" id="7">
				<left>0</left>
				<top>0</top>
				<height>62</height>
				<textoffsetx>30</textoffsetx>
			</control>
			<control type="radiobutton" id="8">
				<width>748</width>
				<textwidth>850</textwidth>
				<radioposx>910</radioposx>
				<textoffsetx>30</textoffsetx>
			</control>
			<control type="spincontrolex" id="9">
				<width>748</width>
				<spinposx>-4</spinposx>
				<textoffsetx>30</textoffsetx>
			</control>
			<control type="edit" id="12">
				<textoffsetx>30</textoffsetx>
			</control>
			<control type="sliderex" id="13">
				<textoffsetx>30</textoffsetx>
			</control>
			<control type="label" id="14">
				<textoffsetx>30</textoffsetx>
				<textcolor>$INFO[skin.string(colorheader)]</textcolor>
			</control>
			<control type="scrollbar" id="80">
				<include>ScrollBar_Vertical</include>
				<left>-40</left>
				<top>0</top>
				<height>735</height>
				<onleft>5</onleft>
				<onright>5</onright>
				<animation effect="fade" time="200">Visible</animation>
				<animation effect="fade" time="50">Hidden</animation>
				<visible allowhiddenfocus="true">ControlGroup(5).HasFocus | Control.HasFocus(80)</visible>
			</control>
			<!-- Options -->
			<control type="image">
				<left>980</left>
				<top>0</top>
				<width>45</width>
				<height>735</height>
				<texture flipx="true">shadow.png</texture>
				<colordiffuse>C3FFFFFF</colordiffuse>
			</control>
			<control type="image">
				<left>1267</left>
				<top>0</top>
				<width>45</width>
				<height>735</height>
				<texture>shadow.png</texture>
				<colordiffuse>C3FFFFFF</colordiffuse>
			</control>
			<control type="image">
				<left>1024</left>
				<top>0</top>
				<width>244</width>
				<height>735</height>
				<texture>$VAR[texture_base]</texture>
				<colordiffuse>$INFO[skin.string(colortext)]</colordiffuse>
			</control>
			<control type="grouplist" id="9000">
				<left>1024</left>
				<top>55</top>
				<onleft>5</onleft>
				<onright>5</onright>
				<control type="button" id="28">
					<include>SettingsDialogButton</include>
					<label></label>
				</control>
				<control type="button" id="29">
					<include>SettingsDialogButton</include>
					<label></label>
				</control>
				<control type="button" id="30">
					<include>SettingsDialogButton</include>
					<label></label>
				</control>
			</control>
		</control>
	</controls>
</window>
