<?xml version="1.0" encoding="UTF-8"?>
<window>
	<!-- Aeon MQ 8 -->
	<defaultcontrol>3</defaultcontrol>
	<controls>
		<include>settings_fanart</include>
		<!-- default group -->
		<control type="group">
			<include>animation_window</include>
			<include>settings_furniture</include>
			<!-- MENU DA ESQUERDA -->
			<include>Date</include>
			<control type="label">
				<include>SettingsLeftTitle</include>
				<label>31202</label>
			</control>
			<control type="grouplist" id="3">
				<left>0</left>
				<top>180</top>
				<width>450</width>
				<height>990</height>
				<orientation>vertical</orientation>
				<itemgap>0</itemgap>
				<onup>3</onup>
				<ondown>3</ondown>
				<onleft>28</onleft>
				<onright>5</onright>
			</control>
			<control type="button" id="10">
				<include>SettingsButton</include>
			</control>
			<!-- MENU DA DIREITA -->
			<control type="label" id="2">
				<include>SettingsRightTitle</include>
				<label></label>
			</control>
			<control type="grouplist" id="5">
				<left>454</left>
				<top>180</top>
				<width>1466</width>
				<height>741</height>
				<itemgap>0</itemgap>
				<pagecontrol>33</pagecontrol>
				<onup>28</onup>
				<ondown>28</ondown>
				<onleft>3</onleft>
				<onright>33</onright>
			</control>
			<control type="button" id="7"></control>
			<control type="radiobutton" id="8"></control>
			<control type="spincontrolex" id="9"></control>
			<control type="image" id="11">
				<height>3</height>
				<texture></texture>
			</control>
			<control type="edit" id="12">
				<textoffsetx>75</textoffsetx>
			</control>
			<control type="sliderex" id="13">
				<textoffsetx>75</textoffsetx>
			</control>
			<control type="label" id="14">
				<textoffsetx>75</textoffsetx>
				<height>60</height>
				<font>font_header</font>
				<label></label>
				<textcolor>$INFO[skin.string(colorheader)]</textcolor>
				<align>left</align>
				<aligny>center</aligny>
			</control>
			<control type="scrollbar" id="33">
				<include>ScrollBar_Vertical</include>
				<left>1860</left>
				<top>180</top>
				<height>741</height>
				<onleft>3</onleft>
				<onright>28</onright>
			</control>
			<include>RSS</include>
			<!-- botoes do rodape -->
			<control type="image">
				<left>454</left>
				<top>959</top>
				<width>1466</width>
				<height>8</height>
				<texture>grey.png</texture>
				<colordiffuse>$INFO[skin.string(colortexture)]</colordiffuse>
			</control>
			<control type="image">
				<left>454</left>
				<top>967</top>
				<width>1466</width>
				<height>60</height>
				<texture>$VAR[texture_base]</texture>
				<colordiffuse>$INFO[skin.string(colortexture)]</colordiffuse>
				<animation effect="fade" end="65" condition="true">Conditional</animation>
			</control>
			<control type="grouplist" id="9001">
				<left>454</left>
				<top>967</top>
				<itemgap>0</itemgap>
				<onup>5</onup>
				<ondown>5</ondown>
				<orientation>horizontal</orientation>
				<!-- OK -->
				<control type="button" id="28">
					<include>SettingsBottomButton</include>
					<label></label>
				</control>
				<!-- Cancel -->
				<control type="button" id="29">
					<include>SettingsBottomButton</include>
					<label></label>
				</control>
				<!-- Defaults -->
				<control type="button" id="30">
					<include>SettingsBottomButton</include>
					<label></label>
				</control>
			</control>
		</control>
	</controls>
</window>
