<?xml version="1.0" encoding="UTF-8"?>
<window>
	<!-- Aeon MQ 8 -->
	<defaultcontrol>117</defaultcontrol>
	<controls>
		<control type="group">
			<animation effect="slide" time="400" start="0,-375" end="0,0" easing="out" tween="cubic">WindowOpen</animation>
			<animation effect="slide" time="400" start="0,-375" end="0,0" easing="out" tween="cubic">Visible</animation>
			<animation effect="slide" time="400" start="0,0" end="0,-375" easing="in" tween="cubic">WindowClose</animation>
			<animation effect="slide" time="400" start="0,0" end="0,-375" easing="in" tween="cubic">Hidden</animation>
			<visible>![Window.IsVisible(osdvideosettings) | Window.IsVisible(osdaudiosettings) | Window.IsVisible(videobookmarks) | Window.IsActive(fullscreeninfo) | Skin.HasSetting(novideofurnituretemp)]</visible>
			<control type="image">
				<left>0</left>
				<top>0</top>
				<height>450</height>
				<width>1920</width>
				<texture flipy="true" diffuse="shadow_mask.png">$VAR[texture_base]</texture>
				<colordiffuse>$INFO[skin.string(colortexture)]</colordiffuse>
				<animation effect="fade" end="85" condition="true">Conditional</animation>
			</control>
			<!-- Title -->
			<control type="label">
				<left>45</left>
				<top>12</top>
				<width>1650</width>
				<height>60</height>
				<font>font_title</font>
				<label>$VAR[videoosdtitle]</label>
				<scroll>true</scroll>
				<scrollout>false</scrollout>
			</control>
			<control type="label">
				<left>45</left>
				<top>82</top>
				<width>1650</width>
				<height>38</height>
				<font>font_subtitle</font>
				<label>$VAR[videoosdtag]</label>
				<scroll>true</scroll>
				<scrollout>false</scrollout>
				<shadowcolor>grey</shadowcolor>
			</control>
		</control>
		<control type="group">
			<top>780</top>
			<animation effect="slide" time="400" start="0,300" end="0,0" easing="out" tween="cubic">WindowOpen</animation>
			<animation effect="slide" time="400" start="0,300" end="0,0" easing="out" tween="cubic">Visible</animation>
			<animation effect="slide" time="400" start="0,0" end="0,300" easing="in" tween="cubic">WindowClose</animation>
			<animation effect="slide" time="400" start="0,0" end="0,300" easing="in" tween="cubic">Hidden</animation>
			<visible>![Window.IsVisible(osdvideosettings) | Window.IsVisible(osdaudiosettings) | Window.IsVisible(videobookmarks) | Window.IsVisible(sliderdialog) | Skin.HasSetting(novideofurnituretemp)]</visible>
			<!-- Seek Widget -->
			<control type="group">
				<left>-750</left>
				<top>57</top>
				<width>748</width>
				<height>42</height>
				<animation effect="slide" end="300,0" time="200" condition="Player.Forwarding2x">Conditional</animation>
				<animation effect="slide" end="412,0" time="200" condition="Player.Forwarding4x">Conditional</animation>
				<animation effect="slide" end="525,0" time="200" condition="Player.Forwarding8x">Conditional</animation>
				<animation effect="slide" end="638,0" time="200" condition="Player.Forwarding16x">Conditional</animation>
				<animation effect="slide" end="748,0" time="200" condition="Player.Forwarding32x">Conditional</animation>
				<control type="image">
					<left>0</left>
					<top>0</top>
					<width>748</width>
					<height>42</height>
					<texture flipy="true">osd_button_reverse.png</texture>
				</control>
				<control type="label">
					<include>OSDSeekForward</include>
					<label>$VAR[seekforward]</label>
				</control>
			</control>
			<control type="group">
				<left>1920</left>
				<top>57</top>
				<width>748</width>
				<height>42</height>
				<animation effect="slide" end="-300,0" time="200" condition="Player.Rewinding2x">Conditional</animation>
				<animation effect="slide" end="-412,0" time="200" condition="Player.Rewinding4x">Conditional</animation>
				<animation effect="slide" end="-525,0" time="200" condition="Player.Rewinding8x">Conditional</animation>
				<animation effect="slide" end="-638,0" time="200" condition="Player.Rewinding16x">Conditional</animation>
				<animation effect="slide" end="-748,0" time="200" condition="Player.Rewinding32x">Conditional</animation>
				<control type="image">
					<left>0</left>
					<top>0</top>
					<width>748</width>
					<height>42</height>
					<texture flipy="true" flipx="true">osd_button_reverse.png</texture>
				</control>
				<control type="label">
					<include>OSDSeekReverse</include>
					<label>$VAR[seekreverse]</label>
				</control>
			</control>
			<!-- Barra de fundo -->
			<control type="image">
				<left>0</left>
				<top>54</top>
				<width>1920</width>
				<height>45</height>
				<texture>shadow_h.png</texture>
				<colordiffuse>C3FFFFFF</colordiffuse>
			</control>
			<control type="image">
				<left>0</left>
				<top>98</top>
				<height>202</height>
				<width>1920</width>
				<texture>$VAR[texture_base]</texture>
				<colordiffuse>$INFO[skin.string(colortexture)]</colordiffuse>
				<include>animation_homeglass2</include>
			</control>

			<!-- Controles -->
			<control type="group" id="101">
				<left>250</left>
				<top>180</top>
				<height>300</height>
				<width>1470</width>
				<include>animation_fade</include>
				<include content="osd_controls">
					<!-- ajustes de reproducao -->
					<param name="type" value="button" />
					<param name="id" value="110" />
					<param name="left" value="50" />
					<param name="onleft" value="110" />
					<param name="onright" value="111" />
					<param name="action" value="Close" />
					<param name="action2" value="ActivateWindowAndFocus(playersettings, -100,0, -79,0)" />
					<param name="action3" value="" />
					<param name="texture" value="osd_menu_settings.png" />
					<param name="usealttexture" value="" />
					<param name="alttexture" value="" />
					<param name="enable" value="" />
					<param name="fade" value="" />
					<param name="visible" value="" />
				</include>
				<include content="osd_controls">
					<!-- playlist -->
					<param name="type" value="button" />
					<param name="id" value="111" />
					<param name="left" value="140" />
					<param name="onleft" value="110" />
					<param name="onright" value="112" />
					<param name="action" value="Skin.SetString(osd,playlist)" />
					<param name="action2" value="ActivateWindow(1173)" />
					<param name="action3" value="" />
					<param name="texture" value="osd_menu_playlist.png" />
					<param name="usealttexture" value="" />
					<param name="alttexture" value="" />
					<param name="enable" value="" />
					<param name="fade" value="" />
					<param name="visible" value="" />
				</include>
				<include content="osd_controls">
					<!-- proxima legenda -->
					<param name="type" value="button" />
					<param name="id" value="112" />
					<param name="left" value="230" />
					<param name="onleft" value="111" />
					<param name="onright" value="113" />
					<param name="action" value="CycleSubtitle" />
					<param name="action2" value="" />
					<param name="action3" value="" />
					<param name="texture" value="osd_menu_sub.png" />
					<param name="usealttexture" value="" />
					<param name="alttexture" value="" />
					<param name="enable" value="VideoPlayer.HasSubtitles + VideoPlayer.SubtitlesEnabled" />
					<param name="fade" value="![VideoPlayer.HasSubtitles + VideoPlayer.SubtitlesEnabled]" />
					<param name="visible" value="" />
				</include>
				<include content="osd_controls">
					<!-- proxima faixa de audio -->
					<param name="type" value="button" />
					<param name="id" value="113" />
					<param name="left" value="320" />
					<param name="onleft" value="112" />
					<param name="onright" value="114" />
					<param name="action" value="AudioNextLanguage" />
					<param name="action2" value="" />
					<param name="action3" value="" />
					<param name="texture" value="osd_menu_audio.png" />
					<param name="usealttexture" value="" />
					<param name="alttexture" value="" />
					<param name="enable" value="" />
					<param name="fade" value="" />
					<param name="visible" value="" />
				</include>				
				<include content="osd_controls">
					<!-- ajustes osd -->
					<param name="type" value="button" />
					<param name="id" value="114" />
					<param name="left" value="410" />
					<param name="onleft" value="113" />
					<param name="onright" value="115" />
					<param name="action" value="Close" />
					<param name="action2" value="Skin.SetString(osd,settings)" />
					<param name="action3" value="ActivateWindow(1173)" />
					<param name="texture" value="osd_menu_osd.png" />
					<param name="usealttexture" value="" />
					<param name="alttexture" value="" />
					<param name="enable" value="" />
					<param name="fade" value="" />
					<param name="visible" value="" />
				</include>
				<include content="osd_controls">
					<!-- retroceder -->
					<param name="type" value="button" />
					<param name="id" value="115" />
					<param name="left" value="500" />
					<param name="onleft" value="114" />
					<param name="onright" value="116" />
					<param name="action" value="PlayerControl(Rewind)" />
					<param name="action2" value="" />
					<param name="action3" value="" />
					<param name="texture" value="osd_menu_rew.png" />
					<param name="usealttexture" value="" />
					<param name="alttexture" value="" />
					<param name="enable" value="" />
					<param name="fade" value="" />
					<param name="visible" value="" />
				</include>
				<include content="osd_controls">
					<!-- avancar -->
					<param name="type" value="button" />
					<param name="id" value="116" />
					<param name="left" value="590" />
					<param name="onleft" value="115" />
					<param name="onright" value="117" />
					<param name="action" value="PlayerControl(Forward)" />
					<param name="action2" value="" />
					<param name="action3" value="" />
					<param name="texture" value="osd_menu_ff.png" />
					<param name="usealttexture" value="" />
					<param name="alttexture" value="" />
					<param name="enable" value="" />
					<param name="fade" value="" />
					<param name="visible" value="" />
				</include>
				<include content="osd_controls">
					<!-- tocar/pausar -->
					<param name="type" value="togglebutton" />
					<param name="id" value="117" />
					<param name="left" value="680" />
					<param name="onleft" value="116" />
					<param name="onright" value="118" />
					<param name="action" value="PlayerControl(Play)" />
					<param name="action2" value="" />
					<param name="action3" value="" />
					<param name="texture" value="osd_menu_pause.png" />
					<param name="usealttexture" value="Player.Paused | Player.Forwarding | Player.Rewinding" />
					<param name="alttexture" value="osd_menu_play.png" />
					<param name="enable" value="" />
					<param name="fade" value="" />
					<param name="visible" value="" />
				</include>
				<include content="osd_controls">
					<!-- parar -->
					<param name="type" value="button" />
					<param name="id" value="118" />
					<param name="left" value="770" />
					<param name="onleft" value="117" />
					<param name="onright" value="119" />
					<param name="action" value="PlayerControl(Stop)" />
					<param name="action2" value="" />
					<param name="action3" value="" />
					<param name="texture" value="osd_menu_stop.png" />
					<param name="usealttexture" value="" />
					<param name="alttexture" value="" />
					<param name="enable" value="" />
					<param name="fade" value="" />
					<param name="visible" value="" />
				</include>
				<include content="osd_controls">
					<!-- gravar -->
					<param name="type" value="button" />
					<param name="id" value="119" />
					<param name="left" value="860" />
					<param name="onleft" value="118" />
					<param name="onright" value="120" />
					<param name="action" value="PVR.ToggleRecordPlayingChannel" />
					<param name="action2" value="" />
					<param name="action3" value="" />
					<param name="texture" value="osd_menu_rec.png" />
					<param name="usealttexture" value="" />
					<param name="alttexture" value="" />
					<param name="enable" value="PVR.CanRecordPlayingChannel" />
					<param name="fade" value="!PVR.CanRecordPlayingChannel" />
					<param name="visible" value="" />					
				</include>
				<include content="osd_controls">
					<!-- anterior -->
					<param name="type" value="button" />
					<param name="id" value="120" />
					<param name="left" value="950" />
					<param name="onleft" value="119" />
					<param name="onright" value="121" />
					<param name="action" value="PlayerControl(Previous)" />
					<param name="action2" value="" />
					<param name="action3" value="" />
					<param name="texture" value="osd_menu_skipbwd.png" />
					<param name="usealttexture" value="" />
					<param name="alttexture" value="" />
					<param name="enable" value="" />
					<param name="fade" value="" />
					<param name="visible" value="!VideoPlayer.Content(LiveTV)" />
				</include>
				<include content="osd_controls">
					<!-- canal - -->
					<param name="type" value="button" />
					<param name="id" value="120" />
					<param name="left" value="950" />
					<param name="onleft" value="119" />
					<param name="onright" value="121" />
					<param name="action" value="PlayerControl(Previous)" />
					<param name="action2" value="" />
					<param name="action3" value="" />
					<param name="texture" value="osd_menu_channeldown.png" />
					<param name="usealttexture" value="" />
					<param name="alttexture" value="" />
					<param name="enable" value="" />
					<param name="fade" value="" />
					<param name="visible" value="VideoPlayer.Content(LiveTV)" />
				</include>
				<include content="osd_controls">
					<!-- proximo -->
					<param name="type" value="button" />
					<param name="id" value="121" />
					<param name="left" value="1040" />
					<param name="onleft" value="120" />
					<param name="onright" value="122" />
					<param name="action" value="PlayerControl(Next)" />
					<param name="action2" value="" />
					<param name="action3" value="" />
					<param name="texture" value="osd_menu_skipfwd.png" />
					<param name="usealttexture" value="" />
					<param name="alttexture" value="" />
					<param name="enable" value="" />
					<param name="fade" value="" />
					<param name="visible" value="!VideoPlayer.Content(LiveTV)" />
				</include>
				<include content="osd_controls">
					<!-- canal + -->
					<param name="type" value="button" />
					<param name="id" value="121" />
					<param name="left" value="1040" />
					<param name="onleft" value="120" />
					<param name="onright" value="122" />
					<param name="action" value="PlayerControl(Next)" />
					<param name="action2" value="" />
					<param name="action3" value="" />
					<param name="texture" value="osd_menu_channelup.png" />
					<param name="usealttexture" value="" />
					<param name="alttexture" value="" />
					<param name="enable" value="" />
					<param name="fade" value="" />
					<param name="visible" value="VideoPlayer.Content(LiveTV)" />
				</include>				
				<include content="osd_controls">
					<!-- volume - -->
					<param name="type" value="button" />
					<param name="id" value="122" />
					<param name="left" value="1130" />
					<param name="onleft" value="121" />
					<param name="onright" value="123" />
					<param name="action" value="VolumeDown" />
					<param name="action2" value="" />
					<param name="action3" value="" />
					<param name="texture" value="osd_menu_voldown.png" />
					<param name="usealttexture" value="" />
					<param name="alttexture" value="" />
					<param name="enable" value="" />
					<param name="fade" value="" />
					<param name="visible" value="" />
				</include>
				<include content="osd_controls">
					<!-- volume + -->
					<param name="type" value="button" />
					<param name="id" value="123" />
					<param name="left" value="1220" />
					<param name="onleft" value="122" />
					<param name="onright" value="124" />
					<param name="action" value="VolumeUp" />
					<param name="action2" value="" />
					<param name="action3" value="" />
					<param name="texture" value="osd_menu_volup.png" />
					<param name="usealttexture" value="" />
					<param name="alttexture" value="" />
					<param name="enable" value="" />
					<param name="fade" value="" />
					<param name="visible" value="" />
				</include>
				<include content="osd_controls">
					<!-- mudo -->
					<param name="type" value="button" />
					<param name="id" value="124" />
					<param name="left" value="1310" />
					<param name="onleft" value="123" />
					<param name="onright" value="125" />
					<param name="action" value="Mute" />
					<param name="action2" value="" />
					<param name="action3" value="" />
					<param name="texture" value="osd_menu_mute.png" />
					<param name="usealttexture" value="" />
					<param name="alttexture" value="" />
					<param name="enable" value="" />
					<param name="fade" value="" />
					<param name="visible" value="" />
				</include>
			</control>
			<!-- Barra de cache -->
			<control type="progress">
				<left>45</left>
				<top>110</top>
				<width>1830</width>
				<height>38</height>
				<info>Player.ProgressCache</info>
				<midtexture>progress_mid.png</midtexture>
				<colordiffuse>$INFO[skin.string(colorheader)]</colordiffuse>
			</control>
			<!-- Barra de progresso -->
			<control type="progress">
				<left>45</left>
				<top>110</top>
				<width>1830</width>
				<height>38</height>
				<info>Player.Progress</info>
			</control>
			<control type="slider" id="888">
				<left>58</left>
				<top>112</top>
				<width>1803</width>
				<height>32</height>
				<onup>Dialog.Close(2901)</onup>
				<onup>101</onup>
				<ondown>101</ondown>
				<action>seek</action>
				<texturesliderbar>sliderback_large.png</texturesliderbar>
				<textureslidernib></textureslidernib>
				<textureslidernibfocus>progress_mid.png</textureslidernibfocus>
				<animation effect="fade" time="200">VisibleChange</animation>
			</control>
			<control type="label">
				<left>135</left>
				<top>108</top>
				<width>1650</width>
				<height>45</height>
				<align>center</align>
				<label>[B]$VAR[osd_timeduration][/B]</label>
				<font>font_header</font>
				<textcolor>FFF8F8F8</textcolor>
				<shadowcolor>grey</shadowcolor>				
			</control>			
			<control type="group">
				<include>animation_fade</include>
				<!-- Hora atual -->
				<control type="label">
					<left>45</left>
					<top>195</top>
					<width>450</width>
					<height>38</height>
					<label>31310</label>
					<font>font_plot</font>
					<textcolor>$INFO[skin.string(colorheader)]</textcolor>					
				</control>
				<control type="label">
					<left>45</left>
					<top>232</top>
					<width>450</width>
					<height>38</height>
					<label>$INFO[System.Time]</label>
					<font>font_titlesettings</font>					
				</control>
				<!-- Hora do termino -->
				<control type="label">
					<left>1425</left>
					<top>195</top>
					<width>450</width>
					<height>38</height>
					<align>right</align>
					<label>31311</label>
					<font>font_plot</font>
					<textcolor>$INFO[skin.string(colorheader)]</textcolor>					
					<visible>!VideoPlayer.Content(LiveTV)</visible>
				</control>
				<control type="label">
					<left>1425</left>
					<top>232</top>
					<width>450</width>
					<height>38</height>
					<align>right</align>
					<label>$INFO[Player.FinishTime]</label>
					<font>font_titlesettings</font>					
					<visible>!VideoPlayer.Content(LiveTV)</visible>
				</control>
			</control>
			<control type="image">
				<left>0</left>
				<top>172</top>
				<height>135</height>
				<width>1920</width>
				<texture>gradient_small.png</texture>
			</control>
			<!-- nome dos botoes -->
			<control type="label">
				<left>480</left>
				<top>258</top>
				<width>960</width>
				<height>38</height>
				<align>center</align>
				<label>$VAR[osdvideo_title]</label>
				<font>font_header</font>
				<textcolor>FFF8F8F8</textcolor>				
			</control>
			<control type="image">
				<left>0</left>
				<top>98</top>
				<height>195</height>
				<width>1920</width>
				<colordiffuse>99FFFFFF</colordiffuse>
				<texture>osd_glass.png</texture>
			</control>			
		</control>
		<include>background_black</include>
	</controls>
</window>
