<?xml version="1.0" encoding="UTF-8"?>
<includes>
	<!-- Aeon MQ 8 -->
	<!-- VISTA RIGHT LIST - ID 51 -->
	<include name="RightListLabel">
		<left>0</left>
		<height>30</height>
		<width>120</width>
		<font>font_plot</font>
		<aligny>top</aligny>
		<align>right</align>
		<textcolor>$INFO[skin.string(colorheader)]</textcolor>
		<textoffsetx>0</textoffsetx>
		<scroll>true</scroll>
	</include>
	<include name="RightListValue">
		<left>0</left>
		<height>30</height>
		<width>450</width>
		<font>font_plot</font>
		<aligny>top</aligny>
		<align>left</align>
		<textcolor>$INFO[skin.string(colortext)]</textcolor>
		<textoffsetx>0</textoffsetx>
		<scroll>true</scroll>
	</include>
	<include name="ViewRightList">
		<!-- default group -->
		<control type="group">
			<animation effect="fade" time="400">VisibleChange</animation>
			<visible>Control.IsVisible(51)</visible>
			<control type="button" id="9915">
				<include>invisible</include>
				<onup>51</onup>
				<ondown>51</ondown>
				<onleft>51</onleft>
				<onright>9920</onright>
			</control>
			<control type="group">
				<animation effect="slide" time="500" start="0,600" end="0,0" tween="cubic" easing="out">WindowOpen</animation>
				<animation effect="slide" time="500" start="0,600" end="0,0" tween="cubic" easing="out">Visible</animation>
				<animation effect="fade" time="200" start="100" end="0">Hidden</animation>
				<control type="image">
					<left>0</left>
					<top>510</top>
					<width>1920</width>
					<height>315</height>
					<texture>gradient_small.png</texture>
					<colordiffuse>E9FFFFFF</colordiffuse>
					<include>animation_fade</include>
				</control>
				<!-- clearlogo e clearart -->
				<include content="logoandclearart_items">	
					<param name="left" value="540" />
					<param name="top" value="660" />
					<param name="width" value="450" />
					<param name="height" value="165" />
				</include>
				<control type="image">
					<left>0</left>
					<top>782</top>
					<width>1928</width>
					<height>45</height>
					<texture>shadow_h.png</texture>
					<colordiffuse>C3FFFFFF</colordiffuse>
					<include>animation_fade</include>
				</control>
				<control type="image">
					<left>0</left>
					<top>825</top>
					<width>1920</width>
					<height>150</height>
					<texture flipy="true" diffuse="shadow_mask.png">$VAR[texture_base]</texture>
					<colordiffuse>$INFO[skin.string(colortexture)]</colordiffuse>
					<animation effect="fade" end="85" condition="true">Conditional</animation>
				</control>
				<control type="image">
					<left>406</left>
					<top>825</top>
					<width>45</width>
					<height>150</height>
					<texture flipx="true" diffuse="details_back.png">shadow.png</texture>
					<colordiffuse>C3FFFFFF</colordiffuse>
				</control>
				<control type="image">
					<left>450</left>
					<top>825</top>
					<width>600</width>
					<height>38</height>
					<texture flipx="true" diffuse="shadow_mask_v.png">$VAR[texture_base]</texture>
					<colordiffuse>$INFO[skin.string(colortexture)]</colordiffuse>
				</control>
				<!-- Estrelas video -->
				<control type="image">
					<left>480</left>
					<top>829</top>
					<width>300</width>
					<height>30</height>
					<texture fallback="$VAR[styleratingstars,,0.png]">$VAR[styleratingstars]$INFO[ListItem.Rating,,.png]</texture>
					<aspectratio align="left" aligny="center">keep</aspectratio>
					<colordiffuse>$VAR[colorratingstars]</colordiffuse>
				</control>
				<!-- Nota video -->
				<control type="label">
					<left>800</left>
					<top>826</top>
					<width>250</width>
					<height>38</height>
					<font>font_plot</font>
					<label>$INFO[ListItem.RatingAndVotes]</label>
					<visible>![Window.IsActive(musicplaylist) | Window.IsActive(music)]</visible>
				</control>
				<!-- Nota musica -->
				<control type="label">
					<left>800</left>
					<top>826</top>
					<width>250</width>
					<height>38</height>
					<font>font_plot</font>
					<label>$INFO[ListItem.Rating]</label>
					<visible>Window.IsActive(musicplaylist) | Window.IsActive(music)</visible>
				</control>
				<!-- Painel de info -->
				<control type="grouplist">
					<left>485</left>
					<top>870</top>
					<orientation>vertical</orientation>
					<itemgap>0</itemgap>
					<visible>!String.IsEqual(ListItem.Label,..)</visible>
					<control type="label">
						<include>RightListLabel</include>
						<label>$VAR[ground11_label]</label>
					</control>
					<control type="label">
						<include>RightListLabel</include>
						<label>$VAR[ground12_label]</label>
					</control>
					<control type="label">
						<include>RightListLabel</include>
						<label>$VAR[ground13_label]</label>
						<visible>!Container.Content(songs)</visible>
					</control>
				</control>
				<control type="grouplist">
					<left>620</left>
					<top>870</top>
					<orientation>vertical</orientation>
					<itemgap>0</itemgap>
					<visible>!String.IsEqual(ListItem.Label,..)</visible>
					<control type="label">
						<include>RightListValue</include>
						<label>$VAR[ground11_value]</label>
					</control>
					<control type="label">
						<include>RightListValue</include>
						<label>$VAR[ground12_value]</label>
					</control>
					<control type="label">
						<include>RightListValue</include>
						<label>$VAR[ground13_value]</label>
						<visible>!Container.Content(songs)</visible>
					</control>
				</control>
				<control type="image">
					<left>900</left>
					<top>-105</top>
					<width>1020</width>
					<height>930</height>
					<texture diffuse="shadow_mask_v.png">$VAR[texture_base]</texture>
					<colordiffuse>$INFO[skin.string(colortexture)]</colordiffuse>
					<animation effect="fade" end="75" condition="true">Conditional</animation>
				</control>
				<control type="image">
					<left>1080</left>
					<top>832</top>
					<width>1</width>
					<height>135</height>
					<texture>line_v.png</texture>
				</control>
				<control type="group">
				    <animation effect="slide" time="600" start="600,0" end="0,0" tween="cubic" easing="inout">Visible</animation>
					<animation effect="slide" time="400" start="0,0" end="600,0" tween="cubic" easing="inout">Hidden</animation>
					<visible>Control.HasFocus(9915)</visible>
				    <control type="textbox">
						<left>1380</left>
						<top>30</top>
						<width>510</width>
						<height>366</height>
						<font>font_plot</font>
						<label>$VAR[plot]</label>
						<autoscroll delay="30000" time="3000" repeat="30000">!Skin.HasSetting(noallowscroll)</autoscroll>
						<visible>![String.IsEmpty(Control.GetLabel(1008)) | Skin.HasSetting(noartpostervideo)]</visible>
					</control>
					<control type="textbox">
						<left>1380</left>
						<top>30</top>
						<width>510</width>
						<height>766</height>
						<font>font_plot</font>
						<label>$VAR[plot]</label>
						<autoscroll delay="30000" time="3000" repeat="30000">!Skin.HasSetting(noallowscroll)</autoscroll>
						<visible>String.IsEmpty(Control.GetLabel(1008)) | Skin.HasSetting(noartpostervideo)</visible>
					</control>
					<control type="image" id="1008">
						<left>1410</left>
						<top>-110</top>
						<width>450</width>
						<height>870</height>
						<texture>$INFO[ListItem.Art(snap)]</texture>
						<aspectratio align="right" aligny="bottom">keep</aspectratio>
						<animation effect="fade" end="85" condition="true">Conditional</animation>
						<include>animation_fade</include>
						<visible>!Skin.HasSetting(noartpostervideo)</visible>
					</control>
				</control>
				<control type="fixedlist" id="51">
					<viewtype label="31822">list</viewtype>
					<left>900</left>
					<top>30</top>
					<width>1020</width>
					<height>755</height>
					<pagecontrol>80</pagecontrol>
					<onleft>9900</onleft>
					<onright>80</onright>
					<focusposition>1</focusposition>
					<orientation>vertical</orientation>
					<scrolltime>450</scrolltime>
					<preloaditems>2</preloaditems>
					<animation effect="slide" start="0,0" end="900,0" time="600" easing="inout" tween="cubic" condition="Control.HasFocus(9915)">Conditional</animation>
					<animation effect="slide" start="0,0" end="-45,0" time="200" easing="inout" tween="cubic" condition="Control.HasFocus(80)">Conditional</animation>
					<itemlayout condition="Window.IsActive(videos) | Window.IsActive(musicplaylist) | Window.IsActive(music)" height="45">
						<control type="image">
							<left>0</left>
							<top>0</top>
							<width>1020</width>
							<height>1</height>
							<texture diffuse="shadow_mask_v.png">line.png</texture>
						</control>
						<control type="label">
							<left>158</left>
							<top>1</top>
							<width>810</width>
							<height>45</height>
							<font>font_list</font>
							<align>right</align>
							<aligny>center</aligny>							
							<label>$VAR[videotitle]</label>
							<include>listcolor</include>
							<scroll>false</scroll>
						</control>
						<control type="image">
							<left>975</left>
							<top>1</top>
							<width>45</width>
							<height>45</height>
							<texture colordiffuse="$INFO[skin.string(colorwatched)]">$VAR[watched_style]</texture>
							<visible>!Skin.HasSetting(nooverlays) + String.IsEqual(ListItem.Overlay,OverlayWatched.png)</visible>
						</control>
					</itemlayout>
					<focusedlayout condition="String.IsEmpty(Control.GetLabel(5102)) | [Window.IsActive(videos) + Skin.HasSetting(slimrightlistvideo) | [Window.IsActive(musicplaylist) | Window.IsActive(music)] + Skin.HasSetting(slimrightlistmusic)]" height="45">
						<control type="image">
							<left>0</left>
							<top>0</top>
							<width>1030</width>
							<height>45</height>
							<texture diffuse="shadow_mask_v.png">grey.png</texture>
						</control>
						<control type="label">
							<left>158</left>
							<top>0</top>
							<width>810</width>
							<height>45</height>
							<font>font_list</font>
							<align>right</align>
							<aligny>center</aligny>
							<label>$VAR[videotitle]</label>
							<include>listcolorfocus</include>							
						</control>
						<control type="image">
							<left>975</left>
							<top>15</top>
							<width>45</width>
							<height>45</height>
							<texture colordiffuse="$INFO[skin.string(colorwatched)]">$VAR[watched_style]</texture>
							<visible>!Skin.HasSetting(nooverlays) + String.IsEqual(ListItem.Overlay,OverlayWatched.png)</visible>
						</control>
					</focusedlayout>
					<focusedlayout condition="!String.IsEmpty(Control.GetLabel(5102)) + [Window.IsActive(videos) + !Skin.HasSetting(slimrightlistvideo) | Window.IsActive(programs) | [Window.IsActive(musicplaylist) | Window.IsActive(music)] + !Skin.HasSetting(slimrightlistmusic)]" height="75">
						<control type="image">
							<left>75</left>
							<top>0</top>
							<width>945</width>
							<height>75</height>
							<texture diffuse="shadow_mask_v.png">grey.png</texture>
						</control>
						<control type="label">
							<left>158</left>
							<top>0</top>
							<width>810</width>
							<height>45</height>
							<font>font_list</font>
							<align>right</align>
							<aligny>center</aligny>
							<include>listcolorfocus</include>
							<label>$VAR[videotitle]</label>
						</control>
						<control type="label">
							<left>158</left>
							<top>43</top>
							<width>810</width>
							<height>24</height>
							<font>font_plot</font>
							<align>right</align>
							<aligny>center</aligny>
							<include>subcolorfocus</include>
							<label>$VAR[listinfofocus]</label>
							<visible>!String.IsEqual(ListItem.Label,..)</visible>
						</control>
						<control type="image">
							<left>975</left>
							<top>15</top>
							<width>45</width>
							<height>45</height>
							<texture colordiffuse="$INFO[skin.string(colorwatched)]">$VAR[watched_style]</texture>
							<visible>!Skin.HasSetting(nooverlays) + String.IsEqual(ListItem.Overlay,OverlayWatched.png)</visible>
						</control>
					</focusedlayout>
				</control>
				<control type="textbox">
					<left>1110</left>
					<top>832</top>
					<width>780</width>
					<height>134</height>
					<font>font_plot</font>
					<label>$VAR[plot]</label>
					<autoscroll delay="8000" time="2000" repeat="8000">!Skin.HasSetting(noallowscroll)</autoscroll>
					<include>animation_fade</include>
					<animation effect="slide" start="0,0" end="14,0" time="200" condition="Control.HasFocus(80)">Conditional</animation>
					<visible>!Control.HasFocus(9915)</visible>
				</control>
				<!-- Controle Plot -->
				<control type="label" id="5101">
					<include>invisible</include>
					<label>$VAR[plot]</label>
				</control>
				<!-- Controle Tag -->
				<control type="label" id="5102">
					<include>invisible</include>
					<label>$VAR[listinfofocus]</label>
				</control>
				<!-- Controle clearlogo e clearart -->
				<control type="image" id="5104">
					<include>invisible</include>
					<texture background="true">$VAR[logoandclearart]</texture>
					<visible>![String.IsEqual(ListItem.Label,..) | Window.IsActive(videos) + Skin.HasSetting(noartvideo) | Window.IsActive(music) + Skin.HasSetting(noartmusic)]</visible>
				</control>
			</control>
			<!-- Default Group - Miniaturas -->
			<control type="group">
				<left>45</left>
				<top>300</top>
				<visible>Control.IsVisible(51)</visible>
				<animation effect="slide" start="-600,0" end="0,0" time="1000" tween="cubic" easing="out">WindowOpen</animation>
				<animation effect="slide" start="-600,0" end="0,0" time="1000" tween="cubic" easing="out">Visible</animation>
				<animation effect="fade" start="100" end="0" time="400">Hidden</animation>
				<!-- discart -->
				<include content="mediainfo_disc">	
					<param name="left" value="20" />
					<param name="top" value="105" />
					<param name="size" value="350" />
					<param name="slidedisc1" value="170" />
					<param name="slidedisc2" value="0" />
					<param name="slidecolumn" value="-10" />
					<param name="slidecolumncondition" value="Skin.HasSetting(norightlistvideocase)" />
					<param name="disclayout" value="$VAR[videodisc_layout]" />
					<param name="discart" value="$VAR[media_discart]" />
					<param name="hiddenfade" value="100" />
					<param name="visible" value="Window.IsActive(videos) + String.IsEqual(listitem.dbtype,movie) + System.IdleTime(1) + [String.IsEqual(skin.string(videodiscart),always) | String.IsEqual(skin.string(videodiscart),ifavailable) + ![String.IsEmpty(Window(home).Property(SkinHelper.ListItem.Art.DiscArt)) + String.IsEmpty(ListItem.Art(discart))]]" />
				</include>
				<include content="mediainfo_disc">	
					<param name="left" value="40" />
					<param name="top" value="280" />
					<param name="size" value="320" />
					<param name="slidedisc1" value="0" />
					<param name="slidedisc2" value="-150" />
					<param name="slidecolumn" value="0" />
					<param name="slidecolumncondition" value="false" />
					<param name="disclayout" value="$VAR[audiodisc_layout]" />
					<param name="discart" value="$VAR[media_discart]" />
					<param name="hiddenfade" value="100" />
					<param name="visible" value="Window.IsActive(music) + String.IsEqual(listitem.dbtype,album) + System.IdleTime(1) + [String.IsEqual(skin.string(musicdiscart),always) | String.IsEqual(skin.string(musicdiscart),ifavailable) + ![String.IsEmpty(Window(home).Property(SkinHelper.ListItem.Art.DiscArt)) + String.IsEmpty(ListItem.Art(discart))]]" />
				</include>			
				<!-- CDART SETS -->
				<control type="grouplist">
					<left>390</left>
					<top>115</top>
					<orientation>horizontal</orientation>
					<itemgap>-146</itemgap>
					<animation type="WindowOpen">
						<effect type="slide" start="-150,0" end="0,0" time="500" delay="500" tween="cubic" easing="out" />
						<effect type="fade" start="0" end="100" time="500" delay="500" />
					</animation>
					<animation type="Visible">
						<effect type="slide" start="-150,0" end="0,0" time="500" delay="500" tween="cubic" easing="out" />
						<effect type="fade" start="0" end="100" time="500" delay="500" />
					</animation>
					<animation effect="fade" start="100" end="0" time="200">WindowClose</animation>
					<animation type="Hidden">
						<effect type="slide" start="0,0" end="-150,0" time="300" tween="cubic" easing="out" />
						<effect type="fade" start="100" end="0" time="200" />
					</animation>
					<animation effect="slide" end="0,-202" time="500" tween="sine" easing="out" condition="!String.IsEmpty(Control.GetLabel(5104)) + ListItem.IsCollection">Conditional</animation>
					<visible>Window.IsActive(videos) + ListItem.IsCollection + !String.IsEqual(ListItem.Label,..) + System.IdleTime(1) + [String.IsEqual(skin.string(videodiscart),always) | String.IsEqual(skin.string(videodiscart),ifavailable) + ![String.IsEmpty(Window(home).Property(SkinHelper.ListItem.Art.DiscArt)) + String.IsEmpty(ListItem.Art(discart))]]</visible>
					<include content="discart_items">
						<param name="item" value="0" />
						<param name="size" value="195" />
					</include>
					<include content="discart_items">
						<param name="item" value="1" />
						<param name="size" value="195" />
					</include>
					<include content="discart_items">
						<param name="item" value="2" />
						<param name="size" value="195" />
					</include>
					<include content="discart_items">
						<param name="item" value="3" />
						<param name="size" value="195" />
					</include>
					<include content="discart_items">
						<param name="item" value="4" />
						<param name="size" value="195" />
					</include>
					<include content="discart_items">
						<param name="item" value="5" />
						<param name="size" value="195" />
					</include>
					<include content="discart_items">
						<param name="item" value="6" />
						<param name="size" value="195" />
					</include>
					<include content="discart_items">
						<param name="item" value="7" />
						<param name="size" value="195" />
					</include>
					<include content="discart_items">
						<param name="item" value="8" />
						<param name="size" value="195" />
					</include>
					<include content="discart_items">
						<param name="item" value="9" />
						<param name="size" value="195" />
					</include>
				</control>
				<!-- VIDEO SEM ESTOJO -->
				<control type="group">
					<include>animation_fade</include>
					<visible>![!Skin.HasSetting(norightlistvideocase) + [Container.Content(movies) | Container.Content(musicvideos) | Container.Content(sets)] | Window.IsActive(musicplaylist) | Window.IsActive(music)]</visible>
					<!-- Filmes/Fotos/Arquivos reflexo -->
					<control type="image">
						<left>-8</left>
						<top>628</top>
						<width>368</width>
						<height>525</height>
						<fadetime>commonfadetime</fadetime>
						<aspectratio align="center" aligny="top">keep</aspectratio>
						<texture flipy="true" diffuse="thumb_reflect.png" background="true">$VAR[poster]</texture>
					</control>
					<!-- Filmes/Fotos/Arquivos -->
					<control type="image">
						<left>-8</left>
						<top>98</top>
						<width>368</width>
						<height>525</height>
						<fadetime>commonfadetime</fadetime>
						<aspectratio align="center" aligny="bottom">keep</aspectratio>
						<texture fallback="DefaultVideoPoster.png" background="true">$VAR[poster]</texture>
					</control>
				</control>
				<!-- FILMES ESTOJO -->
				<control type="group">
					<include>animation_fade</include>
					<visible>!Skin.HasSetting(norightlistvideocase) + [Container.Content(movies) | Container.Content(musicvideos) | Container.Content(sets)]</visible>
					<!-- poster reflexo -->
					<control type="image">
						<left>-8</left>
						<top>654</top>
						<width>368</width>
						<height>525</height>
						<aspectratio>stretch</aspectratio>
						<texture flipy="true" diffuse="thumb_reflect.png" background="true">$VAR[poster]</texture>
						<fadetime>commonfadetime</fadetime>
					</control>
					<!-- estojo reflexo -->
					<include content="views_videocase">	
						<param name="left" value="-39" />
						<param name="top" value="595" />
						<param name="width" value="456" />
						<param name="height" value="660" />
						<param name="aligny" value="top" />
						<param name="flipy" value="true" />
						<param name="diffuse" value="thumb_box_reflect.png" />
						<param name="item" value="0" />
					</include>
					<!-- poster -->
					<control type="image">
						<left>-7</left>
						<top>98</top>
						<width>368</width>
						<height>522</height>
						<aspectratio align="center" aligny="top">stretch</aspectratio>
						<texture fallback="DefaultVideoPoster.png" background="true">$VAR[poster]</texture>
						<fadetime>commonfadetime</fadetime>
					</control>
					<!-- estojo -->
					<include content="views_videocase">	
						<param name="left" value="-39" />
						<param name="top" value="12" />
						<param name="width" value="456" />
						<param name="height" value="660" />
						<param name="aligny" value="bottom" />
						<param name="flipy" value="false" />
						<param name="diffuse" value="" />
						<param name="item" value="0" />
					</include>
					<!-- codec -->
					<control type="image">
						<left>132</left>
						<top>18</top>
						<width>105</width>
						<height>105</height>
						<fadetime>commonfadetime</fadetime>
						<aspectratio align="center" aligny="center">keep</aspectratio>
						<texture colordiffuse="$INFO[skin.string(colorcodeccase)]">$VAR[videocodec0]</texture>						
					</control>
				</control>
				<!-- MUSICA -->
				<control type="group">
					<include>animation_fade</include>
					<visible>[Window.IsActive(musicplaylist) | Window.IsActive(music)] + [Skin.HasSetting(norightlistaudiocase) | Container.Content(genres)]</visible>
					<!-- Musica reflexo -->
					<control type="image">
						<left>-8</left>
						<top>630</top>
						<width>368</width>
						<height>525</height>
						<fadetime>commonfadetime</fadetime>
						<aspectratio align="center" aligny="top">keep</aspectratio>
						<texture flipy="true" diffuse="thumb_reflect.png" background="true">$VAR[poster]</texture>
					</control>
					<!-- Musica -->
					<control type="image">
						<left>-8</left>
						<top>98</top>
						<width>368</width>
						<height>525</height>
						<fadetime>commonfadetime</fadetime>
						<aspectratio align="center" aligny="bottom">keep</aspectratio>
						<texture fallback="DefaultAudioCover.png" background="true">$VAR[poster]</texture>
					</control>
				</control>
				<!-- MUSICA ESTOJO -->
				<control type="group">
					<include>animation_fade</include>
					<visible>[Window.IsActive(musicplaylist) | Window.IsActive(music)] + ![Skin.HasSetting(norightlistaudiocase) | Container.Content(genres)]</visible>
					<!-- Musica/Estojo reflexo-->
					<control type="image">
						<left>27</left>
						<top>630</top>
						<width>345</width>
						<height>345</height>
						<fadetime>commonfadetime</fadetime>
						<aspectratio scalediffuse="false">stretch</aspectratio>
						<texture flipy="true" diffuse="thumb_box_diffuse_reflect.png" background="true">$VAR[poster]</texture>
					</control>
					<!-- Estojo reflexo -->
					<control type="image">
						<left>-30</left>
						<top>627</top>
						<width>417</width>
						<height>364</height>
						<texture flipy="true" diffuse="thumb_box_reflect.png">thumb_box_cd.png</texture>
					</control>
					<!-- Musica -->
					<control type="image">
						<left>27</left>
						<top>291</top>
						<width>345</width>
						<height>345</height>
						<fadetime>commonfadetime</fadetime>
						<aspectratio scalediffuse="false">stretch</aspectratio>
						<texture diffuse="thumb_box_diffuse.png" fallback="DefaultAudioCover.png" background="true">$VAR[poster]</texture>
					</control>
					<!-- Estojo -->
					<control type="image">
						<left>-30</left>
						<top>285</top>
						<width>417</width>
						<height>364</height>
						<texture>thumb_box_cd.png</texture>
						<colordiffuse>deffffff</colordiffuse>
					</control>
				</control>
			</control>
			<control type="scrollbar" id="80">
				<include>ScrollBar_Vertical</include>
				<left>1875</left>
				<top>30</top>
				<height>750</height>
				<onleft>51</onleft>
				<onright condition="!String.IsEmpty(Control.GetLabel(5101))">9915</onright>
				<onright condition="String.IsEmpty(Control.GetLabel(5101))">9920</onright>
				<include>animation_fade</include>
				<visible allowhiddenfocus="true">Control.IsVisible(51) + Control.HasFocus(80)</visible>
			</control>
		</control>
	</include>
</includes>
