<?xml version="1.0" encoding="UTF-8"?>
<window>
	<defaultcontrol always="true">9000</defaultcontrol>
	<onunload>RunScript(script.skinshortcuts,type=buildxml&amp;mainmenuID=9000&amp;group=x1|x2|x3|x4|x5|x6|x7|x8|x9|x10|x11|x12|x13|x101|x202|x303|x404|x505|x606)</onunload>
	<controls>
		<include content="CommonBackground">
			<param name="windowOpen" value="!Window.Previous(SettingsCategory.xml)" />
			<param name="windowClose" value="!Window.Next(SettingsCategory.xml)" />
		</include>
					<control type="image">
				<left>-10</left>
				<top>-10</top>
				<width>1950</width>
				<height>1100</height>
				<aspectratio>stretch</aspectratio>
				<texture background="true">black.png</texture>
				<animation effect="fade" end="85" condition="true">Conditional</animation>
		</control>
		<control type="group">
			<top>128</top>
			<left>SettingsLeft</left>
			<include content="WindowOpenCloseAnimation">
				<param name="windowOpen" value="!Window.Previous(SettingsCategory.xml)" />
				<param name="windowClose" value="!Window.Next(SettingsCategory.xml)" />
			</include>
			<control type="panel" id="9000">
				<left>82</left>
				<top>32</top>
				<width>356</width>
				<height>840</height>
				<onleft>9010</onleft>
				<onright>9010</onright>
				<onup>9000</onup>
				<ondown>9000</ondown>
				<pagecontrol />
				<scrolltime tween="quadratic" easing="out">200</scrolltime>
				<visible>!Window.IsActive(1121)</visible>
				<include>SettingsFadeAnimation</include>
				<itemlayout height="90" width="356">
					<control type="label">
						<width>356</width>
						<height>90</height>
						<font>font15</font>
						<textoffsetx>20</textoffsetx>
						<textcolor>grey2</textcolor>
						<selectedcolor>selected</selectedcolor>
						<align>right</align>
						<label>$INFO[ListItem.Label]</label>
					</control>
				</itemlayout>
				<focusedlayout height="90" width="356">
					<control type="image">
						<width>356</width>
						<height>90</height>
						<texture border="4">listselect_fo.png</texture>
						<visible>Control.HasFocus(9000)</visible>
						<include>VisibleFadeAnimation</include>
					</control>
					<control type="label">
						<width>356</width>
						<height>90</height>
						<font>font15</font>
						<textoffsetx>20</textoffsetx>
						<textcolor>white</textcolor>
						<selectedcolor>selected</selectedcolor>
						<align>right</align>
						<label>$INFO[ListItem.Label]</label>
						<animation effect="fade" start="100" end="70" time="300" tween="sine" easing="inout" condition="!Control.HasFocus(9000)">Conditional</animation>
					</control>
				</focusedlayout>
				<content>
					<item id="1">
						<label>513</label>
						<onclick>noop</onclick>
						<icon />
					</item>
					<item id="2">
						<label>16000</label>
						<onclick>noop</onclick>
						<icon />
					</item>
				</content>
			</control>
			<control type="image">
				<description>LOGO</description>
				<left>82</left>
				<top>752</top>
				<width>356</width>
				<height>120</height>
				<aspectratio>keep</aspectratio>
				<texture>aeon-tajo.png</texture>
			</control>
			<control type="textbox">
				<description>description area</description>
				<left>552</left>
				<top>754</top>
				<width>1256</width>
				<height>120</height>
				<font>font15_textbox</font>
				<textcolor>grey2</textcolor>
				<label>$VAR[SkinSettingsDescriptionVar]</label>
				<autoscroll time="3000" delay="4000" repeat="5000">true</autoscroll>
				<animation effect="fade" start="0" end="100" time="300" tween="sine" easing="inout">Visible</animation>
				<animation effect="fade" start="100" end="0" time="0" tween="sine" easing="inout">Hidden</animation>
				<visible>!Window.IsActive(1121)</visible>
			</control>
			<control type="group" id="9010">
				<visible>!Window.IsActive(1121)</visible>
				<include>SettingsFadeAnimation</include>
				<control type="grouplist" id="9001">
					<description>control area</description>
					<left>522</left>
					<top>32</top>
					<width>1316</width>
					<height>720</height>
					<pagecontrol>60</pagecontrol>
					<onleft>9000</onleft>
					<onright>60</onright>
					<onup>9001</onup>
					<ondown>9001</ondown>
					<visible>Container(9000).HasFocus(1)</visible>
					<control type="button" id="100">
						<width>1316</width>
						<height>90</height>
						<textoffsetx>30</textoffsetx>
						<font>font15</font>
						<label>31911</label>
						<onclick>ActivateWindow(1121)</onclick>
					</control>
					<control type="radiobutton" id="116">
						<width>1316</width>
						<height>90</height>
						<textoffsetx>30</textoffsetx>
						<font>font15</font>
						<label>31251</label>
						<onclick>Skin.ToggleSetting(melodyHome)</onclick>
						<selected>Skin.HasSetting(melodyHome)</selected>
					</control>
					<control type="button" id="297">
						<width>1316</width>
						<height>90</height>
						<textoffsetx>30</textoffsetx>
						<font>font15</font>
						<label>--$LOCALIZE[31253]</label>
						<visible>!Skin.HasSetting(melodyHome)</visible>
						<label2>[COLOR themecolor]$INFO[Skin.String(melodyPlaylist)][/COLOR]</label2>
						<onclick>Skin.SetFile(melodyPlaylist,.m3u)</onclick>
					</control>
					<control type="button" id="298">
						<width>1316</width>
						<height>90</height>
						<textoffsetx>30</textoffsetx>
						<font>font15</font>
						<label>---$LOCALIZE[31254]</label>
						<visible>!Skin.HasSetting(melodyHome) + Skin.String(melodyPlaylist)</visible>
						<onclick>Skin.Reset(melodyPlaylist)</onclick>
					</control>
					<control type="radiobutton" id="102">
						<width>1316</width>
						<height>90</height>
						<textoffsetx>30</textoffsetx>
						<font>font15</font>
						<label>20083</label>
						<onclick>Skin.ToggleSetting(Disable.Musicinfo)</onclick>
						<selected>!Skin.HasSetting(Disable.Musicinfo)</selected>
					</control>
					<control type="radiobutton" id="103">
						<width>1316</width>
						<height>90</height>
						<textoffsetx>30</textoffsetx>
						<font>font15</font>
						<label>20176</label>
						<onclick>Skin.ToggleSetting(Disable.Videoinfo)</onclick>
						<selected>!Skin.HasSetting(Disable.Videoinfo)</selected>
					</control>
					<control type="radiobutton" id="105">
						<width>1316</width>
						<height>90</height>
						<textoffsetx>30</textoffsetx>
						<font>font15</font>
						<label>$LOCALIZE[31160]</label>
						<onclick>Skin.ToggleSetting(Disable.FanartTitle)</onclick>
						<selected>!Skin.HasSetting(Disable.FanartTitle)</selected>
					</control>
				</control>
				<control type="grouplist" id="9002">
					<description>control area</description>
					<left>522</left>
					<top>32</top>
					<width>1316</width>
					<height>720</height>
					<pagecontrol>60</pagecontrol>
					<onleft>9000</onleft>
					<onright>60</onright>
					<onup>9002</onup>
					<ondown>9002</ondown>
					<visible>Container(9000).HasFocus(2)</visible>
					<control type="radiobutton" id="115">
						<width>1316</width>
						<height>90</height>
						<textoffsetx>30</textoffsetx>
						<font>font15</font>
						<label>31250</label>
						<onclick>Skin.ToggleSetting(musicfullscreen)</onclick>
						<selected>Skin.HasSetting(musicfullscreen)</selected>
					</control>
					<control type="radiobutton" id="199">
						<width>1316</width>
						<height>90</height>
						<textoffsetx>30</textoffsetx>
						<font>font15</font>
						<label>31252</label>
						<onclick>Skin.ToggleSetting(showWidget)</onclick>
						<selected>Skin.HasSetting(showWidget)</selected>
					</control>
					<control type="radiobutton" id="117">
						<width>1316</width>
						<height>90</height>
						<textoffsetx>30</textoffsetx>
						<font>font15</font>
						<label>31180</label>
						<onclick>Skin.ToggleSetting(playTheme)</onclick>
						<selected>Skin.HasSetting(playTheme)</selected>
					</control>
					<control type="radiobutton" id="118">
						<width>1316</width>
						<height>90</height>
						<textoffsetx>30</textoffsetx>
						<font>font15</font>
						<label>31224</label>
						<onclick>Skin.ToggleSetting(animatedposters)</onclick>
						<selected>Skin.HasSetting(animatedposters)</selected>
					</control>
					<control type="radiobutton" id="200">
						<width>1316</width>
						<height>90</height>
						<textoffsetx>30</textoffsetx>
						<font>font15</font>
						<label>20189</label>
						<onclick>Skin.ToggleSetting(Enable.AutoScroll)</onclick>
						<selected>Skin.HasSetting(Enable.AutoScroll)</selected>
					</control>
					<control type="radiobutton" id="203">
						<width>1316</width>
						<height>90</height>
						<textoffsetx>30</textoffsetx>
						<font>font15</font>
						<label>$LOCALIZE[31170]</label>
						<onclick>Skin.ToggleSetting(Disable.Netflix.Pause)</onclick>
						<selected>!Skin.HasSetting(Disable.Netflix.Pause)</selected>
					</control>
				</control>
				<control type="grouplist" id="9003">
					<description>control area</description>
					<left>522</left>
					<top>32</top>
					<width>1316</width>
					<height>720</height>
					<pagecontrol>60</pagecontrol>
					<onleft>9000</onleft>
					<onright>60</onright>
					<onup>9003</onup>
					<ondown>9003</ondown>
					<visible>Container(9000).HasFocus(3)</visible>
					<control type="radiobutton" id="305">
						<width>1316</width>
						<height>90</height>
						<textoffsetx>30</textoffsetx>
						<font>font15</font>
						<label>31083</label>
						<onclick>Skin.ToggleSetting(Disable.NextAired)</onclick>
						<selected>!Skin.HasSetting(Disable.NextAired)</selected>
						<visible>System.HasAddon(script.tv.show.next.aired)</visible>
					</control>
					<control type="radiobutton" id="307">
						<width>1316</width>
						<height>90</height>
						<textoffsetx>30</textoffsetx>
						<font>font15</font>
						<label>31083</label>
						<onclick>InstallAddon(script.tv.show.next.aired)</onclick>
						<selected>false</selected>
						<visible>!System.HasAddon(script.tv.show.next.aired)</visible>
					</control>
					<control type="radiobutton" id="304">
						<width>1316</width>
						<height>90</height>
						<textoffsetx>30</textoffsetx>
						<font>font15</font>
						<label>$LOCALIZE[31121]</label>
						<onclick condition="System.HasAddon(plugin.program.autocompletion)">Skin.ToggleSetting(Disable.Autocomplete)</onclick>
						<onclick condition="!System.HasAddon(plugin.program.autocompletion)">InstallAddon(plugin.program.autocompletion)</onclick>
						<selected>Skin.HasSetting(Disable.Autocomplete) | !System.HasAddon(plugin.program.autocompletion)</selected>
						<visible>System.HasAddon(plugin.program.autocompletion)</visible>
					</control>
					<control type="button" id="300">
						<width>1316</width>
						<height>90</height>
						<textoffsetx>30</textoffsetx>
						<font>font15</font>
						<label>31015</label>
						<label2>[COLOR labelheader]$INFO[Skin.String(VideoGenreFanartPath)][/COLOR]</label2>
						<onclick>Skin.SetPath(VideoGenreFanartPath)</onclick>
					</control>
					<control type="button" id="302">
						<width>1316</width>
						<height>90</height>
						<textoffsetx>30</textoffsetx>
						<font>font15</font>
						<label>- $LOCALIZE[13007]</label>
						<onclick>Skin.Reset(VideoGenreFanartPath)</onclick>
						<visible>!String.IsEmpty(Skin.String(VideoGenreFanartPath))</visible>
					</control>
					<control type="button" id="301">
						<width>1316</width>
						<height>90</height>
						<textoffsetx>30</textoffsetx>
						<font>font15</font>
						<label>31017</label>
						<label2>[COLOR labelheader]$INFO[Skin.String(MusicGenreFanartPath)][/COLOR]</label2>
						<onclick>Skin.SetPath(MusicGenreFanartPath)</onclick>
					</control>
					<control type="button" id="303">
						<width>1316</width>
						<height>90</height>
						<textoffsetx>30</textoffsetx>
						<font>font15</font>
						<label>- $LOCALIZE[13007]</label>
						<onclick>Skin.Reset(MusicGenreFanartPath)</onclick>
						<visible>!String.IsEmpty(Skin.String(MusicGenreFanartPath))</visible>
					</control>
				</control>
				<control type="grouplist" id="9004">
					<description>control area</description>
					<left>522</left>
					<top>32</top>
					<width>1316</width>
					<height>720</height>
					<pagecontrol>60</pagecontrol>
					<onleft>9000</onleft>
					<onright>60</onright>
					<onup>9004</onup>
					<ondown>9004</ondown>
					<visible>Container(9000).HasFocus(4)</visible>
					<control type="button" id="401">
						<width>1316</width>
						<height>90</height>
						<textoffsetx>30</textoffsetx>
						<font>font15</font>
						<label>31939</label>
						<label2>[COLOR themecolor]$VAR[InfoPanelDelayLocalizeVar][/COLOR]</label2>
						<onclick>$VAR[InfoPanelDelayOnClickVar]</onclick>
					</control>
					<control type="radiobutton" id="402">
						<width>1316</width>
						<height>90</height>
						<textoffsetx>30</textoffsetx>
						<font>font15</font>
						<label>31941</label>
						<onclick>Skin.ToggleSetting(KioskMode.Enabled)</onclick>
						<selected>Skin.HasSetting(KioskMode.Enabled)</selected>
						</control>
					<control type="button" id="403">
						<width>1316</width>
						<height>90</height>
						<textoffsetx>30</textoffsetx>
						<font>font15</font>
						<label>31915</label>
						<label2>[COLOR themecolor]$VAR[HorizontalListNavVar][/COLOR]</label2>
						<onclick>Skin.ToggleSetting(HorizontalListNav)</onclick>
						</control>
					<control type="button" id="404">
						<width>1316</width>
						<height>90</height>
						<textoffsetx>30</textoffsetx>
						<font>font15</font>
						<label>31943</label>
						<onclick>ActivateWindow(1127)</onclick>
					</control>
					<control type="button" id="405">
						<width>1316</width>
						<height>90</height>
						<textoffsetx>30</textoffsetx>
						<font>font15</font>
						<label>31094</label>
						<label2>[COLOR themecolor]$VAR[SlimListSettingVar][/COLOR]</label2>
						<onclick>Skin.ToggleSetting(Enable.SlimList)</onclick>
					</control>
					<control type="radiobutton" id="406">
						<width>1316</width>
						<height>90</height>
						<textoffsetx>30</textoffsetx>
						<font>font15</font>
						<label>31961</label>
						<onclick>Skin.ToggleSetting(Enable.HideRatings)</onclick>
						<selected>Skin.HasSetting(Enable.HideRatings)</selected>
					</control>
				</control>
			</control>
		</control>
	</controls>
</window>