<includes>
	<!--##################################################################################   VISTA Fanart3D - ID 593   ##################################################################################-->
	<include name="ViewFanart3D">
		<control type="group">
			<visible>Control.IsVisible(593)</visible>
			<animation effect="rotatey" center="auto" start="7" end="7" time="0" condition="true">Conditional</animation>
			<left>-10</left>
			<top>25</top>
		</control>
		<control type="wraplist" id="593">
			<viewtype label="Fanart3D">bigwrap</viewtype>
			<left>-80</left>
			<top>-170</top>
			<width>2000</width>
			<height>1325</height>
			<onup>SetProperty(MediaMenu,True,home)</onup>
			<onup>SetFocus(9050)</onup>
			<onleft>593</onleft>
			<onright>593</onright>
			<ondown condition="!Container.Content(seasons) + !Container.Content(episodes) + [String.Contains(Container.SortMethod,$LOCALIZE[369]) | String.Contains(Container.SortMethod,$LOCALIZE[557])]">5929</ondown>
			<focusposition>0</focusposition>
			<orientation>horizontal</orientation>
			<scrolltime tween="quadratic" easing="out">750</scrolltime>
			<animation effect="rotatey" center="auto" start="7" end="7" time="0" condition="true">Conditional</animation>
			<visible>Container.Content(movies) | Container.Content(sets) | Container.Content(tvshows) | Container.Content(artists)</visible>
			<itemlayout width="1910" height="1325">
				<control type="image">
					<width>1920</width>
					<height>1325</height>
					<texture diffuse="tajo/mask_cover3.png" background="true">$INFO[ListItem.Art(fanart)]</texture>
					<aspectratio align="center" aligny="center">scale</aspectratio>
				</control>
				<control type="image">
					<animation effect="fade" end="70" condition="true">Conditional</animation>
					<top>457</top>
					<width>1920</width>
					<height>870</height>
					<texture>tajo/shadow_mask.png</texture>
					<colordiffuse>black</colordiffuse>
				</control>
				<control type="group">
					<top>900</top>
					<left>60</left>
					<control type="label">
						<top>5</top>
						<left>59</left>
						<align>left</align>
						<width>1800</width>
						<height>60</height>
						<font>titlefanart</font>
						<label>$VAR[value_videotitle]</label>
						<textcolor>black</textcolor>
						<scroll>true</scroll>
						<scrollsuffix> - </scrollsuffix>
					</control>
					<control type="label">
						<top>4</top>
						<left>59</left>
						<align>left</align>
						<width>1800</width>
						<height>60</height>
						<font>titlefanart</font>
						<label>$VAR[value_videotitle]</label>
						<textcolor>black</textcolor>
						<scroll>true</scroll>
						<scrollsuffix> - </scrollsuffix>
					</control>
					<control type="label">
						<top>5</top>
						<left>60</left>
						<align>left</align>
						<width>1800</width>
						<height>60</height>
						<font>titlefanart</font>
						<label>$VAR[value_videotitle]</label>
						<textcolor>white</textcolor>
						<shadowcolor>black</shadowcolor>
						<scroll>true</scroll>
						<scrollsuffix> - </scrollsuffix>
					</control>
					<control type="label">
						<visible>!ListItem.IsCollection + Container.Content(movies)</visible>
						<left>63</left>
						<top>83</top>
						<width>1800</width>
						<height>38</height>
						<align>left</align>
						<aligny>center</aligny>
						<font>font13_bold</font>
						<textcolor>themecolor</textcolor>
						<label>$VAR[value_ground17_value]  [COLOR=FFFFFAF0] | [/COLOR]  $VAR[value_ground16_value]  [COLOR=FFFFFAF0] | [/COLOR]  $INFO[ListItem.Rating]  [COLOR=FFFFFAF0] | [/COLOR]  $VAR[value_ground12_value]</label>
					</control>
					<control type="label">
						<visible>Container.Content(artists)</visible>
						<left>63</left>
						<top>83</top>
						<width>1800</width>
						<height>38</height>
						<align>left</align>
						<aligny>center</aligny>
						<font>font13_bold</font>
						<textcolor>themecolor</textcolor>
						<label>$VAR[value_ground12_value]</label>
					</control>
					<control type="label">
						<visible>Container.Content(tvshows)</visible>
						<left>63</left>
						<top>83</top>
						<width>1800</width>
						<height>38</height>
						<align>left</align>
						<aligny>center</aligny>
						<font>font13_bold</font>
						<textcolor>themecolor</textcolor>
						<label>$LOCALIZE[33054]: $INFO[ListItem.Property(TotalSeasons)]  [COLOR=FFFFFAF0]  | [/COLOR]  $VAR[value_ground12_value]</label>
					</control>
					<control type="textbox">
						<visible>!ListItem.IsCollection</visible>
						<left>66</left>
						<top>125</top>
						<width>1450</width>
						<height>148</height>
						<align>justify</align>
						<font>font13_bold</font>
						<label>$VAR[value_plot]</label>
						<textcolor>white</textcolor>
						<autoscroll delay="8000" time="2000" repeat="8000">!Skin.HasSetting(noallowscroll)</autoscroll>
					</control>
					<control type="textbox">
						<visible>Container.Content(artists)</visible>
						<left>66</left>
						<top>125</top>
						<width>1450</width>
						<height>148</height>
						<align>justify</align>
						<font>font13_bold</font>
						<label>$INFO[ListItem.Property(Artist_Description)]</label>
						<textcolor>white</textcolor>
						<autoscroll delay="8000" time="2000" repeat="8000">!Skin.HasSetting(noallowscroll)</autoscroll>
					</control>
				</control>
			</itemlayout>
			<focusedlayout width="1910" height="1325">
				<control type="image">
					<width>2000</width>
					<height>1325</height>
					<texture diffuse="tajo/mask_cover3.png" background="true">$INFO[ListItem.Art(fanart)]</texture>
					<aspectratio align="center" aligny="center">scale</aspectratio>
				</control>
				<control type="image">
					<animation effect="fade" end="70" condition="true">Conditional</animation>
					<top>458</top>
					<width>2000</width>
					<height>870</height>
					<texture>tajo/shadow_mask.png</texture>
					<colordiffuse>black</colordiffuse>
				</control>
				<control type="image">
				<animation effect="fade" delay="900" start="0" end="100" time="500">Focus</animation>
					<top>222</top>
					<left>1893</left>
					<width>75</width>
					<height>75</height>
					<texture colordiffuse="DDff0303">$VAR[watched_style]</texture>
					<visible>String.IsEqual(ListItem.Overlay,OverlayWatched.png)</visible>
					<bordersize>1</bordersize>
				</control>
				<control type="group">
					<top>900</top>
					<left>60</left>
					<control type="label">
						<top>5</top>
						<left>59</left>
						<align>left</align>
						<width>1800</width>
						<height>60</height>
						<font>titlefanart</font>
						<label>$VAR[value_videotitle]</label>
						<textcolor>black</textcolor>
						<scroll>true</scroll>
						<scrollsuffix> - </scrollsuffix>
					</control>
					<control type="label">
						<top>4</top>
						<left>59</left>
						<align>left</align>
						<width>1800</width>
						<height>60</height>
						<font>titlefanart</font>
						<label>$VAR[value_videotitle]</label>
						<textcolor>black</textcolor>
						<scroll>true</scroll>
						<scrollsuffix> - </scrollsuffix>
					</control>
					<control type="label">
						<top>5</top>
						<left>60</left>
						<align>left</align>
						<width>1800</width>
						<height>60</height>
						<font>titlefanart</font>
						<label>$VAR[value_videotitle]</label>
						<textcolor>white</textcolor>
						<shadowcolor>black</shadowcolor>
						<scroll>true</scroll>
						<scrollsuffix> - </scrollsuffix>
					</control>
					<control type="label">
						<visible>!ListItem.IsCollection + Container.Content(movies)</visible>
						<left>63</left>
						<top>83</top>
						<width>1800</width>
						<height>38</height>
						<align>left</align>
						<aligny>center</aligny>
						<font>font13_bold</font>
						<textcolor>themecolor</textcolor>
						<label>$VAR[value_ground17_value]  [COLOR=FFFFFAF0] | [/COLOR]  $VAR[value_ground16_value]  [COLOR=FFFFFAF0] | [/COLOR]  $INFO[ListItem.Rating]  [COLOR=FFFFFAF0] | [/COLOR]  $VAR[value_ground12_value]</label>
					</control>
					<control type="label">
						<visible>Container.Content(artists)</visible>
						<left>63</left>
						<top>83</top>
						<width>1800</width>
						<height>38</height>
						<align>left</align>
						<aligny>center</aligny>
						<font>font13_bold</font>
						<textcolor>themecolor</textcolor>
						<label>$VAR[value_ground12_value]</label>
					</control>
					<control type="label">
						<visible>Container.Content(tvshows)</visible>
						<left>63</left>
						<top>83</top>
						<width>1800</width>
						<height>38</height>
						<align>left</align>
						<aligny>center</aligny>
						<font>font13_bold</font>
						<textcolor>themecolor</textcolor>
						<label>$LOCALIZE[33054]: $INFO[ListItem.Property(TotalSeasons)]  [COLOR=FFFFFAF0] | [/COLOR]  $VAR[value_ground14_label]: $VAR[value_ground14_value][COLOR=FFFFFAF0]   | [/COLOR]  $VAR[value_ground12_value]</label>
					</control>
					<control type="textbox">
						<visible>!ListItem.IsCollection</visible>
						<left>66</left>
						<top>125</top>
						<width>1450</width>
						<height>148</height>
						<align>justify</align>
						<font>font13_bold</font>
						<label>$VAR[value_plot]</label>
						<textcolor>white</textcolor>
						<autoscroll delay="8000" time="2000" repeat="8000">!Skin.HasSetting(noallowscroll)</autoscroll>
					</control>
					<control type="textbox">
						<visible>Container.Content(artists)</visible>
						<left>66</left>
						<top>125</top>
						<width>1450</width>
						<height>148</height>
						<align>justify</align>
						<font>font13_bold</font>
						<label>$INFO[ListItem.Property(Artist_Description)]</label>
						<textcolor>white</textcolor>
						<autoscroll delay="8000" time="2000" repeat="8000">!Skin.HasSetting(noallowscroll)</autoscroll>
					</control>
				<control type="image">
					<left>1575</left>
					<top>115</top>
					<width>250</width>
					<height>150</height>
					<visible>String.IsEmpty(ListItem.Art(clearart))</visible>
					<texture background="true">$INFO[ListItem.Art(clearlogo)]</texture>
					<aspectratio>keep</aspectratio>
				</control>
				<control type="image">
					<left>1575</left>
					<top>115</top>
					<width>250</width>
					<height>150</height>
					<aspectratio>keep</aspectratio>
					<fadetime>650</fadetime>
					<visible>!String.IsEmpty(ListItem.Art(clearart))</visible>
					<texture background="true">$INFO[ListItem.Art(clearart)]</texture>
				</control>
				</control>
			</focusedlayout>
		</control>
		<control type="group">
			<visible>Control.IsVisible(593) + ListItem.IsCollection</visible>
			<animation effect="rotatey" center="auto" start="8" end="8" time="0" condition="true">Conditional</animation>
			<animation effect="fade" delay="0" start="0" end="100" time="200" condition="System.IdleTime(1)">Conditional</animation>
			<left>30</left>
			<top>55</top>
			<control type="label">
				<top>755</top>
				<width>1500</width>
				<height>45</height>
				<font>font13_bold</font>
				<align>left</align>
				<aligny>center</aligny>
				<textcolor>FFFFFFFF</textcolor>
				<selectedcolor>FFFFFFFF</selectedcolor>
				<shadowcolor>black</shadowcolor>
				<label>[COLOR=themecolor]$INFO[Container(5993).ListItemAbsolute(0).Genre][/COLOR]  |  [COLOR=themecolor][B]$INFO[Container(5993).NumItems] $LOCALIZE[342][/COLOR][/B]</label>
			</control>
			<control type="list" id="5993">
				<scrolltime tween="sine" easing="out">2200</scrolltime>
				<autoscroll>true</autoscroll>
				<left>1</left>
				<top>800</top>
				<height>172</height>
				<width>1500</width>
				<itemlayout height="34">
					<control type="label">
						<left>0</left>
						<top>0</top>
						<height>34</height>
						<width>1500</width>
						<align>left</align>
						<scroll>false</scroll>
						<font>font13_bold</font>
						<textcolor>FFFFFFFF</textcolor>
						<selectedcolor>FFFFFFFF</selectedcolor>
						<label>- $INFO[ListItem.Label] ($INFO[ListItem.Year])</label>
					</control>
				</itemlayout>
				<focusedlayout height="34">
					<control type="label">
						<left>0</left>
						<top>0</top>
						<height>34</height>
						<width>1500</width>
						<align>left</align>
						<scroll>false</scroll>
						<font>font13_bold</font>
						<textcolor>FFFFFFFF</textcolor>
						<selectedcolor>FFFFFFFF</selectedcolor>
						<label>- $INFO[ListItem.Label] ($INFO[ListItem.Year])</label>
					</control>
				</focusedlayout>
				<content sortby="year" sortorder="ascending">$INFO[ListItem.FolderPath]</content>
			</control>
		</control>
			<control type="group">
			<visible>Control.IsVisible(593)</visible>
			<top>-780</top>
			<left>110</left>
			<animation effect="fade" start="100" end="0" time="300" condition="!System.IdleTime(3)">Conditional</animation>
			<animation effect="fade" start="0" end="100" time="500" condition="System.IdleTime(3)">Conditional</animation>
			<control type="label">
				<align>center</align>
				<left>-85</left>
				<top>799</top>
				<width>105</width>
				<height>40</height>
				<textcolor>FFFFFAF0</textcolor>
				<shadowcolor>black</shadowcolor>
				<font>Font_plot3</font>
				<label>$INFO[System.Time(hh:mm)]</label>
			</control>
			<control type="label">
				<align>right</align>
				<left>-8</left>
				<top>798</top>
				<width>100</width>
				<height>40</height>
				<textcolor>themecolor</textcolor>
				<shadowcolor>black</shadowcolor>
				<font>Font_plot</font>
				<label>$INFO[Container.CurrentItem]</label>
			</control>
			<control type="label">
				<align>left</align>
				<left>100</left>
				<top>798</top>
				<width>150</width>
				<height>40</height>
				<textcolor>FFFFFAF0</textcolor>
				<shadowcolor>black</shadowcolor>
				<font>Font_plot</font>
				<label>/ $INFO[Container.NumItems]</label>
			</control>
		</control>
	</include>
</includes>
