<?xml version="1.0" encoding="UTF-8" standalone="yes"?>
<addon id="plugin.program.t2kpair" name="T2K Pair" version="1.0.1" provider-name="T2K">
    <requires>
        <import addon="xbmc.python" version="2.24.0"/>
        <import addon="script.module.tulip" version="2.3.0"/>
    </requires>
    <extension point="xbmc.python.pluginsource" library="addon.py">
        <provides>executable</provides>
    </extension>
    <extension point="xbmc.addon.metadata">
        <platform>all</platform>
        <summary lang="en_GB">T2K Pair</summary>
        <description lang="en_GB"></description>
    </extension>
</addon>
