<addon id="skin.aeon.tajokrypt" name="Aeon Tajo T2K Krypton Mod" provider-name="manfeed" version="1.2.5">
	<requires>
		<import addon="xbmc.gui" version="5.12.0" />
		<import addon="script.grab.fanart" version="0.12.8" />
		<import addon="script.skinshortcuts" version="0.4.5" />
		<import addon="service.library.data.provider" version="0.0.7" />
		<import addon="resource.images.studios.white" version="0.0.1" />
		<import addon="resource.images.recordlabels.white" version="0.0.1" />
		<import addon="script.check.theme" version="0.0.1" />
	</requires>
	<extension debugging="false" effectslowdown="0.75" point="xbmc.gui.skin">
		<res aspect="16:9" default="true" folder="1080i" height="1080" width="1920" />
	</extension>
	<extension point="xbmc.addon.metadata">
		<summary lang="en_GB">Aeon Tajo T2K Krypton Mod</summary>
		<summary lang="en_AU">Aeon Tajo T2K Krypton Mod</summary>
		<summary lang="en_NZ">Aeon Tajo T2K Krypton Mod</summary>
		<summary lang="en_US">Aeon Tajo T2K Krypton Mod</summary>
		<summary lang="es_ES">Aeon Tajo T2K Krypton Mod</summary>
		<description lang="en_GB">Aeon Tajo T2K Krypton Mod: Changes everything so that nothing changes. Inspired on Aeon Nox 5 (thanks to BigNoid).</description>
		<description lang="en_AU">Aeon Tajo T2K Krypton Mod: Changes everything so that nothing changes. Inspired on Aeon Nox 5 (thanks to BigNoid).</description>
		<description lang="en_NZ">Aeon Tajo T2K Krypton Mod: Changes everything so that nothing changes. Inspired on Aeon Nox 5 (thanks to BigNoid).</description>
		<description lang="en_US">Aeon Tajo T2K Krypton Mod: Changes everything so that nothing changes. Inspired on Aeon Nox 5 (thanks to BigNoid).</description>
		<description lang="es_ES">Aeon Tajo T2K Krypton Mod: Cambia todo para que nada cambie. Inspirado en Aeon Nox 5 (gracias a BigNoid).</description>
		<disclaimer lang="en_GB">Mouse control is supported, althoug not recommended. It may not work correctly in all cases.</disclaimer>
		<disclaimer lang="en_AU">Mouse control is supported, althoug not recommended. It may not work correctly in all cases.</disclaimer>
		<disclaimer lang="en_NZ">Mouse control is supported, althoug not recommended. It may not work correctly in all cases.</disclaimer>
		<disclaimer lang="es_ES">Control con el ratón no recomendado. Puede no funcionar bien en algunos casos.</disclaimer>
		<platform>all</platform>
		<license>CC BY-NC-SA 4.0</license>
		<forum />
		<website>https://github.com/manfeed/skin.aeon.tajokryptkrypt</website>
		<email />
		<source>https://github.com/manfeed/skin.aeon.tajokryptkrypt</source>
		<news>Updated for Kodi v18 Leia and v17.6 Krypton</news>
		<assets>
			<icon>resources/icon.png</icon>
			<fanart>resources/fanart.jpg</fanart>
			<screenshot>resources/screenshot-01.jpg</screenshot>
			<screenshot>resources/screenshot-02.jpg</screenshot>
			<screenshot>resources/screenshot-03.jpg</screenshot>
			<screenshot>resources/screenshot-04.jpg</screenshot>
			<screenshot>resources/screenshot-05.jpg</screenshot>
			<screenshot>resources/screenshot-06.jpg</screenshot>
			<screenshot>resources/screenshot-07.jpg</screenshot>
			<screenshot>resources/screenshot-08.jpg</screenshot>
			<screenshot>resources/screenshot-09.jpg</screenshot>
		</assets>
	</extension>
</addon>