<?xml version="1.0" encoding="UTF-8" standalone="yes"?>
<addon id="plugin.video.TBMV2" name="TBMV2" version="5" provider-name="A Broke MALLU">
  <requires>
    <import addon="xbmc.python" version="2.1.0"/>
    <import addon="script.module.pyamf" />
    <import addon="script.module.livestreamer" />
    <import addon="script.module.requests" />
    <import addon="script.module.routing" />
  </requires>
  <extension point="xbmc.python.pluginsource" library="addon.py">
    <provides>video</provides>
  </extension>
  <extension point="xbmc.addon.metadata">
    <summary lang="en_gb">FREE STABLE LIVE TV</summary>
    <description lang="en_gb">You said our content was 95%-99% working. That's not good enough for us, so we made this. If you need a One Click Play Movie addon give us demand!
	</description>
    <disclaimer lang="en_gb"></disclaimer>
	<assets>
	    <icon>icon.png</icon>
		<fanart>fanart.jpg</fanart>
		<screenshot>resources/images/1.png</screenshot>
		<screenshot>resources/images/2.png</screenshot>
		<screenshot>resources/images/3.png</screenshot>
	</assets>
    <language></language>
    <platform>all</platform>
    <license></license>
    <forum></forum>
    <website></website>
    <email></email>
    <source></source>
  </extension>
</addon>
